Date,open,high,low,close,adj close,volume
2000-01-04,69.64903259277344,69.64903259277344,68.47518157958984,69.64903259277344,34.84465789794922,200662336736
2000-01-05,69.64903259277344,71.21404266357422,68.86634063720703,71.21404266357422,35.62761306762695,402466805912
2000-01-06,70.82288360595703,71.21404266357422,69.64903259277344,69.64903259277344,34.84465789794922,197545715802
2000-01-07,67.30133056640625,68.47518157958984,66.51863861083984,67.69248962402344,33.86581039428711,235270344752
2000-01-10,69.64903259277344,70.43135070800781,68.47518157958984,70.04019165039062,35.04035186767578,276171685539
2000-01-11,70.82288360595703,71.6052017211914,68.47518157958984,68.86634063720703,34.45308303833008,277769544650
2000-01-12,69.25749969482422,70.82288360595703,68.86634063720703,70.82288360595703,35.43192672729492,216246806621
2000-01-13,70.82288360595703,70.82288360595703,69.64903259277344,69.64903259277344,34.84465789794922,147490954216
2000-01-14,70.43135070800781,72.38789367675781,70.04019165039062,71.21404266357422,35.62761306762695,288318964353
2000-01-17,74.34442901611328,74.34442901611328,73.17057800292969,73.17057800292969,36.606441497802734,155256940719
2000-01-18,73.17057800292969,73.17057800292969,71.6052017211914,71.99673461914062,36.01919174194336,131648031590
2000-01-19,71.99673461914062,73.17057800292969,71.6052017211914,71.99673461914062,36.01919174194336,134848688061
2000-01-20,71.99673461914062,71.99673461914062,70.82288360595703,71.21404266357422,35.62761306762695,125758120596
2000-01-21,71.21404266357422,72.77904510498047,71.21404266357422,72.77904510498047,36.41056823730469,113397441219
2000-01-24,73.56173706054688,74.73558807373047,73.17057800292969,73.56173706054688,36.802146911621094,175113122879
2000-01-25,75.51828002929688,75.51828002929688,74.34442901611328,75.51828002929688,37.78098678588867,223692148326
2000-01-26,77.86598205566406,80.6048355102539,77.86598205566406,80.6048355102539,40.32572937011719,357880999032
2000-01-27,81.38752746582031,82.5613784790039,79.82251739501953,81.38752746582031,40.71730041503906,287927232252
2000-01-28,78.6482925415039,79.82251739501953,78.6482925415039,79.82251739501953,39.93434143066406,197904810671
2000-01-31,77.47444915771484,79.82251739501953,77.08329010009766,79.43098449707031,39.738468170166016,168059342623
2000-02-01,80.21367645263672,80.21367645263672,78.6482925415039,79.03982543945312,39.54276657104492,153081850577
2000-02-02,79.03982543945312,79.03982543945312,79.03982543945312,79.03982543945312,39.54276657104492,0
2000-02-03,79.03982543945312,79.03982543945312,79.03982543945312,79.03982543945312,39.54276657104492,0
2000-02-04,79.03982543945312,79.03982543945312,79.03982543945312,79.03982543945312,39.54276657104492,0
2000-02-07,79.03982543945312,79.03982543945312,79.03982543945312,79.03982543945312,39.54276657104492,0
2000-02-08,79.03982543945312,79.03982543945312,79.03982543945312,79.03982543945312,39.54276657104492,0
2000-02-09,83.7352294921875,83.7352294921875,80.99636840820312,82.5613784790039,41.304569244384766,252580321587
2000-02-10,81.7786865234375,84.12638854980469,80.99636840820312,83.7352294921875,41.89183044433594,177540543615
2000-02-11,84.9090805053711,86.86561584472656,84.12638854980469,85.6917724609375,42.870670318603516,215027859365
2000-02-14,85.30023193359375,85.30023193359375,83.7352294921875,83.7352294921875,41.89183044433594,140301270822
2000-02-15,83.7352294921875,84.9090805053711,82.9525375366211,84.12638854980469,42.087528228759766,105105248690
2000-02-16,84.12638854980469,84.51754760742188,83.34407043457031,83.34407043457031,41.69613265991211,79352313450
2000-02-17,82.5613784790039,83.34407043457031,82.17021942138672,82.5613784790039,41.304569244384766,116400258474
2000-02-18,82.9525375366211,83.7352294921875,80.99636840820312,81.38752746582031,40.71730041503906,121805090619
2000-02-21,79.43098449707031,79.43098449707031,76.30059814453125,76.30059814453125,38.17237091064453,153903007581
2000-02-22,75.12674713134766,77.47444915771484,74.34442901611328,76.30059814453125,38.17237091064453,168143612807
2000-02-23,76.30059814453125,76.30059814453125,75.51828002929688,75.90943908691406,37.97666549682617,73892584628
2000-02-24,76.30059814453125,77.08329010009766,75.90943908691406,76.30059814453125,38.17237091064453,83371097848
2000-02-25,76.30059814453125,78.25714111328125,76.30059814453125,77.86598205566406,38.95550537109375,165796729239
2000-02-28,77.86598205566406,77.86598205566406,77.86598205566406,77.86598205566406,38.95550537109375,0
2000-02-29,78.25714111328125,79.43098449707031,78.25714111328125,78.6482925415039,39.346893310546875,98749286567
2000-03-01,80.21367645263672,80.6048355102539,79.82251739501953,80.6048355102539,40.32572937011719,90504908649
2000-03-02,80.99636840820312,81.38752746582031,79.43098449707031,79.43098449707031,39.738468170166016,68745687934
2000-03-03,79.03982543945312,79.82251739501953,79.03982543945312,79.43098449707031,39.738468170166016,58129351241
2000-03-06,79.82251739501953,80.21367645263672,77.86598205566406,78.25714111328125,39.151187896728516,72312707991
2000-03-07,77.47444915771484,78.6482925415039,77.08329010009766,77.86598205566406,38.95550537109375,83737461434
2000-03-08,77.47444915771484,77.86598205566406,76.69213104248047,77.47444915771484,38.7596321105957,64819045052
2000-03-09,77.47444915771484,78.25714111328125,77.47444915771484,78.25714111328125,39.151187896728516,71897783191
2000-03-10,78.6482925415039,79.03982543945312,75.90943908691406,76.30059814453125,38.17237091064453,99978344966
2000-03-13,74.34442901611328,74.34442901611328,71.21404266357422,71.21404266357422,35.62761306762695,232179364310
2000-03-14,71.21404266357422,73.17057800292969,70.43135070800781,72.77904510498047,36.41056823730469,145477589021
2000-03-15,72.38789367675781,73.56173706054688,71.21404266357422,71.6052017211914,35.82331085205078,154204016711
2000-03-16,70.04019165039062,72.77904510498047,67.30133056640625,71.99673461914062,36.01919174194336,233438180185
2000-03-17,72.38789367675781,74.34442901611328,71.6052017211914,74.34442901611328,37.1937141418457,267728113852
2000-03-20,71.99673461914062,71.99673461914062,71.99673461914062,71.99673461914062,36.01919174194336,21190095663
2000-03-21,69.64903259277344,76.69213104248047,69.64903259277344,76.30059814453125,38.17237091064453,447638099122
2000-03-22,75.12674713134766,77.47444915771484,73.95289611816406,75.12674713134766,37.58509826660156,247260900862
2000-03-23,75.90943908691406,79.43098449707031,75.51828002929688,78.6482925415039,39.346893310546875,280164605464
2000-03-24,78.6482925415039,78.6482925415039,76.69213104248047,77.47444915771484,38.7596321105957,189561198505
2000-03-27,78.25714111328125,82.5613784790039,78.25714111328125,82.5613784790039,41.304569244384766,257812048419
2000-03-28,82.9525375366211,83.7352294921875,80.99636840820312,81.7786865234375,40.91299819946289,181779906634
2000-03-29,81.38752746582031,81.38752746582031,79.82251739501953,79.82251739501953,39.93434143066406,105678469394
2000-03-30,79.82251739501953,82.9525375366211,79.82251739501953,81.38752746582031,40.71730041503906,227815979813
2000-03-31,80.99636840820312,82.17021942138672,80.21367645263672,80.21367645263672,40.13003921508789,127027740887
2000-04-03,80.21367645263672,80.21367645263672,80.21367645263672,80.21367645263672,40.13003921508789,0
2000-04-04,80.21367645263672,80.21367645263672,80.21367645263672,80.21367645263672,40.13003921508789,0
2000-04-05,78.6482925415039,82.17021942138672,78.6482925415039,81.38752746582031,40.71730041503906,182695562287
2000-04-06,81.38752746582031,82.5613784790039,79.03982543945312,79.03982543945312,39.54276657104492,145596416273
2000-04-07,79.82251739501953,80.21367645263672,78.25714111328125,78.25714111328125,39.151187896728516,110518474790
2000-04-10,78.6482925415039,83.34407043457031,78.25714111328125,82.17021942138672,41.10887908935547,201610650952
2000-04-11,81.38752746582031,81.38752746582031,80.21367645263672,80.21367645263672,40.13003921508789,117967570843
2000-04-12,79.03982543945312,79.82251739501953,78.25714111328125,78.25714111328125,39.151187896728516,128216408046
2000-04-13,74.34442901611328,75.90943908691406,74.34442901611328,75.12674713134766,37.58509826660156,248891269216
2000-04-14,72.38789367675781,74.34442901611328,72.38789367675781,72.77904510498047,36.41056823730469,239165097006
2000-04-17,68.86634063720703,70.43135070800781,68.47518157958984,70.04019165039062,35.04035186767578,208060407784
2000-04-18,73.95289611816406,73.95289611816406,72.38789367675781,73.95289611816406,36.997833251953125,217523114345
2000-04-19,75.90943908691406,75.90943908691406,71.21404266357422,71.6052017211914,35.82331085205078,145654459349
2000-04-20,71.6052017211914,72.77904510498047,70.43135070800781,72.77904510498047,36.41056823730469,95074579646
2000-04-21,73.17057800292969,73.95289611816406,72.38789367675781,72.77904510498047,36.41056823730469,70356985905
2000-04-24,72.77904510498047,73.17057800292969,70.43135070800781,70.43135070800781,35.236045837402344,80690194617
2000-04-25,70.43135070800781,73.56173706054688,70.43135070800781,73.17057800292969,36.606441497802734,129573988875
2000-04-26,74.73558807373047,75.12674713134766,71.6052017211914,72.38789367675781,36.214881896972656,221065619149
2000-04-27,73.95289611816406,74.34442901611328,72.38789367675781,73.56173706054688,36.802146911621094,105813977898
2000-04-28,74.73558807373047,77.86598205566406,73.95289611816406,77.08329010009766,38.56393814086914,237572314797
2000-05-01,77.08329010009766,77.08329010009766,77.08329010009766,77.08329010009766,38.56393814086914,0
2000-05-02,76.69213104248047,76.69213104248047,75.12674713134766,75.51828002929688,37.78098678588867,84578099452
2000-05-03,74.73558807373047,75.51828002929688,73.56173706054688,73.56173706054688,36.802146911621094,75426358510
2000-05-04,73.56173706054688,75.12674713134766,72.38789367675781,73.17057800292969,36.606441497802734,111779167839
2000-05-05,72.38789367675781,75.90943908691406,71.99673461914062,75.12674713134766,37.58509826660156,110709562579
2000-05-08,74.34442901611328,75.90943908691406,74.34442901611328,75.51828002929688,37.78098678588867,82047327484
2000-05-09,75.51828002929688,75.51828002929688,75.51828002929688,75.51828002929688,37.78098678588867,0
2000-05-10,75.90943908691406,75.90943908691406,73.56173706054688,73.56173706054688,36.802146911621094,93664437942
2000-05-11,71.21404266357422,71.99673461914062,69.25749969482422,70.04019165039062,35.04035186767578,165385745438
2000-05-12,71.21404266357422,72.38789367675781,70.04019165039062,72.38789367675781,36.214881896972656,213521853794
2000-05-15,73.62432861328125,73.62432861328125,70.36869049072266,70.61927032470703,35.3300666809082,134465742550
2000-05-16,72.37237548828125,75.1268539428711,71.11994934082031,74.87627410888672,37.45978927612305,105315890488
2000-05-17,78.13190460205078,79.63443756103516,77.6312255859375,79.63443756103516,39.84025192260742,165332157320
2000-05-18,79.13375091552734,81.63812255859375,78.13190460205078,81.63812255859375,40.842674255371094,124512470273
2000-05-19,80.1355972290039,81.136962890625,79.63443756103516,81.136962890625,40.59194564819336,83311748884
2000-05-22,80.1355972290039,80.63627624511719,79.13375091552734,79.13375091552734,39.58977127075195,106654860230
2000-05-23,79.13375091552734,79.13375091552734,76.12870025634766,76.62937927246094,38.33686065673828,78500882016
2000-05-24,73.62432861328125,75.1268539428711,73.62432861328125,74.3755874633789,37.20930099487305,85726893995
2000-05-25,74.62616729736328,75.1268539428711,72.12179565429688,72.87306213378906,36.457611083984375,96828793828
2000-05-26,72.12179565429688,73.12364196777344,71.6211166381836,72.87306213378906,36.457611083984375,70008419144
2000-05-29,72.87306213378906,74.12500762939453,72.62248229980469,72.87306213378906,36.457611083984375,52122944798
2000-05-30,72.87306213378906,72.87306213378906,72.87306213378906,72.87306213378906,36.457611083984375,0
2000-05-31,78.6325912475586,79.13375091552734,77.13005828857422,78.6325912475586,39.33903503417969,158989878703
2000-06-01,78.13190460205078,78.13190460205078,76.12870025634766,76.62937927246094,38.33686065673828,55122098697
2000-06-02,78.6325912475586,79.63443756103516,77.6312255859375,77.6312255859375,38.83806610107422,101225329179
2000-06-05,78.6325912475586,79.63443756103516,77.6312255859375,79.13375091552734,39.58977127075195,59798968599
2000-06-06,79.13375091552734,79.13375091552734,79.13375091552734,79.13375091552734,39.58977127075195,0
2000-06-07,78.13190460205078,80.63627624511719,77.6312255859375,80.63627624511719,40.34144973754883,81345149055
2000-06-08,80.63627624511719,81.136962890625,78.6325912475586,78.6325912475586,39.33903503417969,70697027392
2000-06-09,79.13375091552734,79.63443756103516,78.13190460205078,79.13375091552734,39.58977127075195,45171655346
2000-06-12,80.1355972290039,80.1355972290039,78.6325912475586,78.6325912475586,39.33903503417969,67123280572
2000-06-13,78.13190460205078,78.13190460205078,77.6312255859375,77.6312255859375,38.83806610107422,48311780619
2000-06-14,79.13375091552734,79.13375091552734,77.13005828857422,77.13005828857422,38.58733367919922,64295991259
2000-06-15,77.13005828857422,77.13005828857422,75.1268539428711,75.1268539428711,37.58515167236328,69274685557
2000-06-16,75.1268539428711,75.62753295898438,74.62616729736328,75.1268539428711,37.58515167236328,75573138725
2000-06-19,74.87627410888672,75.1268539428711,73.37374114990234,74.12500762939453,37.08393859863281,57780102371
2000-06-20,75.62753295898438,75.62753295898438,74.12500762939453,74.3755874633789,37.20930099487305,45751547817
2000-06-21,74.3755874633789,74.62616729736328,73.62432861328125,73.62432861328125,36.833457946777344,37673562283
2000-06-22,73.12364196777344,74.87627410888672,73.12364196777344,74.62616729736328,37.33466720581055,64192016747
2000-06-23,74.12500762939453,74.3755874633789,73.12364196777344,73.12364196777344,36.58296203613281,49329023488
2000-06-26,72.37237548828125,72.62248229980469,70.36869049072266,70.8698501586914,35.455421447753906,95197240574
2000-06-27,71.11994934082031,71.6211166381836,70.8698501586914,70.8698501586914,35.455421447753906,54066359094
2000-06-28,71.37053680419922,72.37237548828125,71.11994934082031,72.12179565429688,36.08175277709961,64997227603
2000-06-29,73.12364196777344,73.12364196777344,71.11994934082031,71.37053680419922,35.705909729003906,77624156393
2000-06-30,71.6211166381836,73.12364196777344,70.8698501586914,73.12364196777344,36.58296203613281,78027855479
2000-07-03,71.6211166381836,73.12364196777344,70.36869049072266,71.8712158203125,35.956390380859375,104447180852
2000-07-04,71.8712158203125,72.12179565429688,70.11859130859375,70.61927032470703,35.3300666809082,73680107655
2000-07-05,71.37053680419922,75.1268539428711,70.11859130859375,74.62616729736328,37.33466720581055,119441525468
2000-07-06,72.62248229980469,73.87490844726562,71.8712158203125,72.62248229980469,36.332244873046875,101119813131
2000-07-07,72.62248229980469,73.12364196777344,71.11994934082031,71.11994934082031,35.58053970336914,56914463307
2000-07-10,71.37053680419922,72.37237548828125,70.11859130859375,71.8712158203125,35.956390380859375,65217525581
2000-07-11,71.6211166381836,72.87306213378906,71.11994934082031,72.12179565429688,36.08175277709961,52507541337
2000-07-12,72.12179565429688,72.37237548828125,71.37053680419922,71.8712158203125,35.956390380859375,40919616069
2000-07-13,72.12179565429688,73.62432861328125,72.12179565429688,72.62248229980469,36.332244873046875,69994503658
2000-07-14,72.62248229980469,73.62432861328125,72.62248229980469,73.12364196777344,36.58296203613281,62976544862
2000-07-17,73.12364196777344,73.62432861328125,71.6211166381836,71.8712158203125,35.956390380859375,50712314469
2000-07-18,71.8712158203125,71.8712158203125,71.11994934082031,71.11994934082031,35.58053970336914,32287023418
2000-07-19,71.8712158203125,71.8712158203125,71.11994934082031,71.11994934082031,35.58053970336914,32287023418
2000-07-20,70.61927032470703,70.61927032470703,67.61421203613281,67.61421203613281,33.82665252685547,115203218360
2000-07-21,67.61421203613281,67.86479949951172,64.10847473144531,65.1098403930664,32.57374954223633,162136495092
2000-07-24,64.35858154296875,64.60916137695312,63.106632232666016,63.357215881347656,31.69693374633789,110822798308
2000-07-25,62.10478973388672,64.10847473144531,62.10478973388672,62.85605239868164,31.446212768554688,93606483860
2000-07-26,63.60731506347656,65.36042022705078,63.60731506347656,65.1098403930664,32.57374954223633,123597006270
2000-07-27,64.35858154296875,64.60916137695312,62.60594940185547,64.60916137695312,32.323265075683594,75383138177
2000-07-28,62.60594940185547,64.8597412109375,62.60594940185547,63.85789489746094,31.94740867614746,112145144460
2000-07-31,63.85789489746094,64.10847473144531,63.106632232666016,63.60731506347656,31.822052001953125,44307028697
2000-08-01,64.35858154296875,64.8597412109375,63.106632232666016,63.106632232666016,31.57155990600586,54874186395
2000-08-02,63.357215881347656,63.85789489746094,62.60594940185547,62.60594940185547,31.321077346801758,39456927657
2000-08-03,62.60594940185547,62.60594940185547,60.60226058959961,61.103424072265625,30.56938934326172,50216489866
2000-08-04,61.35352325439453,64.35858154296875,61.35352325439453,62.85605239868164,31.446212768554688,80865639734
2000-08-07,63.106632232666016,63.106632232666016,61.103424072265625,61.60410690307617,30.819869995117188,88230506600
2000-08-08,61.60410690307617,63.106632232666016,61.103424072265625,62.85605239868164,31.446212768554688,87806300921
2000-08-09,63.357215881347656,65.1098403930664,63.357215881347656,65.1098403930664,32.57374954223633,97692062259
2000-08-10,65.8611068725586,66.61237335205078,65.1098403930664,66.61237335205078,33.32545471191406,102063658059
2000-08-11,66.11168670654297,66.61237335205078,65.61100769042969,65.61100769042969,32.82447814941406,55832817569
2000-08-14,65.61100769042969,65.8611068725586,64.60916137695312,65.1098403930664,32.57374954223633,42591720049
2000-08-15,66.11168670654297,66.11168670654297,64.8597412109375,65.36042022705078,32.69911575317383,53931312217
2000-08-16,65.36042022705078,67.61421203613281,65.36042022705078,67.61421203613281,33.82665252685547,77309224777
2000-08-17,68.61605834960938,69.61742401123047,68.11489868164062,69.11674499511719,34.57836151123047,93825423620
2000-08-18,69.61742401123047,70.36869049072266,69.36732482910156,69.86800384521484,34.95420455932617,86628725821
2000-08-21,69.36732482910156,69.61742401123047,68.86615753173828,69.11674499511719,34.57836151123047,50032384651
2000-08-22,69.11674499511719,69.11674499511719,67.86479949951172,68.61605834960938,34.32786560058594,47266781772
2000-08-23,68.61605834960938,68.61605834960938,68.61605834960938,68.61605834960938,34.32786560058594,0
2000-08-24,69.11674499511719,70.36869049072266,69.11674499511719,69.86800384521484,34.95420455932617,86961297607
2000-08-25,70.11859130859375,70.36869049072266,69.61742401123047,70.36869049072266,35.20469665527344,67969846253
2000-08-28,69.86800384521484,69.86800384521484,68.61605834960938,69.11674499511719,34.57836151123047,41797979053
2000-08-29,69.11674499511719,69.11674499511719,67.11353302001953,68.61605834960938,34.32786560058594,70881336756
2000-08-30,68.11489868164062,69.11674499511719,67.61421203613281,67.61421203613281,33.82665252685547,55343475749
2000-08-31,66.61237335205078,67.61421203613281,66.61237335205078,67.36363220214844,33.701297760009766,59711834325
2000-09-01,67.61421203613281,67.61421203613281,64.8597412109375,65.1098403930664,32.57374954223633,78236371122
2000-09-04,66.61237335205078,66.86295318603516,65.8611068725586,66.86295318603516,33.45082092285156,37302006304
2000-09-05,66.86295318603516,67.36363220214844,66.11168670654297,67.11353302001953,33.576175689697266,44200016942
2000-09-06,66.11168670654297,66.36226654052734,65.1098403930664,65.61100769042969,32.82447814941406,57121754055
2000-09-07,63.357215881347656,64.10847473144531,62.60594940185547,62.85605239868164,31.446212768554688,67406794020
2000-09-08,62.85605239868164,63.357215881347656,62.10478973388672,62.355369567871094,31.195720672607422,53151311722
2000-09-11,61.85468673706055,62.60594940185547,61.85468673706055,62.10478973388672,31.070356369018555,59550218869
2000-09-12,62.10478973388672,62.10478973388672,62.10478973388672,62.10478973388672,31.070356369018555,0
2000-09-13,61.103424072265625,62.60594940185547,59.35031509399414,62.10478973388672,31.070356369018555,118942384480
2000-09-14,60.852840423583984,61.60410690307617,59.85099792480469,60.10157775878906,30.068180084228516,58547691419
2000-09-15,61.103424072265625,62.10478973388672,60.10157775878906,61.35352325439453,30.69450569152832,82176445198
2000-09-18,60.10157775878906,61.103424072265625,59.35031509399414,60.60226058959961,30.31865882873535,97868072327
2000-09-19,59.0997314453125,59.85099792480469,56.59584045410156,56.59584045410156,28.314294815063477,133186917707
2000-09-20,57.84778594970703,58.34846878051758,56.59584045410156,57.597206115722656,28.815263748168945,120368246850
2000-09-21,56.59584045410156,57.84778594970703,55.84409713745117,57.346622467041016,28.68989372253418,68452388650
2000-09-22,53.34020233154297,54.091468811035156,53.34020233154297,53.34020233154297,26.685527801513672,132834122636
2000-09-25,54.091468811035156,54.34156799316406,52.33835983276367,53.34020233154297,26.685527801513672,88873752030
2000-09-26,53.34020233154297,56.845943450927734,53.089622497558594,56.845943450927734,28.439409255981445,199394350975
2000-09-27,56.34526062011719,58.09836959838867,55.593994140625,55.593994140625,27.813072204589844,137224758488
2000-09-28,55.593994140625,56.34526062011719,53.34020233154297,53.34020233154297,26.685527801513672,107525519700
2000-09-29,53.34020233154297,53.59030532836914,52.08777618408203,52.08777618408203,26.05894660949707,76034057956
2000-10-02,50.08456802368164,51.0864143371582,49.33330535888672,49.33330535888672,24.68092155456543,138001375937
2000-10-03,48.5820426940918,52.58893966674805,48.331459045410156,51.58709716796875,25.8084659576416,194590275197
2000-10-04,49.833988189697266,49.833988189697266,49.833988189697266,49.833988189697266,24.93140983581543,84448144144
2000-10-05,49.08272171020508,52.83904266357422,49.08272171020508,51.58709716796875,25.8084659576416,164805785309
2000-10-06,51.58709716796875,55.09283447265625,51.58709716796875,55.09283447265625,27.562347412109375,180029493800
2000-10-09,54.5921516418457,55.343414306640625,53.840885162353516,53.840885162353516,26.93601417541504,102031335801
2000-10-10,53.840885162353516,53.840885162353516,53.840885162353516,53.840885162353516,26.93601417541504,0
2000-10-11,52.08777618408203,52.08777618408203,52.08777618408203,52.08777618408203,26.05894660949707,29010663869
2000-10-12,48.83262252807617,50.58525085449219,48.5820426940918,48.5820426940918,24.305072784423828,183667251856
2000-10-13,45.3264045715332,49.08272171020508,45.3264045715332,48.331459045410156,24.179704666137695,191179714534
2000-10-16,48.331459045410156,48.331459045410156,48.331459045410156,48.331459045410156,24.179704666137695,0
2000-10-17,45.07630157470703,47.580196380615234,45.07630157470703,47.07951354980469,23.55336570739746,152970339373
2000-10-18,46.57883071899414,47.07951354980469,43.823875427246094,43.823875427246094,21.924610137939453,197565539457
2000-10-19,41.57008743286133,43.32319641113281,40.81882095336914,40.81882095336914,20.421215057373047,199457078987
2000-10-20,43.57377624511719,43.57377624511719,43.57377624511719,43.57377624511719,21.79949188232422,53403302845
2000-10-23,49.833988189697266,49.833988189697266,48.5820426940918,49.833988189697266,24.93140983581543,393125049096
2000-10-24,49.833988189697266,53.089622497558594,49.08272171020508,53.089622497558594,26.560161590576172,281450989671
2000-10-25,52.33835983276367,54.5921516418457,52.33835983276367,53.840885162353516,26.93601417541504,211862326584
2000-10-26,52.08777618408203,53.840885162353516,52.08777618408203,52.83904266357422,26.43480682373047,162335511542
2000-10-27,52.83904266357422,52.83904266357422,52.83904266357422,52.83904266357422,26.43480682373047,0
2000-10-30,49.33330535888672,49.33330535888672,49.33330535888672,49.33330535888672,24.68092155456543,43094344075
2000-10-31,47.83077621459961,49.583885192871094,47.83077621459961,49.08272171020508,24.55556297302246,237316567164
2000-11-01,50.58525085449219,50.58525085449219,48.331459045410156,48.5820426940918,24.305072784423828,178478658699
2000-11-02,48.83262252807617,51.837677001953125,48.5820426940918,51.837677001953125,25.93383026123047,190518503961
2000-11-03,54.091468811035156,55.09283447265625,53.089622497558594,54.84273147583008,27.437227249145508,246387764272
2000-11-06,52.83904266357422,55.343414306640625,52.33835983276367,54.5921516418457,27.311861038208008,242870995952
2000-11-07,57.09652328491211,58.34846878051758,56.09467697143555,58.34846878051758,29.19110870361328,252449083392
2000-11-08,59.600894927978516,61.35352325439453,58.34846878051758,58.59904861450195,29.316455841064453,235556099847
2000-11-09,57.597206115722656,57.597206115722656,55.84409713745117,57.597206115722656,28.815263748168945,166633646908
2000-11-10,56.09467697143555,57.597206115722656,55.593994140625,57.09652328491211,28.564773559570312,174306612636
2000-11-13,53.34020233154297,54.34156799316406,53.34020233154297,53.34020233154297,26.685527801513672,146585514365
2000-11-14,53.089622497558594,54.5921516418457,52.83904266357422,53.34020233154297,26.685527801513672,104741997508
2000-11-15,55.09283447265625,55.343414306640625,51.58709716796875,53.59030532836914,26.810651779174805,138232731310
2000-11-16,50.08456802368164,52.83904266357422,50.08456802368164,50.08456802368164,25.056766510009766,145488774074
2000-11-17,46.57883071899414,50.08456802368164,46.57883071899414,49.33330535888672,24.68092155456543,149759745078
2000-11-20,44.074459075927734,46.077667236328125,44.074459075927734,44.074459075927734,22.049978256225586,121477336093
2000-11-21,43.57377624511719,47.07951354980469,43.57377624511719,47.07951354980469,23.55336570739746,141268915401
2000-11-22,47.33009338378906,48.5820426940918,45.57698440551758,45.57698440551758,22.801677703857422,176943588927
2000-11-23,44.32503890991211,45.07630157470703,44.074459075927734,44.57514190673828,22.300464630126953,93637447900
2000-11-24,45.57698440551758,47.580196380615234,45.3264045715332,47.580196380615234,23.80385971069336,159707601148
2000-11-27,49.08272171020508,49.08272171020508,47.33009338378906,47.33009338378906,23.67873764038086,107690655691
2000-11-28,46.82893371582031,47.07951354980469,46.328250885009766,46.328250885009766,23.177520751953125,63623002519
2000-11-29,45.3264045715332,45.82756805419922,45.07630157470703,45.3264045715332,22.676311492919922,73151677484
2000-11-30,45.3264045715332,46.077667236328125,44.32503890991211,44.825721740722656,22.425823211669922,121708583142
2000-12-01,43.57377624511719,45.82756805419922,43.57377624511719,45.82756805419922,22.927030563354492,104125416483
2000-12-04,44.825721740722656,44.825721740722656,44.074459075927734,44.074459075927734,22.049978256225586,46402605085
2000-12-05,43.57377624511719,44.825721740722656,43.57377624511719,44.32503890991211,22.175334930419922,89459185698
2000-12-06,47.07951354980469,47.07951354980469,44.32503890991211,44.57514190673828,22.300464630126953,116992933196
2000-12-07,44.57514190673828,45.57698440551758,44.32503890991211,45.57698440551758,22.801677703857422,95605339286
2000-12-08,45.57698440551758,45.82756805419922,44.825721740722656,45.07630157470703,22.551191329956055,78859568253
2000-12-11,45.57698440551758,45.82756805419922,44.825721740722656,45.07630157470703,22.551191329956055,73807371858
2000-12-12,45.57698440551758,46.57883071899414,45.57698440551758,46.328250885009766,23.177520751953125,143221466422
2000-12-13,46.328250885009766,46.57883071899414,45.82756805419922,46.077667236328125,23.052160263061523,38686726331
2000-12-14,45.57698440551758,45.82756805419922,44.825721740722656,45.3264045715332,22.676311492919922,48019688732
2000-12-15,44.32503890991211,44.57514190673828,44.074459075927734,44.074459075927734,22.049978256225586,48902934635
2000-12-18,43.57377624511719,43.823875427246094,42.32135009765625,42.32135009765625,21.172916412353516,56883986726
2000-12-19,41.57008743286133,42.07124710083008,41.06940460205078,42.07124710083008,21.04779052734375,94536729942
2000-12-20,41.06940460205078,41.57008743286133,40.81882095336914,40.81882095336914,20.421215057373047,93251563970
2000-12-21,39.56687545776367,39.81745529174805,39.56687545776367,39.56687545776367,19.794885635375977,72586742077
2000-12-22,39.3162956237793,40.568721771240234,38.3149299621582,39.066192626953125,19.544397354125977,110292068333
2000-12-25,39.066192626953125,39.066192626953125,39.066192626953125,39.066192626953125,19.544397354125977,0
2000-12-26,39.81745529174805,40.06755828857422,37.81376647949219,38.06434631347656,19.043182373046875,51800030525
2000-12-27,38.06434631347656,38.06434631347656,37.31308364868164,37.56366729736328,18.79269790649414,70824474913
2000-12-28,38.56502914428711,40.06755828857422,37.81376647949219,40.06755828857422,20.045368194580078,123757400996
2000-12-29,40.81882095336914,40.81882095336914,39.56687545776367,39.81745529174805,19.920238494873047,126381270066
2001-01-01,39.81745529174805,39.81745529174805,39.81745529174805,39.81745529174805,19.920238494873047,0
2001-01-02,39.066192626953125,41.8206672668457,38.81561279296875,41.8206672668457,20.92242431640625,109761621667
2001-01-03,40.318138122558594,41.319984436035156,39.81745529174805,40.318138122558594,20.170724868774414,110639113891
2001-01-04,42.822513580322266,43.07261276245117,41.8206672668457,42.571929931640625,21.29827308654785,234113138928
2001-01-05,42.571929931640625,45.3264045715332,42.571929931640625,45.3264045715332,22.676311492919922,200624646603
2001-01-08,44.825721740722656,46.82893371582031,44.074459075927734,44.825721740722656,22.425823211669922,193371911891
2001-01-09,45.3264045715332,46.57883071899414,45.3264045715332,46.57883071899414,23.302885055541992,156022413782
2001-01-10,47.07951354980469,47.580196380615234,46.328250885009766,47.07951354980469,23.55336570739746,115662646051
2001-01-11,47.580196380615234,47.83077621459961,46.077667236328125,46.328250885009766,23.177520751953125,126919807712
2001-01-12,46.57883071899414,47.07951354980469,46.328250885009766,47.07951354980469,23.55336570739746,94983533704
2001-01-15,47.07951354980469,47.33009338378906,46.328250885009766,47.33009338378906,23.67873764038086,89597298981
2001-01-16,47.07951354980469,50.58525085449219,47.07951354980469,50.58525085449219,25.3072509765625,261560243776
2001-01-17,50.58525085449219,51.58709716796875,49.833988189697266,50.58525085449219,25.3072509765625,224263841163
2001-01-18,51.58709716796875,51.837677001953125,50.58525085449219,51.0864143371582,25.557979583740234,233121389730
2001-01-19,51.0864143371582,51.0864143371582,51.0864143371582,51.0864143371582,25.557979583740234,0
2001-01-22,51.0864143371582,51.0864143371582,51.0864143371582,51.0864143371582,25.557979583740234,0
2001-01-23,51.0864143371582,51.0864143371582,51.0864143371582,51.0864143371582,25.557979583740234,0
2001-01-24,51.0864143371582,51.0864143371582,51.0864143371582,51.0864143371582,25.557979583740234,0
2001-01-25,51.0864143371582,51.0864143371582,51.0864143371582,51.0864143371582,25.557979583740234,0
2001-01-26,51.0864143371582,51.0864143371582,51.0864143371582,51.0864143371582,25.557979583740234,0
2001-01-29,50.08456802368164,50.83583068847656,48.5820426940918,48.5820426940918,24.305072784423828,162287082317
2001-01-30,48.5820426940918,49.583885192871094,48.08135986328125,49.583885192871094,24.806283950805664,104442681234
2001-01-31,50.335147857666016,52.83904266357422,49.833988189697266,52.83904266357422,26.43480682373047,225187996096
2001-02-01,52.08777618408203,52.83904266357422,50.58525085449219,50.83583068847656,25.4326171875,114697036302
2001-02-02,51.0864143371582,52.33835983276367,50.335147857666016,50.335147857666016,25.182130813598633,159626108062
2001-02-05,49.583885192871094,50.08456802368164,49.08272171020508,49.33330535888672,24.68092155456543,131682770311
2001-02-06,49.08272171020508,50.335147857666016,48.83262252807617,49.08272171020508,24.55556297302246,118522811741
2001-02-07,45.82756805419922,47.07951354980469,45.82756805419922,45.82756805419922,22.927030563354492,236950264906
2001-02-08,45.07630157470703,45.82756805419922,44.32503890991211,45.3264045715332,22.676311492919922,94213749009
2001-02-09,45.82756805419922,46.57883071899414,44.825721740722656,45.82756805419922,22.927030563354492,128952451939
2001-02-12,45.57698440551758,46.328250885009766,45.07630157470703,46.077667236328125,23.052160263061523,65390573400
2001-02-13,46.82893371582031,49.08272171020508,46.57883071899414,49.08272171020508,24.55556297302246,99125740632
2001-02-14,49.08272171020508,49.583885192871094,46.57883071899414,47.07951354980469,23.55336570739746,79813354005
2001-02-15,48.331459045410156,50.335147857666016,48.08135986328125,50.335147857666016,25.182130813598633,174380139732
2001-02-16,50.335147857666016,50.58525085449219,48.83262252807617,49.08272171020508,24.55556297302246,142289462156
2001-02-19,47.07951354980469,48.5820426940918,47.07951354980469,48.08135986328125,24.054584503173828,42987928103
2001-02-20,48.331459045410156,49.08272171020508,48.08135986328125,48.08135986328125,24.054584503173828,42253082111
2001-02-21,47.07951354980469,49.08272171020508,47.07951354980469,48.83262252807617,24.430437088012695,62630686703
2001-02-22,48.331459045410156,48.331459045410156,46.57883071899414,46.82893371582031,23.428009033203125,87930948679
2001-02-23,45.57698440551758,46.57883071899414,45.07630157470703,45.57698440551758,22.801677703857422,95466076101
2001-02-26,45.07630157470703,45.57698440551758,44.57514190673828,44.57514190673828,22.300464630126953,88333264549
2001-02-27,45.07630157470703,45.57698440551758,45.07630157470703,45.07630157470703,22.551191329956055,76196927473
2001-02-28,45.07630157470703,45.07630157470703,45.07630157470703,45.07630157470703,22.551191329956055,0
2001-03-01,43.57377624511719,43.57377624511719,42.07124710083008,42.07124710083008,21.04779052734375,179983114401
2001-03-02,42.32135009765625,42.571929931640625,41.57008743286133,41.8206672668457,20.92242431640625,98608467848
2001-03-05,41.8206672668457,42.571929931640625,41.8206672668457,42.32135009765625,21.172916412353516,85291005973
2001-03-06,44.074459075927734,45.07630157470703,43.32319641113281,44.32503890991211,22.175334930419922,118538885378
2001-03-07,45.82756805419922,46.57883071899414,45.82756805419922,46.077667236328125,23.052160263061523,143096743670
2001-03-08,46.077667236328125,46.077667236328125,45.07630157470703,45.3264045715332,22.676311492919922,54103039316
2001-03-09,43.823875427246094,44.074459075927734,43.823875427246094,44.074459075927734,22.049978256225586,55776539010
2001-03-12,42.571929931640625,43.07261276245117,42.571929931640625,42.822513580322266,21.423648834228516,60270770241
2001-03-13,42.07124710083008,43.57377624511719,42.07124710083008,43.57377624511719,21.79949188232422,103342974528
2001-03-14,43.57377624511719,43.57377624511719,43.57377624511719,43.57377624511719,21.79949188232422,0
2001-03-15,43.32319641113281,44.32503890991211,42.822513580322266,44.074459075927734,22.049978256225586,69605303342
2001-03-16,43.823875427246094,44.57514190673828,43.823875427246094,44.32503890991211,22.175334930419922,67691249055
2001-03-19,44.074459075927734,44.32503890991211,43.32319641113281,43.57377624511719,21.79949188232422,32191037811
2001-03-20,43.57377624511719,44.074459075927734,42.822513580322266,43.07261276245117,21.54876136779785,47933600202
2001-03-21,42.571929931640625,42.822513580322266,42.32135009765625,42.571929931640625,21.29827308654785,51471745876
2001-03-22,42.571929931640625,43.57377624511719,42.571929931640625,43.32319641113281,21.674129486083984,67485420683
2001-03-23,43.823875427246094,45.3264045715332,43.823875427246094,45.3264045715332,22.676311492919922,227713615167
2001-03-26,45.57698440551758,45.57698440551758,44.825721740722656,45.07630157470703,22.551191329956055,86627400933
2001-03-27,45.3264045715332,45.82756805419922,44.825721740722656,44.825721740722656,22.425823211669922,107902171080
2001-03-28,44.825721740722656,45.07630157470703,44.32503890991211,44.57514190673828,22.300464630126953,63876351860
2001-03-29,44.57514190673828,44.57514190673828,44.074459075927734,44.074459075927734,22.049978256225586,47865014354
2001-03-30,44.57514190673828,44.57514190673828,43.57377624511719,44.32503890991211,22.175334930419922,52554195712
2001-04-02,44.074459075927734,44.074459075927734,42.571929931640625,42.571929931640625,21.29827308654785,52770689846
2001-04-03,41.57008743286133,41.57008743286133,40.568721771240234,40.81882095336914,20.421215057373047,137153456204
2001-04-04,39.56687545776367,40.318138122558594,39.56687545776367,39.81745529174805,19.920238494873047,105939504251
2001-04-05,39.81745529174805,39.81745529174805,39.81745529174805,39.81745529174805,19.920238494873047,0
2001-04-06,42.571929931640625,42.571929931640625,41.06940460205078,41.319984436035156,20.67194175720215,83165377968
2001-04-09,40.568721771240234,40.568721771240234,39.56687545776367,40.06755828857422,20.045368194580078,50202053590
2001-04-10,40.06755828857422,40.318138122558594,39.3162956237793,39.56687545776367,19.794885635375977,64384767062
2001-04-11,40.568721771240234,41.57008743286133,40.06755828857422,41.57008743286133,20.79706382751465,63600441933
2001-04-12,42.571929931640625,43.57377624511719,42.32135009765625,43.07261276245117,21.54876136779785,172602523870
2001-04-13,43.823875427246094,43.823875427246094,42.571929931640625,42.571929931640625,21.29827308654785,59615425837
2001-04-16,42.32135009765625,42.571929931640625,41.319984436035156,42.07124710083008,21.04779052734375,26751186803
2001-04-17,41.57008743286133,42.07124710083008,41.319984436035156,41.8206672668457,20.92242431640625,35215179174
2001-04-18,42.571929931640625,42.571929931640625,42.07124710083008,42.571929931640625,21.29827308654785,72644312193
2001-04-19,45.3264045715332,45.3264045715332,45.07630157470703,45.3264045715332,22.676311492919922,290954416778
2001-04-20,45.57698440551758,45.82756805419922,44.825721740722656,45.3264045715332,22.676311492919922,135618069792
2001-04-23,45.3264045715332,45.3264045715332,44.57514190673828,45.07630157470703,22.551191329956055,47925092591
2001-04-24,44.32503890991211,44.57514190673828,44.074459075927734,44.074459075927734,22.049978256225586,53528517222
2001-04-25,44.074459075927734,44.57514190673828,43.07261276245117,43.32319641113281,21.674129486083984,41989129503
2001-04-26,44.074459075927734,44.57514190673828,43.07261276245117,43.32319641113281,21.674129486083984,41989129503
2001-04-27,44.57514190673828,44.57514190673828,43.57377624511719,43.57377624511719,21.79949188232422,44470839800
2001-04-30,44.57514190673828,45.82756805419922,44.32503890991211,45.57698440551758,22.801677703857422,182494001389
2001-05-01,45.57698440551758,45.57698440551758,45.57698440551758,45.57698440551758,22.801677703857422,0
2001-05-02,48.5820426940918,48.5820426940918,47.580196380615234,48.08135986328125,24.054584503173828,347857956012
2001-05-03,47.83077621459961,48.331459045410156,47.580196380615234,48.331459045410156,24.179704666137695,134483249398
2001-05-04,48.08135986328125,48.08135986328125,46.57883071899414,46.57883071899414,23.302885055541992,80099413071
2001-05-07,46.82893371582031,48.5820426940918,46.57883071899414,47.580196380615234,23.80385971069336,114545190851
2001-05-08,47.33009338378906,47.83077621459961,46.82893371582031,47.33009338378906,23.67873764038086,99755803847
2001-05-09,47.580196380615234,48.08135986328125,47.33009338378906,47.580196380615234,23.80385971069336,61278672235
2001-05-10,47.07951354980469,47.07951354980469,46.077667236328125,46.328250885009766,23.177520751953125,64391741470
2001-05-11,46.328250885009766,47.07951354980469,46.077667236328125,47.07951354980469,23.55336570739746,63826143619
2001-05-14,46.077667236328125,46.57883071899414,46.077667236328125,46.328250885009766,23.177520751953125,40124516855
2001-05-15,45.07630157470703,45.3264045715332,44.57514190673828,44.825721740722656,22.425823211669922,85139960454
2001-05-16,44.074459075927734,44.32503890991211,43.823875427246094,44.074459075927734,22.049978256225586,59935477852
2001-05-17,44.32503890991211,45.07630157470703,43.823875427246094,44.57514190673828,22.300464630126953,47654757191
2001-05-18,45.07630157470703,45.82756805419922,44.57514190673828,45.3264045715332,22.676311492919922,95308472805
2001-05-21,45.07630157470703,45.07630157470703,43.823875427246094,44.32503890991211,22.175334930419922,53491624518
2001-05-22,44.825721740722656,45.57698440551758,44.825721740722656,45.07630157470703,22.551191329956055,62981494442
2001-05-23,45.3264045715332,47.33009338378906,45.3264045715332,47.33009338378906,23.67873764038086,77986608978
2001-05-24,47.07951354980469,47.33009338378906,46.57883071899414,47.07951354980469,23.55336570739746,56666480178
2001-05-25,47.07951354980469,47.580196380615234,46.82893371582031,47.33009338378906,23.67873764038086,57861378809
2001-05-28,46.82893371582031,47.07951354980469,46.57883071899414,46.57883071899414,23.302885055541992,27492071866
2001-05-29,46.57883071899414,47.07951354980469,46.57883071899414,46.57883071899414,23.302885055541992,50391879153
2001-05-30,46.328250885009766,46.57883071899414,45.07630157470703,45.07630157470703,22.551191329956055,49790259358
2001-05-31,44.57514190673828,45.07630157470703,44.57514190673828,44.825721740722656,22.425823211669922,54368179322
2001-06-01,45.3264045715332,45.57698440551758,44.32503890991211,44.57514190673828,22.300464630126953,40753226018
2001-06-04,44.57514190673828,45.57698440551758,44.32503890991211,45.07630157470703,22.551191329956055,38533131028
2001-06-05,45.07630157470703,45.57698440551758,44.825721740722656,45.57698440551758,22.801677703857422,28913070066
2001-06-06,46.328250885009766,47.07951354980469,46.328250885009766,46.82893371582031,23.428009033203125,72897807355
2001-06-07,46.328250885009766,46.82893371582031,46.077667236328125,46.57883071899414,23.302885055541992,62141449041
2001-06-08,48.08135986328125,48.83262252807617,48.08135986328125,48.5820426940918,24.305072784423828,163135010383
2001-06-11,48.5820426940918,49.583885192871094,48.331459045410156,49.583885192871094,24.806283950805664,71574202976
2001-06-12,49.08272171020508,49.33330535888672,48.331459045410156,48.5820426940918,24.305072784423828,61879767074
2001-06-13,48.331459045410156,48.5820426940918,47.07951354980469,47.07951354980469,23.55336570739746,58310724022
2001-06-14,47.07951354980469,47.07951354980469,45.57698440551758,46.328250885009766,23.177520751953125,54805425562
2001-06-15,46.077667236328125,46.82893371582031,45.82756805419922,46.82893371582031,23.428009033203125,33606221920
2001-06-18,46.57883071899414,46.82893371582031,45.3264045715332,46.077667236328125,23.052160263061523,132926523131
2001-06-19,45.82756805419922,46.077667236328125,45.07630157470703,45.3264045715332,22.676311492919922,89109248718
2001-06-20,45.07630157470703,45.3264045715332,44.825721740722656,45.07630157470703,22.551191329956055,41634972048
2001-06-21,44.57514190673828,44.57514190673828,43.07261276245117,43.07261276245117,21.54876136779785,101354893188
2001-06-22,43.07261276245117,43.57377624511719,42.07124710083008,42.571929931640625,21.29827308654785,119957081731
2001-06-25,42.571929931640625,42.571929931640625,42.571929931640625,42.571929931640625,21.29827308654785,0
2001-06-26,43.12253952026367,44.17430877685547,42.772396087646484,42.772396087646484,21.39856719970703,96070796227
2001-06-27,43.82416534423828,44.87593460083008,43.473350524902344,44.52511978149414,22.275440216064453,57765016150
2001-06-28,44.52511978149414,44.52511978149414,42.772396087646484,43.12253952026367,21.573740005493164,47031141048
2001-06-29,44.17430877685547,44.87593460083008,43.82416534423828,44.87593460083008,22.450946807861328,53805625856
2001-07-02,45.22607421875,46.97947311401367,45.22607421875,46.97947311401367,23.50332260131836,62442405056
2001-07-03,46.97947311401367,47.68042755126953,46.2778434753418,46.628658294677734,23.327810287475586,30191453577
2001-07-04,46.2778434753418,46.2778434753418,45.57688903808594,45.927703857421875,22.977134704589844,26744552544
2001-07-05,45.57688903808594,46.2778434753418,45.57688903808594,45.927703857421875,22.977134704589844,16044664142
2001-07-06,44.87593460083008,45.22607421875,44.17430877685547,44.17430877685547,22.099931716918945,40584223689
2001-07-09,43.473350524902344,43.473350524902344,42.772396087646484,42.772396087646484,21.39856719970703,62249903530
2001-07-10,43.12253952026367,43.82416534423828,43.12253952026367,43.12253952026367,21.573740005493164,48435884971
2001-07-11,43.473350524902344,43.82416534423828,43.12253952026367,43.12253952026367,21.573740005493164,34178454624
2001-07-12,43.82416534423828,44.52511978149414,43.473350524902344,44.52511978149414,22.275440216064453,45144006501
2001-07-13,45.57688903808594,45.927703857421875,44.17430877685547,44.17430877685547,22.099931716918945,83440695087
2001-07-16,44.87593460083008,44.87593460083008,43.473350524902344,44.17430877685547,22.099931716918945,52098044529
2001-07-17,43.473350524902344,44.17430877685547,43.12253952026367,43.82416534423828,21.924753189086914,39253753226
2001-07-18,43.82416534423828,43.82416534423828,42.772396087646484,43.473350524902344,21.749244689941406,40148263650
2001-07-19,42.772396087646484,43.473350524902344,41.72062683105469,42.772396087646484,21.39856719970703,52451240755
2001-07-20,43.473350524902344,43.473350524902344,42.42158126831055,42.42158126831055,21.223064422607422,48338503352
2001-07-23,42.07076644897461,42.42158126831055,40.31804275512695,40.66885757446289,20.346189498901367,62147840760
2001-07-24,39.96723175048828,40.31804275512695,39.266273498535156,40.31804275512695,20.170677185058594,52030990693
2001-07-25,40.66885757446289,41.72062683105469,40.31804275512695,41.36981201171875,20.696866989135742,43066286931
2001-07-26,42.07076644897461,42.772396087646484,41.36981201171875,42.42158126831055,21.223064422607422,51942754131
2001-07-27,44.52511978149414,45.22607421875,44.17430877685547,44.52511978149414,22.275440216064453,156155062051
2001-07-30,44.52511978149414,44.52511978149414,44.52511978149414,44.52511978149414,22.275440216064453,0
2001-07-31,45.22607421875,46.2778434753418,44.87593460083008,46.2778434753418,23.152307510375977,103162152962
2001-08-01,48.03124237060547,48.03124237060547,46.97947311401367,48.03124237060547,24.029512405395508,137701829919
2001-08-02,49.083011627197266,49.783966064453125,49.083011627197266,49.4338264465332,24.73120880126953,99316282800
2001-08-03,49.4338264465332,49.4338264465332,48.381385803222656,48.381385803222656,24.204681396484375,69056552276
2001-08-06,47.68042755126953,48.03124237060547,47.329612731933594,47.68042755126953,23.854001998901367,46619357529
2001-08-07,46.628658294677734,46.97947311401367,45.927703857421875,46.2778434753418,23.152307510375977,45691471961
2001-08-08,46.2778434753418,47.329612731933594,46.2778434753418,47.329612731933594,23.678495407104492,33965064989
2001-08-09,45.57688903808594,46.2778434753418,45.57688903808594,45.57688903808594,22.8016300201416,29149178904
2001-08-10,46.628658294677734,48.03124237060547,45.927703857421875,48.03124237060547,24.029512405395508,51262912996
2001-08-13,47.68042755126953,47.68042755126953,46.97947311401367,47.68042755126953,23.854001998901367,22755986154
2001-08-14,47.68042755126953,48.381385803222656,47.68042755126953,48.381385803222656,24.204681396484375,30352773225
2001-08-15,48.381385803222656,48.73219680786133,48.03124237060547,48.03124237060547,24.029512405395508,37550138824
2001-08-16,47.68042755126953,48.03124237060547,47.329612731933594,47.68042755126953,23.854001998901367,22472824164
2001-08-17,47.68042755126953,48.03124237060547,46.97947311401367,47.329612731933594,23.678495407104492,24091688315
2001-08-20,45.927703857421875,46.2778434753418,45.57688903808594,46.2778434753418,23.152307510375977,54058062773
2001-08-21,45.57688903808594,46.628658294677734,45.57688903808594,46.628658294677734,23.327810287475586,28486645824
2001-08-22,44.87593460083008,45.22607421875,43.473350524902344,43.473350524902344,21.749244689941406,131335001004
2001-08-23,42.07076644897461,43.82416534423828,42.07076644897461,43.473350524902344,21.749244689941406,109761355021
2001-08-24,42.772396087646484,42.772396087646484,42.07076644897461,42.42158126831055,21.223064422607422,92537405507
2001-08-27,42.42158126831055,45.22607421875,42.42158126831055,44.52511978149414,22.275440216064453,172843967671
2001-08-28,44.87593460083008,44.87593460083008,43.473350524902344,44.17430877685547,22.099931716918945,97109196229
2001-08-29,44.17430877685547,45.22607421875,43.82416534423828,45.22607421875,22.626115798950195,99128757042
2001-08-30,44.52511978149414,44.87593460083008,44.17430877685547,44.17430877685547,22.099931716918945,50885587864
2001-08-31,43.82416534423828,45.22607421875,43.473350524902344,44.87593460083008,22.450946807861328,49968004993
2001-09-03,44.87593460083008,45.22607421875,44.52511978149414,44.87593460083008,22.450946807861328,39017023309
2001-09-04,44.87593460083008,46.2778434753418,44.52511978149414,46.2778434753418,23.152307510375977,52138689890
2001-09-05,45.927703857421875,45.927703857421875,45.22607421875,45.927703857421875,22.977134704589844,45011258834
2001-09-06,44.87593460083008,45.22607421875,44.17430877685547,44.87593460083008,22.450946807861328,32151543245
2001-09-07,44.52511978149414,44.52511978149414,43.82416534423828,44.17430877685547,22.099931716918945,41915298266
2001-09-10,43.82416534423828,45.22607421875,43.82416534423828,44.87593460083008,22.450946807861328,28395811269
2001-09-11,44.87593460083008,44.87593460083008,44.17430877685547,44.17430877685547,22.099931716918945,29208435782
2001-09-12,44.17430877685547,44.17430877685547,44.17430877685547,44.17430877685547,22.099931716918945,0
2001-09-13,41.36981201171875,41.36981201171875,41.36981201171875,41.36981201171875,20.696866989135742,38823893860
2001-09-14,40.66885757446289,41.36981201171875,38.5653190612793,38.915462493896484,19.468982696533203,98405401741
2001-09-17,38.915462493896484,38.915462493896484,38.915462493896484,38.915462493896484,19.468982696533203,0
2001-09-18,38.915462493896484,38.915462493896484,38.915462493896484,38.915462493896484,19.468982696533203,0
2001-09-19,38.915462493896484,38.915462493896484,38.915462493896484,38.915462493896484,19.468982696533203,0
2001-09-20,36.811920166015625,36.811920166015625,36.811920166015625,36.811920166015625,18.416606903076172,4882070946
2001-09-21,35.760154724121094,35.760154724121094,35.760154724121094,35.760154724121094,17.890422821044922,2609586650
2001-09-24,35.760154724121094,35.760154724121094,35.760154724121094,35.760154724121094,17.890422821044922,0
2001-09-25,34.49803161621094,34.56859588623047,33.09611892700195,33.23590850830078,16.627567291259766,181477080515
2001-09-26,32.955657958984375,34.14788818359375,30.922014236450195,34.00742721557617,17.013545989990234,137796559978
2001-09-27,33.6566162109375,33.6566162109375,32.254703521728516,32.60484313964844,16.311851501464844,52486362776
2001-09-28,32.60484313964844,32.60484313964844,32.60484313964844,32.60484313964844,16.311851501464844,0
2001-10-01,32.60484313964844,32.60484313964844,32.60484313964844,32.60484313964844,16.311851501464844,0
2001-10-02,32.675411224365234,32.675411224365234,30.711660385131836,31.553075790405273,15.785663604736328,67122484210
2001-10-03,31.20293426513672,31.69353675842285,30.57187271118164,30.922014236450195,15.469951629638672,50025077532
2001-10-04,33.02555465698242,33.02555465698242,30.99258041381836,31.06247329711914,15.5402193069458,107361475283
2001-10-05,31.342721939086914,33.23590850830078,31.20293426513672,32.81520080566406,16.417089462280273,90599194936
2001-10-08,31.90389060974121,32.675411224365234,31.90389060974121,32.254703521728516,16.136674880981445,36931798424
2001-10-09,33.376365661621094,34.49803161621094,33.166011810302734,34.49803161621094,17.258995056152344,85981949737
2001-10-10,34.49803161621094,34.49803161621094,34.49803161621094,34.49803161621094,17.258995056152344,0
2001-10-11,36.110965728759766,36.811920166015625,35.760154724121094,36.811920166015625,18.416606903076172,70577691087
2001-10-12,39.266273498535156,39.266273498535156,37.86368942260742,38.5653190612793,19.293813705444336,146532259358
2001-10-15,37.5135498046875,38.5653190612793,37.16273498535156,37.5135498046875,18.76761817932129,45872414944
2001-10-16,37.86368942260742,38.915462493896484,37.16273498535156,38.915462493896484,19.468982696533203,42133562488
2001-10-17,40.66885757446289,41.36981201171875,39.96723175048828,40.66885757446289,20.346189498901367,129414568686
2001-10-18,39.96723175048828,41.72062683105469,39.96723175048828,41.72062683105469,20.872377395629883,85720721898
2001-10-19,41.01899719238281,41.36981201171875,39.96723175048828,41.01899719238281,20.521364212036133,87127763246
2001-10-22,41.01899719238281,41.36981201171875,39.96723175048828,40.66885757446289,20.346189498901367,53561188259
2001-10-23,41.72062683105469,41.72062683105469,40.31804275512695,40.31804275512695,20.170677185058594,59501452172
2001-10-24,40.66885757446289,43.12253952026367,40.66885757446289,43.12253952026367,21.573740005493164,133139455065
2001-10-25,44.17430877685547,44.17430877685547,43.12253952026367,43.82416534423828,21.924753189086914,100118530217
2001-10-26,44.17430877685547,44.87593460083008,44.17430877685547,44.17430877685547,22.099931716918945,63375879436
2001-10-29,46.628658294677734,46.97947311401367,45.22607421875,46.97947311401367,23.50332260131836,159762803606
2001-10-30,43.82416534423828,45.22607421875,43.82416534423828,43.82416534423828,21.924753189086914,103426940023
2001-10-31,42.07076644897461,43.82416534423828,42.07076644897461,42.772396087646484,21.39856719970703,87162486490
2001-11-01,43.82416534423828,43.82416534423828,42.42158126831055,42.772396087646484,21.39856719970703,67706863206
2001-11-02,44.17430877685547,44.87593460083008,43.473350524902344,43.82416534423828,21.924753189086914,107589015503
2001-11-05,44.17430877685547,45.57688903808594,43.82416534423828,45.57688903808594,22.8016300201416,72908380267
2001-11-06,46.97947311401367,47.329612731933594,45.927703857421875,45.927703857421875,22.977134704589844,114083762138
2001-11-07,46.628658294677734,47.329612731933594,46.2778434753418,46.97947311401367,23.50332260131836,62689312681
2001-11-08,47.68042755126953,48.73219680786133,46.97947311401367,47.329612731933594,23.678495407104492,97915110002
2001-11-09,47.329612731933594,47.329612731933594,47.329612731933594,47.329612731933594,23.678495407104492,0
2001-11-12,47.68042755126953,48.381385803222656,46.97947311401367,47.68042755126953,23.854001998901367,60076010572
2001-11-13,46.97947311401367,47.68042755126953,46.97947311401367,47.329612731933594,23.678495407104492,32001930937
2001-11-14,49.083011627197266,50.485595703125,49.083011627197266,50.485595703125,25.257400512695312,167287343831
2001-11-15,50.485595703125,52.238319396972656,50.13478088378906,52.238319396972656,26.134267807006836,127912553253
2001-11-16,52.238319396972656,55.04281234741211,51.53736114501953,54.34185791015625,27.186641693115234,154915643388
2001-11-19,54.34185791015625,55.74443817138672,53.64090347290039,55.74443817138672,27.888338088989258,99340227197
2001-11-20,54.69267272949219,55.04281234741211,51.88750457763672,52.238319396972656,26.134267807006836,108705218429
2001-11-21,50.485595703125,52.939273834228516,50.485595703125,52.939273834228516,26.484947204589844,113891195141
2001-11-22,52.589134216308594,52.589134216308594,50.83573532104492,51.18655014038086,25.608076095581055,78148114323
2001-11-23,51.18655014038086,52.238319396972656,50.485595703125,51.53736114501953,25.783586502075195,67781672336
2001-11-26,51.53736114501953,52.238319396972656,51.18655014038086,51.88750457763672,25.958759307861328,106122556577
2001-11-27,55.39362716674805,55.39362716674805,51.88750457763672,52.939273834228516,26.484947204589844,208435722041
2001-11-28,53.29008865356445,54.69267272949219,51.88750457763672,51.88750457763672,25.958759307861328,82210650629
2001-11-29,50.83573532104492,51.18655014038086,50.485595703125,51.18655014038086,25.608076095581055,78561674477
2001-11-30,52.589134216308594,52.589134216308594,51.18655014038086,51.18655014038086,25.608076095581055,121174113006
2001-12-03,52.939273834228516,54.34185791015625,52.589134216308594,54.34185791015625,27.186641693115234,95400454286
2001-12-04,53.64090347290039,55.39362716674805,52.939273834228516,55.04281234741211,27.53732681274414,87963745896
2001-12-05,57.49716567993164,58.54893493652344,57.1463508605957,58.54893493652344,29.291393280029297,205624746225
2001-12-06,62.40519714355469,62.40519714355469,61.0032844543457,62.40519714355469,31.22064208984375,194245604436
2001-12-07,61.70424270629883,62.40519714355469,60.301658630371094,62.055057525634766,31.04547119140625,118018166457
2001-12-10,60.65247344970703,61.0032844543457,58.899749755859375,58.899749755859375,29.466915130615234,107978018216
2001-12-11,57.49716567993164,60.301658630371094,57.1463508605957,59.951515197753906,29.99309730529785,95422642880
2001-12-12,60.301658630371094,63.10682678222656,59.951515197753906,62.055057525634766,31.04547119140625,118173177116
2001-12-13,62.40519714355469,62.756011962890625,58.899749755859375,58.899749755859375,29.466915130615234,105076597693
2001-12-14,57.84798049926758,58.899749755859375,57.49716567993164,58.54893493652344,29.291393280029297,73413581455
2001-12-17,57.84798049926758,58.1981201171875,56.445396423339844,56.796207427978516,28.414525985717773,62690628046
2001-12-18,58.899749755859375,58.899749755859375,57.49716567993164,57.84798049926758,28.94071388244629,90387456947
2001-12-19,58.899749755859375,60.65247344970703,58.54893493652344,59.951515197753906,29.99309730529785,95314211603
2001-12-20,58.1981201171875,60.301658630371094,58.1981201171875,59.951515197753906,29.99309730529785,82619407618
2001-12-21,57.49716567993164,57.84798049926758,56.094581604003906,56.094581604003906,28.06351661682129,184451732922
2001-12-24,55.04281234741211,57.49716567993164,55.04281234741211,56.796207427978516,28.414525985717773,69557938312
2001-12-25,56.796207427978516,58.899749755859375,56.445396423339844,58.54893493652344,29.291393280029297,56300051145
2001-12-26,58.54893493652344,59.2498893737793,57.49716567993164,57.84798049926758,28.94071388244629,50672647595
2001-12-27,58.54893493652344,59.600704193115234,57.49716567993164,57.49716567993164,28.765214920043945,74257765791
2001-12-28,58.54893493652344,59.951515197753906,57.84798049926758,59.600704193115234,29.81759262084961,90661600356
2001-12-31,60.65247344970703,62.40519714355469,60.65247344970703,61.35342788696289,30.694454193115234,142278227393
2002-01-01,61.35342788696289,61.35342788696289,61.35342788696289,61.35342788696289,30.694454193115234,0
2002-01-02,61.35342788696289,61.70424270629883,59.2498893737793,60.301658630371094,30.16826057434082,63219970044
2002-01-03,60.301658630371094,60.301658630371094,60.301658630371094,60.301658630371094,30.16826057434082,0
2002-01-04,62.055057525634766,62.756011962890625,61.70424270629883,62.40519714355469,31.22064208984375,161224084400
2002-01-07,63.10682678222656,65.21036529541016,62.40519714355469,64.85955047607422,32.44853210449219,143660633926
2002-01-08,64.50873565673828,64.50873565673828,63.10682678222656,63.456966400146484,31.746837615966797,66545271274
2002-01-09,64.85955047607422,65.21036529541016,63.10682678222656,64.1585922241211,32.09785079956055,72284564141
2002-01-10,64.1585922241211,64.50873565673828,63.10682678222656,63.456966400146484,31.746837615966797,51368481421
2002-01-11,63.10682678222656,63.456966400146484,61.35342788696289,61.35342788696289,30.694454193115234,69855335701
2002-01-14,60.65247344970703,61.70424270629883,60.301658630371094,61.70424270629883,30.869964599609375,47642526681
2002-01-15,61.70424270629883,62.055057525634766,61.0032844543457,61.35342788696289,30.694454193115234,36711147501
2002-01-16,61.35342788696289,61.70424270629883,59.600704193115234,59.600704193115234,29.81759262084961,63000476760
2002-01-17,58.1981201171875,59.600704193115234,57.84798049926758,59.2498893737793,29.642072677612305,74009989192
2002-01-18,59.600704193115234,60.65247344970703,59.2498893737793,59.600704193115234,29.81759262084961,64443521005
2002-01-21,60.301658630371094,63.456966400146484,59.951515197753906,63.456966400146484,31.746837615966797,106826877778
2002-01-22,63.80778121948242,65.21036529541016,62.055057525634766,63.10682678222656,31.571659088134766,128790074046
2002-01-23,61.70424270629883,64.50873565673828,61.35342788696289,62.055057525634766,31.04547119140625,120107453497
2002-01-24,63.10682678222656,63.80778121948242,61.35342788696289,63.456966400146484,31.746837615966797,91067250466
2002-01-25,64.1585922241211,64.85955047607422,63.10682678222656,64.50873565673828,32.27302169799805,131361617793
2002-01-28,64.50873565673828,64.85955047607422,63.80778121948242,64.50873565673828,32.27302169799805,88306395399
2002-01-29,63.80778121948242,63.80778121948242,62.40519714355469,62.40519714355469,31.22064208984375,58836080048
2002-01-30,61.0032844543457,61.70424270629883,60.65247344970703,61.0032844543457,30.519285202026367,73377524990
2002-01-31,61.0032844543457,61.0032844543457,61.0032844543457,61.0032844543457,30.519285202026367,0
2002-02-01,61.0032844543457,61.0032844543457,59.600704193115234,59.951515197753906,29.99309730529785,103873616415
2002-02-04,59.600704193115234,61.0032844543457,59.2498893737793,60.301658630371094,30.16826057434082,48429656333
2002-02-05,59.2498893737793,60.301658630371094,59.2498893737793,59.951515197753906,29.99309730529785,43280411623
2002-02-06,60.301658630371094,61.35342788696289,60.301658630371094,60.65247344970703,30.343772888183594,70636501574
2002-02-07,60.65247344970703,60.65247344970703,60.65247344970703,60.65247344970703,30.343772888183594,0
2002-02-08,60.65247344970703,60.65247344970703,60.65247344970703,60.65247344970703,30.343772888183594,0
2002-02-11,60.65247344970703,60.65247344970703,60.65247344970703,60.65247344970703,30.343772888183594,0
2002-02-12,60.65247344970703,60.65247344970703,60.65247344970703,60.65247344970703,30.343772888183594,0
2002-02-13,60.65247344970703,60.65247344970703,60.65247344970703,60.65247344970703,30.343772888183594,0
2002-02-14,60.65247344970703,60.65247344970703,60.65247344970703,60.65247344970703,30.343772888183594,0
2002-02-15,60.65247344970703,60.65247344970703,60.65247344970703,60.65247344970703,30.343772888183594,0
2002-02-18,62.055057525634766,62.40519714355469,61.0032844543457,61.35342788696289,30.694454193115234,79417673286
2002-02-19,61.35342788696289,61.70424270629883,59.600704193115234,59.951515197753906,29.99309730529785,49938769378
2002-02-20,58.899749755859375,58.899749755859375,57.49716567993164,57.49716567993164,28.765214920043945,64741959973
2002-02-21,58.1981201171875,58.54893493652344,56.796207427978516,57.84798049926758,28.94071388244629,53616987097
2002-02-22,56.094581604003906,57.49716567993164,56.094581604003906,57.1463508605957,28.58969497680664,45345656060
2002-02-25,57.49716567993164,58.1981201171875,56.796207427978516,56.796207427978516,28.414525985717773,33289509205
2002-02-26,57.49716567993164,57.84798049926758,56.094581604003906,56.094581604003906,28.06351661682129,63760930103
2002-02-27,56.445396423339844,57.84798049926758,56.445396423339844,57.49716567993164,28.765214920043945,74203270414
2002-02-28,57.49716567993164,57.49716567993164,57.49716567993164,57.49716567993164,28.765214920043945,0
2002-03-01,56.796207427978516,57.84798049926758,56.796207427978516,56.796207427978516,28.414525985717773,75910280361
2002-03-04,60.65247344970703,60.65247344970703,58.899749755859375,60.65247344970703,30.343772888183594,97211205432
2002-03-05,64.50873565673828,64.50873565673828,62.40519714355469,63.80778121948242,31.922338485717773,179088949780
2002-03-06,64.1585922241211,66.26213073730469,63.80778121948242,66.26213073730469,33.15021896362305,179561088297
2002-03-07,66.61227416992188,66.61227416992188,65.21036529541016,65.56050872802734,32.79920959472656,120272975169
2002-03-08,65.56050872802734,66.26213073730469,63.80778121948242,64.1585922241211,32.09785079956055,84486290907
2002-03-11,65.56050872802734,68.36566925048828,65.56050872802734,68.36566925048828,34.20260238647461,141985430804
2002-03-12,66.96308898925781,67.6640396118164,65.56050872802734,66.61227416992188,33.32540512084961,81775919652
2002-03-13,66.61227416992188,67.31390380859375,65.56050872802734,65.91131591796875,32.9747200012207,55129555206
2002-03-14,64.50873565673828,65.21036529541016,64.1585922241211,65.21036529541016,32.62405014038086,61840313278
2002-03-15,63.80778121948242,64.50873565673828,63.10682678222656,63.456966400146484,31.746837615966797,93412069400
2002-03-18,64.1585922241211,64.1585922241211,62.40519714355469,64.1585922241211,32.09785079956055,39047773677
2002-03-19,64.50873565673828,64.50873565673828,63.10682678222656,64.1585922241211,32.09785079956055,46678081714
2002-03-20,64.50873565673828,67.31390380859375,64.1585922241211,67.31390380859375,33.67641067504883,89969926892
2002-03-21,64.85955047607422,66.61227416992188,64.85955047607422,65.91131591796875,32.9747200012207,59678431206
2002-03-22,66.96308898925781,67.31390380859375,66.26213073730469,66.61227416992188,33.32540512084961,57703426137
2002-03-25,66.61227416992188,67.6640396118164,65.56050872802734,67.31390380859375,33.67641067504883,50071097438
2002-03-26,66.61227416992188,66.96308898925781,65.91131591796875,66.26213073730469,33.15021896362305,34394957091
2002-03-27,66.96308898925781,66.96308898925781,64.85955047607422,64.85955047607422,32.44853210449219,49892148333
2002-03-28,65.56050872802734,66.61227416992188,65.21036529541016,66.61227416992188,33.32540512084961,66767145308
2002-03-29,68.01485443115234,68.36566925048828,67.31390380859375,67.6640396118164,33.85158920288086,84362914469
2002-04-01,67.31390380859375,68.01485443115234,66.96308898925781,66.96308898925781,33.50090789794922,29433916653
2002-04-02,67.6640396118164,68.36566925048828,67.31390380859375,67.31390380859375,33.67641067504883,52946121391
2002-04-03,66.61227416992188,66.96308898925781,66.26213073730469,66.61227416992188,33.32540512084961,50674695041
2002-04-04,65.91131591796875,66.61227416992188,64.50873565673828,64.85955047607422,32.44853210449219,67791165578
2002-04-05,64.85955047607422,64.85955047607422,64.85955047607422,64.85955047607422,32.44853210449219,0
2002-04-08,64.50873565673828,64.85955047607422,63.80778121948242,64.1585922241211,32.09785079956055,61887291435
2002-04-09,64.50873565673828,64.50873565673828,63.456966400146484,64.1585922241211,32.09785079956055,39162192542
2002-04-10,63.456966400146484,63.80778121948242,63.10682678222656,63.456966400146484,31.746837615966797,76946484121
2002-04-11,63.10682678222656,63.80778121948242,63.10682678222656,63.10682678222656,31.571659088134766,65494044979
2002-04-12,62.756011962890625,64.50873565673828,62.055057525634766,64.50873565673828,32.27302169799805,69123195432
2002-04-15,64.50873565673828,64.85955047607422,63.80778121948242,64.1585922241211,32.09785079956055,45049916269
2002-04-16,64.50873565673828,65.21036529541016,64.1585922241211,64.85955047607422,32.44853210449219,33122690024
2002-04-17,66.96308898925781,68.01485443115234,66.96308898925781,67.31390380859375,33.67641067504883,119691131673
2002-04-18,68.01485443115234,68.01485443115234,66.61227416992188,66.96308898925781,33.50090789794922,43245786585
2002-04-19,66.61227416992188,66.61227416992188,65.91131591796875,66.26213073730469,33.15021896362305,33966082760
2002-04-22,65.56050872802734,66.26213073730469,65.21036529541016,65.21036529541016,32.62405014038086,33068661869
2002-04-23,64.50873565673828,65.91131591796875,64.50873565673828,65.91131591796875,32.9747200012207,29257137007
2002-04-24,65.91131591796875,66.96308898925781,65.91131591796875,66.61227416992188,33.32540512084961,39788585830
2002-04-25,65.21036529541016,65.56050872802734,64.50873565673828,64.50873565673828,32.27302169799805,54026886847
2002-04-26,63.80778121948242,64.50873565673828,63.80778121948242,64.50873565673828,32.27302169799805,51807319192
2002-04-29,63.10682678222656,63.10682678222656,61.70424270629883,62.40519714355469,31.22064208984375,139939925764
2002-04-30,61.70424270629883,62.055057525634766,61.0032844543457,61.35342788696289,30.694454193115234,75670931619
2002-05-01,61.35342788696289,61.35342788696289,61.35342788696289,61.35342788696289,30.694454193115234,0
2002-05-02,61.35342788696289,61.70424270629883,59.600704193115234,59.600704193115234,29.81759262084961,75300367818
2002-05-03,58.1981201171875,59.600704193115234,58.1981201171875,59.600704193115234,29.81759262084961,58913763934
2002-05-06,57.49716567993164,57.49716567993164,56.094581604003906,56.796207427978516,28.414525985717773,86268098080
2002-05-07,56.094581604003906,57.84798049926758,56.094581604003906,57.49716567993164,28.765214920043945,61861001999
2002-05-08,57.84798049926758,58.899749755859375,57.84798049926758,58.1981201171875,29.115896224975586,79020605781
2002-05-09,61.35342788696289,61.35342788696289,59.600704193115234,59.600704193115234,29.81759262084961,76347552789
2002-05-10,58.899749755859375,61.0032844543457,58.54893493652344,60.65247344970703,30.343772888183594,43498655013
2002-05-13,59.600704193115234,60.301658630371094,59.600704193115234,59.600704193115234,29.81759262084961,27724948539
2002-05-14,60.301658630371094,61.0032844543457,60.301658630371094,61.0032844543457,30.519285202026367,36539659073
2002-05-15,62.40519714355469,63.456966400146484,62.055057525634766,63.10682678222656,31.571659088134766,79152731477
2002-05-16,62.40519714355469,62.40519714355469,61.70424270629883,62.055057525634766,31.04547119140625,27776030515
2002-05-17,62.40519714355469,62.756011962890625,61.70424270629883,62.756011962890625,31.39615821838379,40331926640
2002-05-20,62.055057525634766,62.40519714355469,61.0032844543457,61.0032844543457,30.519285202026367,44740805587
2002-05-21,60.65247344970703,61.35342788696289,60.301658630371094,60.65247344970703,30.343772888183594,36348737770
2002-05-22,60.65247344970703,62.40519714355469,60.65247344970703,61.70424270629883,30.869964599609375,53130516462
2002-05-23,61.0032844543457,61.35342788696289,60.65247344970703,61.0032844543457,30.519285202026367,44650024598
2002-05-24,60.65247344970703,61.70424270629883,60.65247344970703,61.35342788696289,30.694454193115234,44515744323
2002-05-27,61.0032844543457,61.0032844543457,60.301658630371094,60.65247344970703,30.343772888183594,19161398245
2002-05-28,61.0032844543457,61.35342788696289,59.600704193115234,60.301658630371094,30.16826057434082,49149752981
2002-05-29,59.600704193115234,59.951515197753906,58.899749755859375,59.951515197753906,29.99309730529785,45141530520
2002-05-30,58.899749755859375,60.65247344970703,58.899749755859375,60.65247344970703,30.343772888183594,74988001460
2002-05-31,59.951515197753906,60.301658630371094,58.899749755859375,59.951515197753906,29.99309730529785,65398588791
2002-06-03,58.899749755859375,59.600704193115234,57.84798049926758,59.600704193115234,29.81759262084961,42716879074
2002-06-04,57.1463508605957,57.84798049926758,56.796207427978516,57.1463508605957,28.58969497680664,90498292782
2002-06-05,57.1463508605957,57.84798049926758,57.1463508605957,57.49716567993164,28.765214920043945,64899535890
2002-06-06,57.1463508605957,57.1463508605957,56.094581604003906,56.445396423339844,28.23902130126953,85301430088
2002-06-07,52.589134216308594,53.64090347290039,52.589134216308594,52.589134216308594,26.309778213500977,220255362174
2002-06-10,52.589134216308594,53.29008865356445,51.88750457763672,52.589134216308594,26.309778213500977,96887346002
2002-06-11,53.29008865356445,53.29008865356445,51.53736114501953,51.88750457763672,25.958759307861328,69473808544
2002-06-12,51.53736114501953,51.88750457763672,50.13478088378906,50.485595703125,25.257400512695312,69348253720
2002-06-13,52.238319396972656,53.29008865356445,51.53736114501953,52.939273834228516,26.484947204589844,106950879163
2002-06-14,52.589134216308594,52.939273834228516,52.238319396972656,52.939273834228516,26.484947204589844,34995182956
2002-06-17,52.939273834228516,53.29008865356445,51.88750457763672,51.88750457763672,25.958759307861328,101340164674
2002-06-18,53.29008865356445,53.29008865356445,52.589134216308594,52.939273834228516,26.484947204589844,91342244994
2002-06-19,53.60541534423828,54.3772087097168,52.83436584472656,52.83436584472656,26.432466506958008,88099701354
2002-06-20,51.67742156982422,52.83436584472656,50.9056282043457,52.83436584472656,26.432466506958008,58709305089
2002-06-21,52.06257629394531,54.3772087097168,51.67742156982422,53.22026062011719,26.625520706176758,76163646854
2002-06-24,52.83436584472656,53.22026062011719,52.06257629394531,52.83436584472656,26.432466506958008,50425943958
2002-06-25,53.60541534423828,54.76236343383789,52.83436584472656,53.60541534423828,26.818212509155273,77223383791
2002-06-26,52.83436584472656,53.22026062011719,51.291526794433594,51.291526794433594,25.660598754882812,66817691886
2002-06-27,51.67742156982422,52.44847106933594,50.9056282043457,51.291526794433594,25.660598754882812,52370730270
2002-06-28,52.06257629394531,52.83436584472656,51.67742156982422,52.44847106933594,26.23940658569336,53725561220
2002-07-01,52.44847106933594,52.44847106933594,50.9056282043457,51.67742156982422,25.853652954101562,31670484218
2002-07-02,49.363529205322266,51.291526794433594,49.363529205322266,50.9056282043457,25.467538833618164,34987654104
2002-07-03,49.363529205322266,49.363529205322266,47.434791564941406,48.97763442993164,24.502979278564453,103732963846
2002-07-04,49.363529205322266,50.134578704833984,48.97763442993164,49.74868392944336,24.888731002807617,57177497811
2002-07-05,49.74868392944336,51.67742156982422,48.97763442993164,51.67742156982422,25.853652954101562,64912258296
2002-07-08,53.60541534423828,55.148258209228516,53.22026062011719,54.76236343383789,27.39702606201172,128201266856
2002-07-09,54.3772087097168,55.148258209228516,53.60541534423828,55.148258209228516,27.590065002441406,43663517110
2002-07-10,54.3772087097168,54.3772087097168,53.22026062011719,53.991310119628906,27.011268615722656,55840300646
2002-07-11,52.83436584472656,52.83436584472656,51.67742156982422,52.06257629394531,26.046348571777344,42029900287
2002-07-12,53.22026062011719,54.76236343383789,53.22026062011719,54.76236343383789,27.39702606201172,77343844351
2002-07-15,54.76236343383789,54.76236343383789,53.60541534423828,53.60541534423828,26.818212509155273,30993639582
2002-07-16,54.3772087097168,54.76236343383789,52.83436584472656,53.22026062011719,26.625520706176758,40165515704
2002-07-17,52.44847106933594,52.83436584472656,51.291526794433594,51.67742156982422,25.853652954101562,56765584704
2002-07-18,51.291526794433594,51.291526794433594,49.363529205322266,49.74868392944336,24.888731002807617,127583656914
2002-07-19,47.82068634033203,47.82068634033203,47.04963684082031,47.434791564941406,23.731115341186523,161639111963
2002-07-22,45.8926887512207,46.66373825073242,45.50679397583008,46.66373825073242,23.345367431640625,79529952182
2002-07-23,45.8926887512207,47.82068634033203,45.8926887512207,47.82068634033203,23.92417335510254,97899616728
2002-07-24,45.8926887512207,46.2778434753418,45.12089920043945,45.12089920043945,22.573503494262695,99113193428
2002-07-25,46.66373825073242,47.04963684082031,44.73574447631836,44.73574447631836,22.38081169128418,106641634836
2002-07-26,41.650062561035156,41.650062561035156,41.650062561035156,41.650062561035156,20.83707046508789,52826795476
2002-07-29,38.951011657714844,39.72206115722656,38.951011657714844,38.951011657714844,19.486770629882812,268685257937
2002-07-30,40.10795974731445,40.49311447143555,39.33616638183594,40.10795974731445,20.065580368041992,179507412116
2002-07-31,39.72206115722656,39.72206115722656,38.56511688232422,38.951011657714844,19.486770629882812,72425544064
2002-08-01,38.56511688232422,39.33616638183594,38.56511688232422,38.56511688232422,19.293712615966797,63482390422
2002-08-02,37.7940673828125,38.48823547363281,37.408172607421875,38.48823547363281,19.255250930786133,96478698311
2002-08-05,36.251224517822266,36.79088592529297,35.86532974243164,35.86532974243164,17.943037033081055,104370150049
2002-08-06,33.7059440612793,36.48261260986328,33.7059440612793,35.55705642700195,17.788806915283203,111234870709
2002-08-07,37.94783401489258,38.025455474853516,37.3312873840332,38.025455474853516,19.023723602294922,98428338108
2002-08-08,38.179222106933594,38.179222106933594,37.3312873840332,37.870948791503906,18.946428298950195,77595895479
2002-08-09,38.56511688232422,39.33616638183594,38.56511688232422,39.33616638183594,19.679462432861328,64740914607
2002-08-12,39.33616638183594,39.33616638183594,38.56511688232422,38.951011657714844,19.486770629882812,52770712571
2002-08-13,38.56511688232422,38.951011657714844,38.41061019897461,38.56511688232422,19.293712615966797,25020477487
2002-08-14,38.56511688232422,39.33616638183594,38.56511688232422,39.33616638183594,19.679462432861328,51260440263
2002-08-15,40.49311447143555,41.650062561035156,40.49311447143555,40.87900924682617,20.45132827758789,105961573482
2002-08-16,41.650062561035156,41.650062561035156,40.87900924682617,41.2649040222168,20.644384384155273,53287622182
2002-08-19,41.2649040222168,42.03595733642578,40.87900924682617,41.2649040222168,20.644384384155273,46580983350
2002-08-20,41.650062561035156,42.8070068359375,41.650062561035156,42.03595733642578,21.030141830444336,85566285325
2002-08-21,41.2649040222168,41.2649040222168,40.49311447143555,40.87900924682617,20.45132827758789,54778096387
2002-08-22,41.2649040222168,41.650062561035156,40.87900924682617,40.87900924682617,20.45132827758789,76792100033
2002-08-23,40.87900924682617,40.87900924682617,40.87900924682617,40.87900924682617,20.45132827758789,0
2002-08-26,40.87900924682617,40.87900924682617,40.10795974731445,40.49311447143555,20.258268356323242,49183911880
2002-08-27,40.49311447143555,40.87900924682617,39.33616638183594,39.33616638183594,19.679462432861328,46771935765
2002-08-28,38.56511688232422,38.951011657714844,38.56511688232422,38.56511688232422,19.293712615966797,66760743254
2002-08-29,38.179222106933594,39.33616638183594,38.10234069824219,38.56511688232422,19.293712615966797,46533076159
2002-08-30,38.951011657714844,38.951011657714844,38.3337287902832,38.48823547363281,19.255250930786133,44359594421
2002-09-02,38.41061019897461,38.41061019897461,37.56267547607422,37.56267547607422,18.792205810546875,32902936481
2002-09-03,37.56267547607422,37.94783401489258,37.408172607421875,37.56267547607422,18.792205810546875,31752749966
2002-09-04,37.02227783203125,37.56267547607422,36.63711929321289,36.94539260864258,18.483381271362305,57145958279
2002-09-05,37.408172607421875,37.408172607421875,36.63711929321289,36.63711929321289,18.32915496826172,31957792095
2002-09-06,36.63711929321289,36.63711929321289,36.63711929321289,36.63711929321289,18.32915496826172,0
2002-09-09,36.868507385253906,37.56267547607422,36.71400451660156,37.408172607421875,18.714900970458984,48750177031
2002-09-10,37.408172607421875,38.951011657714844,37.253665924072266,38.951011657714844,19.486770629882812,49558517546
2002-09-11,39.33616638183594,39.33616638183594,38.56511688232422,38.951011657714844,19.486770629882812,40989717968
2002-09-12,38.951011657714844,38.951011657714844,38.179222106933594,38.48823547363281,19.255250930786133,32294468079
2002-09-13,37.48505401611328,37.7164421081543,37.02227783203125,37.09989929199219,18.560680389404297,38608734895
2002-09-16,36.71400451660156,36.868507385253906,36.096717834472656,36.405731201171875,18.213394165039062,49178944769
2002-09-17,36.17434310913086,37.7940673828125,36.17434310913086,37.7940673828125,18.90796661376953,61144158051
2002-09-18,35.86532974243164,36.17434310913086,35.17116165161133,35.17116165161133,17.59575080871582,112968608908
2002-09-19,35.48017501831055,35.55705642700195,34.7083854675293,35.17116165161133,17.59575080871582,73465780491
2002-09-20,34.32322692871094,34.40011215209961,33.166282653808594,33.55143737792969,16.785419464111328,126676288003
2002-09-23,33.166282653808594,33.7059440612793,32.39448928833008,32.47211456298828,16.24544906616211,75797395458
2002-09-24,32.009334564208984,33.08865737915039,32.009334564208984,32.62588119506836,16.322378158569336,105920386500
2002-09-25,32.78038787841797,33.011775970458984,31.62343978881836,32.39448928833008,16.20661163330078,78987027462
2002-09-26,33.629058837890625,33.7059440612793,32.857269287109375,32.857269287109375,16.43813705444336,82077349709
2002-09-27,32.857269287109375,33.08865737915039,32.39448928833008,32.39448928833008,16.20661163330078,61569057069
2002-09-30,31.7003231048584,31.7003231048584,30.852388381958008,31.7003231048584,15.859332084655762,69557291722
2002-10-01,31.160661697387695,31.931713104248047,30.852388381958008,30.92927360534668,15.47358226776123,77405814202
2002-10-02,31.7003231048584,32.009334564208984,30.852388381958008,30.852388381958008,15.435118675231934,86896919194
2002-10-03,30.311988830566406,30.311988830566406,29.07815933227539,29.07815933227539,14.547484397888184,98992186377
2002-10-04,28.383991241455078,29.772327423095703,28.383991241455078,29.309547424316406,14.663248062133789,89524174664
2002-10-07,28.92365264892578,28.92365264892578,27.766706466674805,27.766706466674805,13.89138126373291,78537828557
2002-10-08,26.995655059814453,27.612939834594727,26.918773651123047,27.458433151245117,13.73715877532959,143018927543
2002-10-09,27.458433151245117,29.00127601623535,27.2270450592041,27.766706466674805,13.89138126373291,176815140516
2002-10-10,27.766706466674805,27.766706466674805,27.766706466674805,27.766706466674805,13.89138126373291,0
2002-10-11,28.538497924804688,28.692264556884766,27.38155174255371,27.53531837463379,13.775622367858887,142303923266
2002-10-14,28.460874557495117,29.309547424316406,28.22948455810547,29.309547424316406,14.663248062133789,143797064993
2002-10-15,30.466493606567383,31.315168380737305,30.235105514526367,31.315168380737305,15.666641235351562,107764602339
2002-10-16,33.474552154541016,33.474552154541016,32.7035026550293,33.474552154541016,16.74695587158203,202784225298
2002-10-17,33.08865737915039,33.860450744628906,32.857269287109375,33.55143737792969,16.785419464111328,114359757123
2002-10-18,35.01739501953125,35.86532974243164,34.40011215209961,35.86532974243164,17.943037033081055,193637858376
2002-10-21,35.633941650390625,35.633941650390625,34.7083854675293,35.09428024291992,17.55729103088379,94279112187
2002-10-22,35.17116165161133,35.48017501831055,32.857269287109375,33.55143737792969,16.785419464111328,136840209293
2002-10-23,32.78038787841797,35.09428024291992,32.16310119628906,34.7083854675293,17.364233016967773,207266918600
2002-10-24,35.32566833496094,35.32566833496094,34.40011215209961,34.7083854675293,17.364233016967773,124002532148
2002-10-25,34.7083854675293,35.788448333740234,34.40011215209961,35.48017501831055,17.750349044799805,125819877973
2002-10-28,36.55949783325195,36.71400451660156,35.86532974243164,35.94295120239258,17.98187255859375,131088738347
2002-10-29,35.94295120239258,36.17434310913086,35.48017501831055,36.096717834472656,18.058799743652344,59101295644
2002-10-30,35.32566833496094,35.71156311035156,34.40011215209961,35.09428024291992,17.55729103088379,74077746973
2002-10-31,35.788448333740234,36.17434310913086,35.55705642700195,35.86532974243164,17.943037033081055,72249828452
2002-11-01,35.788448333740234,35.86532974243164,34.7083854675293,34.7083854675293,17.364233016967773,56491857925
2002-11-04,35.86532974243164,36.63711929321289,35.788448333740234,36.251224517822266,18.13609504699707,88400985319
2002-11-05,37.408172607421875,37.56267547607422,36.79088592529297,36.79088592529297,18.406082153320312,124262282839
2002-11-06,36.79088592529297,39.33616638183594,36.405731201171875,39.33616638183594,19.679462432861328,204144045002
2002-11-07,40.10795974731445,40.49311447143555,38.951011657714844,39.72206115722656,19.872514724731445,152395751105
2002-11-08,38.56511688232422,39.33616638183594,38.56511688232422,39.33616638183594,19.679462432861328,107783107263
2002-11-11,38.56511688232422,38.56511688232422,36.71400451660156,36.79088592529297,18.406082153320312,91990724072
2002-11-12,35.09428024291992,36.17434310913086,35.09428024291992,36.096717834472656,18.058799743652344,95338546119
2002-11-13,36.096717834472656,36.251224517822266,35.09428024291992,36.096717834472656,18.058799743652344,72543369566
2002-11-14,36.096717834472656,36.63711929321289,35.788448333740234,35.788448333740234,17.904573440551758,57321657659
2002-11-15,38.025455474853516,38.025455474853516,36.79088592529297,37.3312873840332,18.676443099975586,105183977112
2002-11-18,37.3312873840332,37.7940673828125,36.71400451660156,37.176780700683594,18.599145889282227,42476953811
2002-11-19,37.02227783203125,37.253665924072266,36.71400451660156,36.71400451660156,18.367618560791016,45870578249
2002-11-20,35.94295120239258,36.32810974121094,35.402549743652344,35.55705642700195,17.788806915283203,55682754488
2002-11-21,36.32810974121094,36.63711929321289,35.788448333740234,36.17434310913086,18.09763526916504,85523015187
2002-11-22,38.25684356689453,38.56511688232422,37.94783401489258,38.56511688232422,19.293712615966797,183661410360
2002-11-25,38.951011657714844,40.10795974731445,38.179222106933594,40.10795974731445,20.065580368041992,147887832670
2002-11-26,39.72206115722656,40.10795974731445,38.951011657714844,38.951011657714844,19.486770629882812,102202628304
2002-11-27,38.179222106933594,38.56511688232422,37.870948791503906,38.56511688232422,19.293712615966797,50155420371
2002-11-28,39.72206115722656,39.72206115722656,38.56511688232422,38.951011657714844,19.486770629882812,88820138071
2002-11-29,38.951011657714844,39.33616638183594,38.56511688232422,38.951011657714844,19.486770629882812,42270212692
2002-12-02,38.951011657714844,38.951011657714844,38.951011657714844,38.951011657714844,19.486770629882812,0
2002-12-03,40.10795974731445,41.650062561035156,39.72206115722656,41.2649040222168,20.644384384155273,126338005013
2002-12-04,40.49311447143555,40.87900924682617,40.10795974731445,40.10795974731445,20.065580368041992,73386864025
2002-12-05,39.72206115722656,40.49311447143555,39.33616638183594,40.49311447143555,20.258268356323242,48143978458
2002-12-06,39.72206115722656,40.49311447143555,39.72206115722656,39.72206115722656,19.872514724731445,51058844811
2002-12-09,40.49311447143555,40.87900924682617,39.72206115722656,40.10795974731445,20.065580368041992,50093028478
2002-12-10,38.951011657714844,38.951011657714844,38.41061019897461,38.56511688232422,19.293712615966797,93248680123
2002-12-11,38.56511688232422,38.951011657714844,38.41061019897461,38.56511688232422,19.293712615966797,86301396122
2002-12-12,38.56511688232422,38.951011657714844,37.408172607421875,37.7940673828125,18.90796661376953,63603402883
2002-12-13,37.56267547607422,38.10234069824219,37.176780700683594,37.56267547607422,18.792205810546875,61258493589
2002-12-16,36.868507385253906,37.253665924072266,36.48261260986328,36.94539260864258,18.483381271362305,60298937548
2002-12-17,37.408172607421875,37.7940673828125,36.868507385253906,36.868507385253906,18.44491958618164,43846304633
2002-12-18,36.868507385253906,37.253665924072266,36.71400451660156,37.02227783203125,18.521848678588867,44765306756
2002-12-19,34.86288833618164,36.251224517822266,34.7083854675293,35.402549743652344,17.711505889892578,109025956371
2002-12-20,35.402549743652344,36.096717834472656,34.32322692871094,35.48017501831055,17.750349044799805,93595912570
2002-12-23,35.48017501831055,35.48017501831055,33.860450744628906,34.32322692871094,17.171545028686523,57534935020
2002-12-24,34.16872024536133,34.86288833618164,34.014217376708984,34.55461883544922,17.28730583190918,34911984116
2002-12-25,34.476993560791016,34.631500244140625,33.93733215332031,34.476993560791016,17.24846649169922,15449960942
2002-12-26,34.7083854675293,35.48017501831055,34.24560546875,35.48017501831055,17.750349044799805,23857678406
2002-12-27,35.55705642700195,35.55705642700195,34.786006927490234,35.09428024291992,17.55729103088379,27456574932
2002-12-30,34.7083854675293,34.7083854675293,33.2431640625,33.32004928588867,16.669660568237305,47293731325
2002-12-31,32.78038787841797,33.32004928588867,32.78038787841797,32.857269287109375,16.43813705444336,28136119555
2003-01-01,32.857269287109375,32.857269287109375,32.857269287109375,32.857269287109375,16.43813705444336,0
2003-01-02,33.166282653808594,33.474552154541016,32.7035026550293,32.78038787841797,16.399675369262695,29925258898
2003-01-03,33.93733215332031,34.7083854675293,33.629058837890625,34.55461883544922,17.28730583190918,52579684405
2003-01-06,34.55461883544922,35.248783111572266,34.24560546875,34.55461883544922,17.28730583190918,49129154621
2003-01-07,35.248783111572266,36.17434310913086,35.01739501953125,35.01739501953125,17.51882553100586,61698515784
2003-01-08,35.09428024291992,36.55949783325195,35.01739501953125,35.86532974243164,17.943037033081055,67404817402
2003-01-09,35.48017501831055,35.788448333740234,35.09428024291992,35.48017501831055,17.750349044799805,48948028212
2003-01-10,36.405731201171875,36.48261260986328,36.17434310913086,36.405731201171875,18.213394165039062,57046935294
2003-01-13,37.02227783203125,38.951011657714844,37.02227783203125,38.951011657714844,19.486770629882812,137273311079
2003-01-14,39.33616638183594,39.33616638183594,38.56511688232422,38.951011657714844,19.486770629882812,96393056226
2003-01-15,38.951011657714844,39.33616638183594,38.25684356689453,38.951011657714844,19.486770629882812,86943424989
2003-01-16,38.951011657714844,38.951011657714844,37.48505401611328,37.48505401611328,18.753366470336914,59139106289
2003-01-17,37.02227783203125,37.94783401489258,36.63711929321289,37.63956069946289,18.830669403076172,78192755017
2003-01-20,36.71400451660156,37.02227783203125,36.251224517822266,36.94539260864258,18.483381271362305,63110711997
2003-01-21,36.94539260864258,37.408172607421875,36.63711929321289,36.71400451660156,18.367618560791016,55275862600
2003-01-22,36.71400451660156,37.02227783203125,36.17434310913086,36.868507385253906,18.44491958618164,39410885459
2003-01-23,37.63956069946289,39.33616638183594,37.63956069946289,38.951011657714844,19.486770629882812,99996484294
2003-01-24,39.33616638183594,39.72206115722656,37.870948791503906,38.10234069824219,19.06218910217285,76299782491
2003-01-27,37.56267547607422,37.7164421081543,37.09989929199219,37.7164421081543,18.869125366210938,51491860024
2003-01-28,35.633941650390625,37.3312873840332,35.48017501831055,36.79088592529297,18.406082153320312,74556364377
2003-01-29,36.79088592529297,36.79088592529297,36.79088592529297,36.79088592529297,18.406082153320312,0
2003-01-30,36.79088592529297,36.79088592529297,36.79088592529297,36.79088592529297,18.406082153320312,0
2003-01-31,36.79088592529297,36.79088592529297,36.79088592529297,36.79088592529297,18.406082153320312,0
2003-02-03,36.79088592529297,36.79088592529297,36.79088592529297,36.79088592529297,18.406082153320312,0
2003-02-04,36.79088592529297,36.79088592529297,36.79088592529297,36.79088592529297,18.406082153320312,0
2003-02-05,36.79088592529297,36.79088592529297,36.79088592529297,36.79088592529297,18.406082153320312,0
2003-02-06,34.32322692871094,34.7083854675293,34.24560546875,34.24560546875,17.132709503173828,78312317385
2003-02-07,31.854829788208008,32.93489456176758,31.854829788208008,32.39448928833008,16.20661163330078,156444098138
2003-02-10,31.854829788208008,31.854829788208008,31.237545013427734,31.392051696777344,15.705105781555176,86410429080
2003-02-11,31.854829788208008,32.39448928833008,31.77794647216797,32.009334564208984,16.013925552368164,58846760960
2003-02-12,31.54655647277832,31.77794647216797,30.92927360534668,31.160661697387695,15.58934211730957,72050164654
2003-02-13,31.160661697387695,31.7003231048584,31.00615692138672,31.00615692138672,15.512045860290527,58453282436
2003-02-14,31.7003231048584,31.854829788208008,31.315168380737305,31.62343978881836,15.820866584777832,71910988150
2003-02-17,33.7828254699707,33.7828254699707,33.011775970458984,33.7828254699707,16.901180267333984,77185984366
2003-02-18,33.7828254699707,33.7828254699707,33.011775970458984,33.08865737915039,16.553895950317383,42627000606
2003-02-19,33.860450744628906,33.860450744628906,33.166282653808594,33.166282653808594,16.592731475830078,69164819607
2003-02-20,33.166282653808594,34.09183883666992,33.011775970458984,34.014217376708984,17.01694679260254,71036376200
2003-02-21,34.7083854675293,35.402549743652344,34.476993560791016,34.631500244140625,17.325769424438477,93056499457
2003-02-24,34.86288833618164,35.09428024291992,34.32322692871094,34.93977355957031,17.479990005493164,48756659165
2003-02-25,34.7083854675293,34.7083854675293,33.166282653808594,33.166282653808594,16.592731475830078,63858229750
2003-02-26,33.32004928588867,33.7059440612793,32.93489456176758,33.011775970458984,16.51542854309082,48616795490
2003-02-27,32.47211456298828,33.011775970458984,32.009334564208984,32.39448928833008,16.20661163330078,45889288783
2003-02-28,32.39448928833008,32.39448928833008,32.39448928833008,32.39448928833008,16.20661163330078,0
2003-03-03,33.08865737915039,34.16872024536133,32.857269287109375,33.93733215332031,16.978479385375977,48204979777
2003-03-04,33.32004928588867,33.474552154541016,33.011775970458984,33.474552154541016,16.74695587158203,32170168559
2003-03-05,32.39448928833008,32.62588119506836,32.009334564208984,32.086219787597656,16.052385330200195,60949861764
2003-03-06,32.086219787597656,32.31760787963867,31.854829788208008,31.931713104248047,15.97509479522705,38581028912
2003-03-07,31.77794647216797,32.857269287109375,31.62343978881836,32.086219787597656,16.052385330200195,48518302763
2003-03-10,32.62588119506836,33.08865737915039,32.39448928833008,32.857269287109375,16.43813705444336,53968365297
2003-03-11,32.39448928833008,33.39767074584961,32.39448928833008,32.78038787841797,16.399675369262695,46218481635
2003-03-12,32.857269287109375,33.166282653808594,32.78038787841797,33.166282653808594,16.592731475830078,32006602890
2003-03-13,33.166282653808594,34.24560546875,33.011775970458984,34.014217376708984,17.01694679260254,68480959873
2003-03-14,36.096717834472656,36.096717834472656,34.93977355957031,35.09428024291992,17.55729103088379,150857310190
2003-03-17,34.7083854675293,34.86288833618164,33.93733215332031,33.93733215332031,16.978479385375977,60341060598
2003-03-18,35.788448333740234,36.251224517822266,35.48017501831055,36.251224517822266,18.13609504699707,141363072348
2003-03-19,36.55949783325195,37.176780700683594,36.251224517822266,36.94539260864258,18.483381271362305,125366615560
2003-03-20,37.7940673828125,38.3337287902832,37.02227783203125,37.48505401611328,18.753366470336914,143544153548
2003-03-21,37.63956069946289,37.63956069946289,36.94539260864258,37.408172607421875,18.714900970458984,55634506417
2003-03-24,37.7164421081543,37.7940673828125,37.253665924072266,37.408172607421875,18.714900970458984,56761429212
2003-03-25,36.251224517822266,36.48261260986328,35.71156311035156,35.94295120239258,17.98187255859375,65069090229
2003-03-26,36.405731201171875,36.71400451660156,36.251224517822266,36.251224517822266,18.13609504699707,66753806613
2003-03-27,34.7083854675293,35.17116165161133,33.93733215332031,34.631500244140625,17.325769424438477,152417480863
2003-03-28,34.476993560791016,34.7083854675293,33.55143737792969,34.24560546875,17.132709503173828,83406035690
2003-03-31,33.55143737792969,33.7828254699707,32.47211456298828,32.62588119506836,16.322378158569336,77543735402
2003-04-01,32.009334564208984,32.54899597167969,31.931713104248047,32.54899597167969,16.283910751342773,85137907165
2003-04-02,32.78038787841797,33.32004928588867,32.39448928833008,33.011775970458984,16.51542854309082,45530807291
2003-04-03,34.32322692871094,34.55461883544922,33.7059440612793,33.860450744628906,16.940017700195312,83089644783
2003-04-04,33.860450744628906,35.01739501953125,33.629058837890625,34.86288833618164,17.441524505615234,75165160133
2003-04-07,34.93977355957031,35.86532974243164,34.631500244140625,35.633941650390625,17.8272762298584,79856120398
2003-04-08,35.48017501831055,35.86532974243164,35.17116165161133,35.248783111572266,17.634580612182617,63372226608
2003-04-09,34.786006927490234,34.93977355957031,34.40011215209961,34.55461883544922,17.28730583190918,48875783259
2003-04-10,34.476993560791016,34.93977355957031,34.16872024536133,34.32322692871094,17.171545028686523,49287317610
2003-04-11,34.40011215209961,34.631500244140625,34.24560546875,34.55461883544922,17.28730583190918,24538294367
2003-04-14,34.55461883544922,34.93977355957031,33.629058837890625,33.629058837890625,16.82425308227539,38926002352
2003-04-15,34.24560546875,34.476993560791016,33.860450744628906,34.476993560791016,17.24846649169922,40375606106
2003-04-16,35.248783111572266,36.251224517822266,35.248783111572266,36.17434310913086,18.09763526916504,129519607395
2003-04-17,36.17434310913086,36.251224517822266,35.32566833496094,35.32566833496094,17.673049926757812,83916290022
2003-04-18,36.405731201171875,36.94539260864258,36.32810974121094,36.63711929321289,18.32915496826172,109353158050
2003-04-21,36.63711929321289,37.253665924072266,36.251224517822266,37.253665924072266,18.637605667114258,55647984710
2003-04-22,36.94539260864258,36.94539260864258,36.096717834472656,36.251224517822266,18.13609504699707,80199879114
2003-04-23,36.94539260864258,37.3312873840332,36.71400451660156,37.253665924072266,18.637605667114258,126460202439
2003-04-24,37.02227783203125,37.02227783203125,36.096717834472656,36.48261260986328,18.25185775756836,98290763199
2003-04-25,35.48017501831055,36.17434310913086,34.86288833618164,35.09428024291992,17.55729103088379,84724571018
2003-04-28,34.014217376708984,34.16872024536133,33.166282653808594,33.93733215332031,16.978479385375977,98643352334
2003-04-29,34.631500244140625,35.09428024291992,34.24560546875,34.786006927490234,17.403059005737305,118886537594
2003-04-30,37.176780700683594,37.176780700683594,36.55949783325195,36.868507385253906,18.44491958618164,239182284642
2003-05-01,36.868507385253906,36.868507385253906,36.868507385253906,36.868507385253906,18.44491958618164,0
2003-05-02,36.79088592529297,37.3312873840332,36.79088592529297,37.253665924072266,18.637605667114258,83687050811
2003-05-05,37.408172607421875,37.7940673828125,37.253665924072266,37.408172607421875,18.714900970458984,91162699080
2003-05-06,37.408172607421875,37.7164421081543,36.71400451660156,36.868507385253906,18.44491958618164,70984042978
2003-05-07,37.02227783203125,37.09989929199219,36.48261260986328,36.79088592529297,18.406082153320312,61006929433
2003-05-08,36.63711929321289,36.63711929321289,36.01983642578125,36.01983642578125,18.020334243774414,42516871961
2003-05-09,36.096717834472656,36.868507385253906,36.096717834472656,36.63711929321289,18.32915496826172,47392932866
2003-05-12,37.176780700683594,37.48505401611328,37.02227783203125,37.253665924072266,18.637605667114258,77305595431
2003-05-13,37.94783401489258,38.41061019897461,37.7940673828125,37.94783401489258,18.984895706176758,78423898828
2003-05-14,37.7940673828125,37.94783401489258,37.63956069946289,37.94783401489258,18.984895706176758,61289822100
2003-05-15,37.94783401489258,38.179222106933594,37.63956069946289,38.179222106933594,19.10065269470215,49432034770
2003-05-16,38.41061019897461,38.56511688232422,37.63956069946289,37.63956069946289,18.830669403076172,67041985629
2003-05-19,37.63956069946289,37.870948791503906,37.176780700683594,37.7164421081543,18.869125366210938,49004700893
2003-05-20,36.868507385253906,37.253665924072266,36.71400451660156,37.02227783203125,18.521848678588867,45992883891
2003-05-21,37.02227783203125,37.09989929199219,36.71400451660156,37.02227783203125,18.521848678588867,72198636907
2003-05-22,36.79088592529297,37.3312873840332,36.55949783325195,37.02227783203125,18.521848678588867,69367556736
2003-05-23,37.3312873840332,38.025455474853516,37.176780700683594,37.870948791503906,18.946428298950195,77408027218
2003-05-26,38.179222106933594,38.48823547363281,38.179222106933594,38.41061019897461,19.216413497924805,52531668998
2003-05-27,38.41061019897461,38.48823547363281,38.025455474853516,38.025455474853516,19.023723602294922,46901118529
2003-05-28,38.951011657714844,39.72206115722656,38.951011657714844,38.951011657714844,19.486770629882812,111594385664
2003-05-29,39.33616638183594,40.10795974731445,39.33616638183594,40.10795974731445,20.065580368041992,140509421824
2003-05-30,40.10795974731445,42.421852111816406,40.10795974731445,41.2649040222168,20.644384384155273,150196284018
2003-06-02,42.421852111816406,43.963951110839844,42.03595733642578,43.57879638671875,21.802000045776367,142074007706
2003-06-03,43.192901611328125,43.57879638671875,42.8070068359375,43.192901611328125,21.60894775390625,77388158773
2003-06-04,43.192901611328125,43.192901611328125,43.192901611328125,43.192901611328125,21.60894775390625,0
2003-06-05,43.57879638671875,45.12089920043945,43.57879638671875,44.349849700927734,22.1877498626709,135359642257
2003-06-06,44.73574447631836,45.12089920043945,44.349849700927734,45.12089920043945,22.573503494262695,86426629004
2003-06-09,44.73574447631836,46.2778434753418,44.349849700927734,45.50679397583008,22.766559600830078,111310611036
2003-06-10,44.73574447631836,45.12089920043945,43.963951110839844,44.349849700927734,22.1877498626709,53176084025
2003-06-11,44.73574447631836,44.73574447631836,43.57879638671875,43.57879638671875,21.802000045776367,60828892589
2003-06-12,43.57879638671875,46.2778434753418,43.192901611328125,45.12089920043945,22.573503494262695,136477069104
2003-06-13,44.349849700927734,44.349849700927734,43.57879638671875,43.963951110839844,21.99468994140625,66954963790
2003-06-16,43.192901611328125,43.963951110839844,43.192901611328125,43.192901611328125,21.60894775390625,51793235972
2003-06-17,43.963951110839844,45.12089920043945,43.57879638671875,44.73574447631836,22.38081169128418,100960450135
2003-06-18,45.50679397583008,45.8926887512207,45.12089920043945,45.50679397583008,22.766559600830078,84217703845
2003-06-19,45.8926887512207,45.8926887512207,45.12089920043945,45.50679397583008,22.766559600830078,64311302785
2003-06-20,45.50679397583008,45.8926887512207,44.73574447631836,45.12089920043945,22.573503494262695,47996945477
2003-06-23,44.73574447631836,45.50679397583008,44.349849700927734,44.349849700927734,22.1877498626709,39969704393
2003-06-24,43.57879638671875,43.963951110839844,43.192901611328125,43.963951110839844,21.99468994140625,55692212560
2003-06-25,43.57879638671875,44.73574447631836,43.192901611328125,43.963951110839844,21.99468994140625,53202099134
2003-06-26,43.963951110839844,44.73574447631836,43.57879638671875,43.963951110839844,21.99468994140625,32158938451
2003-06-27,44.349849700927734,44.73574447631836,43.57879638671875,43.963951110839844,21.99468994140625,46451329847
2003-06-30,43.57879638671875,44.349849700927734,43.57879638671875,43.963951110839844,21.99468994140625,28406805466
2003-07-01,43.963951110839844,45.12089920043945,43.963951110839844,45.12089920043945,22.573503494262695,60523815656
2003-07-02,45.50679397583008,46.2778434753418,45.12089920043945,46.2778434753418,23.152307510375977,57313162709
2003-07-03,47.04963684082031,48.59173583984375,47.04963684082031,47.04963684082031,23.53842544555664,85603235654
2003-07-04,47.434791564941406,47.82068634033203,47.04963684082031,47.82068634033203,23.92417335510254,76343664050
2003-07-07,45.50661849975586,47.04913330078125,45.12098693847656,47.04913330078125,23.538175582885742,93530385024
2003-07-08,47.82039260864258,48.206817626953125,47.04913330078125,47.82039260864258,23.924026489257812,99411800454
2003-07-09,46.27787399291992,47.04913330078125,45.89224624633789,46.66350555419922,23.345247268676758,70019638063
2003-07-10,46.66350555419922,46.66350555419922,44.3497314453125,44.3497314453125,22.187686920166016,60270951107
2003-07-11,43.57847213745117,44.3497314453125,43.19284439086914,44.3497314453125,22.187686920166016,56009057175
2003-07-14,44.73535919189453,46.27787399291992,44.73535919189453,45.89224624633789,22.959386825561523,66079095337
2003-07-15,46.27787399291992,46.66350555419922,45.12098693847656,45.89224624633789,22.959386825561523,43450568707
2003-07-16,45.89224624633789,46.27787399291992,45.12098693847656,45.89224624633789,22.959386825561523,37579022970
2003-07-17,45.50661849975586,45.89224624633789,44.73535919189453,44.73535919189453,22.380617141723633,56681934796
2003-07-18,43.9640998840332,45.12098693847656,43.9640998840332,44.73535919189453,22.380617141723633,49861129963
2003-07-21,44.73535919189453,45.50661849975586,43.9640998840332,43.9640998840332,21.994766235351562,33956792885
2003-07-22,43.19284439086914,44.3497314453125,43.19284439086914,43.57847213745117,21.801843643188477,55617671227
2003-07-23,43.9640998840332,45.12098693847656,43.9640998840332,44.3497314453125,22.187686920166016,63373451654
2003-07-24,44.73535919189453,45.12098693847656,44.3497314453125,45.12098693847656,22.57354164123535,79735509542
2003-07-25,44.3497314453125,44.73535919189453,43.9640998840332,43.9640998840332,21.994766235351562,58440488710
2003-07-28,44.73535919189453,45.12098693847656,44.3497314453125,44.73535919189453,22.380617141723633,39421419179
2003-07-29,44.73535919189453,44.73535919189453,43.9640998840332,43.9640998840332,21.994766235351562,27504470801
2003-07-30,43.9640998840332,44.3497314453125,43.19284439086914,43.9640998840332,21.994766235351562,53640030158
2003-07-31,43.19284439086914,45.50661849975586,43.19284439086914,45.50661849975586,22.766469955444336,114120709746
2003-08-01,45.89224624633789,46.66350555419922,45.50661849975586,46.27787399291992,23.152318954467773,93000327378
2003-08-04,46.27787399291992,46.66350555419922,45.50661849975586,46.27787399291992,23.152318954467773,51672965192
2003-08-05,46.27787399291992,46.66350555419922,45.12098693847656,45.12098693847656,22.57354164123535,58083135669
2003-08-06,44.73535919189453,45.50661849975586,44.73535919189453,45.12098693847656,22.57354164123535,32957914783
2003-08-07,45.12098693847656,46.27787399291992,44.73535919189453,46.27787399291992,23.152318954467773,52379980930
2003-08-08,45.89224624633789,45.89224624633789,44.73535919189453,44.73535919189453,22.380617141723633,45816399346
2003-08-11,43.9640998840332,44.3497314453125,43.19284439086914,43.9640998840332,21.994766235351562,50757723974
2003-08-12,43.9640998840332,44.73535919189453,43.9640998840332,43.9640998840332,21.994766235351562,28211681929
2003-08-13,44.73535919189453,45.89224624633789,44.73535919189453,45.50661849975586,22.766469955444336,58787871858
2003-08-14,45.89224624633789,46.66350555419922,45.50661849975586,45.89224624633789,22.959386825561523,75356431788
2003-08-15,46.27787399291992,47.04913330078125,46.27787399291992,47.04913330078125,23.538175582885742,69231520500
2003-08-18,47.04913330078125,47.43476104736328,46.27787399291992,47.43476104736328,23.731101989746094,64299970375
2003-08-19,48.592445373535156,48.97807693481445,47.82039260864258,48.206817626953125,24.117355346679688,108214104053
2003-08-20,48.592445373535156,48.97807693481445,48.206817626953125,48.592445373535156,24.310277938842773,46342243584
2003-08-21,48.592445373535156,49.363704681396484,48.206817626953125,49.363704681396484,24.696128845214844,59475468849
2003-08-22,49.363704681396484,49.749332427978516,48.97807693481445,49.363704681396484,24.696128845214844,48475414989
2003-08-25,49.363704681396484,49.749332427978516,48.97807693481445,49.749332427978516,24.889049530029297,55161731471
2003-08-26,49.363704681396484,49.363704681396484,48.206817626953125,48.592445373535156,24.310277938842773,46839490762
2003-08-27,48.592445373535156,50.13496398925781,48.592445373535156,49.363704681396484,24.696128845214844,69312341766
2003-08-28,50.13496398925781,51.29185104370117,49.749332427978516,50.520591735839844,25.274904251098633,110860504524
2003-08-29,50.520591735839844,52.063106536865234,50.13496398925781,51.6774787902832,25.853679656982422,80557554802
2003-09-01,52.063106536865234,52.44873809814453,51.29185104370117,52.063106536865234,26.046606063842773,42394075642
2003-09-02,51.6774787902832,52.063106536865234,50.906219482421875,51.6774787902832,25.853679656982422,37245231943
2003-09-03,52.063106536865234,52.063106536865234,51.29185104370117,51.29185104370117,25.660755157470703,33790180436
2003-09-04,51.29185104370117,51.6774787902832,50.906219482421875,50.906219482421875,25.46782875061035,35047594406
2003-09-05,52.063106536865234,53.219993591308594,52.063106536865234,52.44873809814453,26.239543914794922,47028517936
2003-09-08,52.83436584472656,54.76251220703125,52.44873809814453,54.76251220703125,27.397090911865234,73586720610
2003-09-09,55.91939926147461,55.91939926147461,54.37688064575195,54.37688064575195,27.204166412353516,75344037056
2003-09-10,53.99125289916992,54.37688064575195,53.219993591308594,53.60562515258789,26.818315505981445,60459657641
2003-09-11,53.60562515258789,53.60562515258789,53.60562515258789,53.60562515258789,26.818315505981445,0
2003-09-12,52.83436584472656,53.219993591308594,52.44873809814453,52.44873809814453,26.239543914794922,52673822244
2003-09-15,52.44873809814453,52.44873809814453,51.29185104370117,51.6774787902832,25.853679656982422,44112319124
2003-09-16,50.906219482421875,52.83436584472656,50.906219482421875,52.83436584472656,26.432466506958008,62011519134
2003-09-17,53.60562515258789,55.53376770019531,53.60562515258789,55.14813995361328,27.59001922607422,106909841604
2003-09-18,54.76251220703125,55.14813995361328,53.99125289916992,54.37688064575195,27.204166412353516,50232185345
2003-09-19,54.37688064575195,54.76251220703125,53.219993591308594,53.219993591308594,26.625389099121094,40103307278
2003-09-22,52.83436584472656,52.83436584472656,52.063106536865234,52.063106536865234,26.046606063842773,44099438423
2003-09-23,51.6774787902832,52.44873809814453,51.29185104370117,52.44873809814453,26.239543914794922,40647723574
2003-09-24,52.44873809814453,52.44873809814453,51.6774787902832,52.44873809814453,26.239543914794922,39425352026
2003-09-25,51.29185104370117,51.6774787902832,50.906219482421875,51.29185104370117,25.660755157470703,45384682924
2003-09-26,51.29185104370117,51.6774787902832,50.520591735839844,50.906219482421875,25.46782875061035,49326898990
2003-09-29,50.906219482421875,52.063106536865234,50.520591735839844,51.29185104370117,25.660755157470703,44230610155
2003-09-30,51.29185104370117,52.063106536865234,51.29185104370117,51.29185104370117,25.660755157470703,25407273678
2003-10-01,51.29185104370117,51.6774787902832,50.906219482421875,51.29185104370117,25.660755157470703,24671014590
2003-10-02,52.063106536865234,52.83436584472656,51.6774787902832,52.83436584472656,26.432466506958008,39922120749
2003-10-03,53.219993591308594,53.99125289916992,52.44873809814453,53.99125289916992,27.011234283447266,52698696877
2003-10-06,55.14813995361328,55.14813995361328,53.99125289916992,54.76251220703125,27.397090911865234,63513105311
2003-10-07,54.76251220703125,54.76251220703125,53.219993591308594,53.99125289916992,27.011234283447266,56382722765
2003-10-08,53.99125289916992,54.37688064575195,53.219993591308594,53.60562515258789,26.818315505981445,42244647482
2003-10-09,52.83436584472656,53.60562515258789,52.44873809814453,53.219993591308594,26.625389099121094,46467769050
2003-10-10,53.219993591308594,53.219993591308594,53.219993591308594,53.219993591308594,26.625389099121094,0
2003-10-13,53.60562515258789,54.37688064575195,53.60562515258789,53.99125289916992,27.011234283447266,56550702943
2003-10-14,54.37688064575195,54.76251220703125,52.83436584472656,52.83436584472656,26.432466506958008,57016066502
2003-10-15,52.83436584472656,53.60562515258789,52.44873809814453,52.44873809814453,26.239543914794922,53098224070
2003-10-16,52.44873809814453,53.60562515258789,52.063106536865234,53.60562515258789,26.818315505981445,43381505903
2003-10-17,53.99125289916992,53.99125289916992,52.44873809814453,52.44873809814453,26.239543914794922,28499052832
2003-10-20,52.063106536865234,52.83436584472656,51.6774787902832,52.44873809814453,26.239543914794922,53462906736
2003-10-21,52.83436584472656,52.83436584472656,50.906219482421875,51.6774787902832,25.853679656982422,124954937727
2003-10-22,50.520591735839844,51.29185104370117,50.520591735839844,50.906219482421875,25.46782875061035,47089780175
2003-10-23,50.520591735839844,50.520591735839844,49.749332427978516,49.749332427978516,24.889049530029297,59432923957
2003-10-24,49.749332427978516,50.13496398925781,49.749332427978516,49.749332427978516,24.889049530029297,50638370824
2003-10-27,50.13496398925781,50.906219482421875,50.13496398925781,50.520591735839844,25.274904251098633,27947760315
2003-10-28,50.906219482421875,52.44873809814453,50.520591735839844,52.44873809814453,26.239543914794922,68341319245
2003-10-29,54.76251220703125,54.76251220703125,53.219993591308594,53.60562515258789,26.818315505981445,86353845379
2003-10-30,53.60562515258789,53.60562515258789,52.83436584472656,53.60562515258789,26.818315505981445,46748108423
2003-10-31,53.60562515258789,53.60562515258789,51.6774787902832,51.6774787902832,25.853679656982422,35997276847
2003-11-03,51.6774787902832,52.44873809814453,51.6774787902832,51.6774787902832,25.853679656982422,32278812241
2003-11-04,52.44873809814453,53.219993591308594,52.44873809814453,52.83436584472656,26.432466506958008,39473986569
2003-11-05,52.83436584472656,53.60562515258789,52.83436584472656,53.60562515258789,26.818315505981445,49296353040
2003-11-06,53.99125289916992,53.99125289916992,52.063106536865234,53.219993591308594,26.625389099121094,62787532546
2003-11-07,53.60562515258789,53.60562515258789,52.44873809814453,53.219993591308594,26.625389099121094,37384807945
2003-11-10,53.219993591308594,53.219993591308594,52.063106536865234,52.44873809814453,26.239543914794922,36922991463
2003-11-11,50.906219482421875,51.29185104370117,50.13496398925781,50.906219482421875,25.46782875061035,105287284048
2003-11-12,50.906219482421875,51.6774787902832,50.520591735839844,51.29185104370117,25.660755157470703,74206026336
2003-11-13,52.063106536865234,52.44873809814453,51.6774787902832,52.063106536865234,26.046606063842773,34684860629
2003-11-14,52.063106536865234,52.44873809814453,51.6774787902832,52.063106536865234,26.046606063842773,30487816093
2003-11-17,51.6774787902832,51.6774787902832,50.520591735839844,51.29185104370117,25.660755157470703,33994685995
2003-11-18,50.520591735839844,51.6774787902832,50.520591735839844,51.6774787902832,25.853679656982422,44979795035
2003-11-19,50.906219482421875,51.29185104370117,50.520591735839844,50.906219482421875,25.46782875061035,34973078221
2003-11-20,50.520591735839844,50.906219482421875,49.749332427978516,50.520591735839844,25.274904251098633,56741012676
2003-11-21,50.13496398925781,50.13496398925781,49.363704681396484,50.13496398925781,25.08197593688965,65098363442
2003-11-24,50.13496398925781,50.520591735839844,49.363704681396484,49.363704681396484,24.696128845214844,33096361030
2003-11-25,50.520591735839844,50.906219482421875,50.13496398925781,50.520591735839844,25.274904251098633,31656347712
2003-11-26,50.520591735839844,50.906219482421875,49.749332427978516,50.13496398925781,25.08197593688965,30805913305
2003-11-27,49.749332427978516,50.13496398925781,48.592445373535156,48.592445373535156,24.310277938842773,53578953289
2003-11-28,48.97807693481445,49.749332427978516,48.97807693481445,48.97807693481445,24.503206253051758,33359333249
2003-12-01,48.592445373535156,49.749332427978516,48.206817626953125,49.363704681396484,24.696128845214844,27982847827
2003-12-02,50.13496398925781,50.906219482421875,49.749332427978516,50.906219482421875,25.46782875061035,45087494933
2003-12-03,51.29185104370117,51.29185104370117,50.906219482421875,51.29185104370117,25.660755157470703,38394367360
2003-12-04,50.906219482421875,51.6774787902832,50.906219482421875,51.6774787902832,25.853679656982422,38222902730
2003-12-05,51.29185104370117,51.29185104370117,50.13496398925781,50.13496398925781,25.08197593688965,38966839637
2003-12-08,49.749332427978516,49.749332427978516,48.97807693481445,48.97807693481445,24.503206253051758,37655906378
2003-12-09,49.363704681396484,49.749332427978516,48.97807693481445,49.749332427978516,24.889049530029297,38300392348
2003-12-10,48.206817626953125,48.206817626953125,47.04913330078125,47.82039260864258,23.924026489257812,137454348315
2003-12-11,47.43476104736328,48.206817626953125,47.43476104736328,48.206817626953125,24.117355346679688,84341179424
2003-12-12,48.97807693481445,48.97807693481445,47.43476104736328,47.82039260864258,23.924026489257812,58444822358
2003-12-15,48.206817626953125,48.592445373535156,47.82039260864258,48.592445373535156,24.310277938842773,44587677627
2003-12-16,47.82039260864258,47.82039260864258,47.04913330078125,47.04913330078125,23.538175582885742,62468891749
2003-12-17,47.04913330078125,47.04913330078125,45.50661849975586,45.89224624633789,22.959386825561523,105078026508
2003-12-18,45.50661849975586,46.66350555419922,45.12098693847656,46.27787399291992,23.152318954467773,53048845543
2003-12-19,47.43476104736328,47.43476104736328,46.27787399291992,46.27787399291992,23.152318954467773,38567770859
2003-12-22,46.66350555419922,47.82039260864258,46.27787399291992,47.43476104736328,23.731101989746094,48458250740
2003-12-23,47.43476104736328,48.206817626953125,47.43476104736328,47.82039260864258,23.924026489257812,35672806918
2003-12-24,47.82039260864258,47.82039260864258,47.04913330078125,47.43476104736328,23.731101989746094,25285535769
2003-12-25,47.43476104736328,47.82039260864258,47.04913330078125,47.82039260864258,23.924026489257812,7210784224
2003-12-26,47.82039260864258,48.206817626953125,47.43476104736328,47.82039260864258,23.924026489257812,14701175109
2003-12-29,47.82039260864258,48.206817626953125,47.43476104736328,47.82039260864258,23.924026489257812,21356611224
2003-12-30,48.206817626953125,48.97807693481445,47.82039260864258,48.592445373535156,24.310277938842773,92688485147
2003-12-31,48.592445373535156,48.97807693481445,48.206817626953125,48.97807693481445,24.503206253051758,19860295564
2004-01-01,48.97807693481445,48.97807693481445,48.97807693481445,48.97807693481445,24.503206253051758,0
2004-01-02,48.97807693481445,50.520591735839844,48.97807693481445,50.520591735839844,25.274904251098633,75096573281
2004-01-05,50.520591735839844,50.906219482421875,50.13496398925781,50.906219482421875,25.46782875061035,40274020409
2004-01-06,50.906219482421875,51.29185104370117,50.13496398925781,50.906219482421875,25.46782875061035,42246846871
2004-01-07,50.906219482421875,51.29185104370117,50.13496398925781,50.520591735839844,25.274904251098633,57748718393
2004-01-08,50.906219482421875,51.29185104370117,50.520591735839844,50.520591735839844,25.274904251098633,35635863203
2004-01-09,51.6774787902832,52.063106536865234,51.29185104370117,52.063106536865234,26.046606063842773,72428198964
2004-01-12,52.063106536865234,52.44873809814453,51.29185104370117,52.063106536865234,26.046606063842773,32366304318
2004-01-13,52.44873809814453,52.44873809814453,51.6774787902832,52.063106536865234,26.046606063842773,31056560933
2004-01-14,51.6774787902832,52.44873809814453,51.29185104370117,51.6774787902832,25.853679656982422,39630308484
2004-01-15,52.063106536865234,52.063106536865234,50.906219482421875,51.6774787902832,25.853679656982422,43363600175
2004-01-16,51.6774787902832,52.063106536865234,51.29185104370117,51.29185104370117,25.660755157470703,32418385738
2004-01-19,51.29185104370117,51.29185104370117,51.29185104370117,51.29185104370117,25.660755157470703,0
2004-01-20,51.29185104370117,51.29185104370117,51.29185104370117,51.29185104370117,25.660755157470703,0
2004-01-21,51.29185104370117,51.29185104370117,51.29185104370117,51.29185104370117,25.660755157470703,0
2004-01-22,51.29185104370117,51.29185104370117,51.29185104370117,51.29185104370117,25.660755157470703,0
2004-01-23,51.29185104370117,51.29185104370117,51.29185104370117,51.29185104370117,25.660755157470703,0
2004-01-26,51.29185104370117,51.29185104370117,51.29185104370117,51.29185104370117,25.660755157470703,0
2004-01-27,52.44873809814453,52.83436584472656,52.063106536865234,52.83436584472656,26.432466506958008,81458086671
2004-01-28,52.063106536865234,52.44873809814453,51.6774787902832,52.063106536865234,26.046606063842773,41273422056
2004-01-29,51.29185104370117,52.44873809814453,51.29185104370117,51.29185104370117,25.660755157470703,86873011292
2004-01-30,51.29185104370117,51.6774787902832,50.520591735839844,50.906219482421875,25.46782875061035,52905669859
2004-02-02,50.906219482421875,51.29185104370117,50.13496398925781,50.13496398925781,25.08197593688965,31620533751
2004-02-03,49.363704681396484,49.749332427978516,48.592445373535156,48.97807693481445,24.503206253051758,78128703415
2004-02-04,48.97807693481445,48.97807693481445,48.206817626953125,48.206817626953125,24.117355346679688,44442032014
2004-02-05,48.206817626953125,48.97807693481445,47.82039260864258,48.206817626953125,24.117355346679688,48073147328
2004-02-06,48.592445373535156,49.363704681396484,48.592445373535156,48.592445373535156,24.310277938842773,34788161750
2004-02-09,49.363704681396484,50.520591735839844,49.363704681396484,50.13496398925781,25.08197593688965,46450068732
2004-02-10,50.13496398925781,50.520591735839844,49.363704681396484,49.363704681396484,24.696128845214844,36529491296
2004-02-11,49.749332427978516,49.749332427978516,48.97807693481445,49.363704681396484,24.696128845214844,25306778155
2004-02-12,49.363704681396484,50.13496398925781,49.363704681396484,49.749332427978516,24.889049530029297,66227356167
2004-02-13,49.749332427978516,49.749332427978516,48.97807693481445,49.363704681396484,24.696128845214844,38525854722
2004-02-16,49.363704681396484,49.363704681396484,48.206817626953125,48.206817626953125,24.117355346679688,59737436564
2004-02-17,48.206817626953125,48.97807693481445,48.206817626953125,48.206817626953125,24.117355346679688,42890781741
2004-02-18,48.97807693481445,49.363704681396484,48.592445373535156,48.592445373535156,24.310277938842773,67158874865
2004-02-19,48.97807693481445,49.363704681396484,48.592445373535156,48.97807693481445,24.503206253051758,59513264264
2004-02-20,48.97807693481445,49.363704681396484,48.592445373535156,48.97807693481445,24.503206253051758,71642481189
2004-02-23,48.592445373535156,48.97807693481445,47.82039260864258,48.206817626953125,24.117355346679688,65118193009
2004-02-24,47.82039260864258,48.206817626953125,47.43476104736328,47.43476104736328,23.731101989746094,57056792765
2004-02-25,47.82039260864258,48.206817626953125,47.43476104736328,47.43476104736328,23.731101989746094,55758417063
2004-02-26,48.206817626953125,48.97807693481445,47.82039260864258,48.97807693481445,24.503206253051758,59569366206
2004-02-27,48.97807693481445,48.97807693481445,48.206817626953125,48.97807693481445,24.503206253051758,50344409270
2004-03-01,48.97807693481445,49.749332427978516,48.592445373535156,49.749332427978516,24.889049530029297,70684384459
2004-03-02,50.520591735839844,51.6774787902832,50.13496398925781,51.6774787902832,25.853679656982422,135451351653
2004-03-03,51.6774787902832,52.063106536865234,50.520591735839844,50.906219482421875,25.46782875061035,78815548906
2004-03-04,50.906219482421875,52.063106536865234,50.520591735839844,51.6774787902832,25.853679656982422,102016096914
2004-03-05,52.44873809814453,52.83436584472656,51.6774787902832,51.6774787902832,25.853679656982422,116491650582
2004-03-08,50.906219482421875,52.063106536865234,50.906219482421875,50.906219482421875,25.46782875061035,55670361361
2004-03-09,50.13496398925781,50.906219482421875,49.749332427978516,50.520591735839844,25.274904251098633,49940613560
2004-03-10,50.13496398925781,50.13496398925781,48.592445373535156,48.592445373535156,24.310277938842773,119262980330
2004-03-11,47.82039260864258,49.363704681396484,47.82039260864258,48.97807693481445,24.503206253051758,67802288695
2004-03-12,48.206817626953125,48.592445373535156,47.82039260864258,47.82039260864258,23.924026489257812,113946512162
2004-03-15,48.592445373535156,48.97807693481445,47.04913330078125,47.04913330078125,23.538175582885742,60407658886
2004-03-16,47.43476104736328,47.43476104736328,46.27787399291992,46.66350555419922,23.345247268676758,84634725148
2004-03-17,47.04913330078125,47.43476104736328,46.27787399291992,46.66350555419922,23.345247268676758,89454311868
2004-03-18,46.27787399291992,48.206817626953125,46.27787399291992,47.82039260864258,23.924026489257812,152536452257
2004-03-19,47.82039260864258,48.592445373535156,47.43476104736328,48.592445373535156,24.310277938842773,50284855440
2004-03-22,45.50661849975586,45.50661849975586,45.50661849975586,45.50661849975586,22.766469955444336,14709469158
2004-03-23,42.42158508300781,43.9640998840332,42.42158508300781,42.42158508300781,21.223068237304688,338383911337
2004-03-24,45.12098693847656,45.12098693847656,43.9640998840332,44.73535919189453,22.380617141723633,191804415239
2004-03-25,45.50661849975586,45.50661849975586,44.3497314453125,44.73535919189453,22.380617141723633,99468714016
2004-03-26,45.50661849975586,45.89224624633789,44.73535919189453,45.12098693847656,22.57354164123535,64095071532
2004-03-29,46.27787399291992,47.43476104736328,45.89224624633789,47.43476104736328,23.731101989746094,63163056845
2004-03-30,47.04913330078125,47.43476104736328,46.27787399291992,46.27787399291992,23.152318954467773,58881388456
2004-03-31,46.66350555419922,47.04913330078125,45.89224624633789,46.27787399291992,23.152318954467773,45705002070
2004-04-01,45.89224624633789,46.27787399291992,45.50661849975586,45.89224624633789,22.959386825561523,51577118946
2004-04-02,45.89224624633789,46.27787399291992,45.12098693847656,45.89224624633789,22.959386825561523,46253291094
2004-04-05,47.04913330078125,47.82039260864258,46.27787399291992,47.82039260864258,23.924026489257812,81636893451
2004-04-06,48.206817626953125,48.206817626953125,47.04913330078125,47.82039260864258,23.924026489257812,64074695876
2004-04-07,47.43476104736328,47.82039260864258,47.04913330078125,47.43476104736328,23.731101989746094,21580094650
2004-04-08,47.04913330078125,47.43476104736328,46.66350555419922,47.04913330078125,23.538175582885742,38234543457
2004-04-09,46.66350555419922,47.04913330078125,46.27787399291992,46.27787399291992,23.152318954467773,25151074974
2004-04-12,46.66350555419922,47.82039260864258,46.66350555419922,47.04913330078125,23.538175582885742,41585915587
2004-04-13,47.43476104736328,47.82039260864258,46.27787399291992,46.66350555419922,23.345247268676758,40807655192
2004-04-14,46.66350555419922,48.97807693481445,46.27787399291992,48.592445373535156,24.310277938842773,86126732211
2004-04-15,48.592445373535156,48.592445373535156,47.04913330078125,47.04913330078125,23.538175582885742,57452402141
2004-04-16,46.66350555419922,47.43476104736328,46.27787399291992,47.04913330078125,23.538175582885742,82229731365
2004-04-19,46.66350555419922,47.04913330078125,45.89224624633789,45.89224624633789,22.959386825561523,68277567038
2004-04-20,46.27787399291992,47.43476104736328,46.27787399291992,47.04913330078125,23.538175582885742,51785354447
2004-04-21,47.04913330078125,47.43476104736328,47.04913330078125,47.43476104736328,23.731101989746094,57984263385
2004-04-22,48.206817626953125,49.363704681396484,47.04913330078125,47.82039260864258,23.924026489257812,168975343453
2004-04-23,48.592445373535156,49.363704681396484,48.206817626953125,49.363704681396484,24.696128845214844,123657919733
2004-04-26,49.363704681396484,49.749332427978516,48.97807693481445,48.97807693481445,24.503206253051758,75043367117
2004-04-27,48.97807693481445,48.97807693481445,47.82039260864258,48.97807693481445,24.503206253051758,61855492809
2004-04-28,48.592445373535156,48.97807693481445,47.82039260864258,47.82039260864258,23.924026489257812,42400077618
2004-04-29,46.27787399291992,47.04913330078125,45.89224624633789,46.66350555419922,23.345247268676758,116496329919
2004-04-30,46.27787399291992,46.27787399291992,43.57847213745117,44.3497314453125,22.187686920166016,117918718068
2004-05-03,44.3497314453125,45.12098693847656,43.9640998840332,44.73535919189453,22.380617141723633,45051533177
2004-05-04,45.50661849975586,45.89224624633789,45.12098693847656,45.50661849975586,22.766469955444336,40181643586
2004-05-05,45.50661849975586,45.50661849975586,42.42158508300781,42.42158508300781,21.223068237304688,100411635466
2004-05-06,43.19284439086914,43.9640998840332,42.807212829589844,42.807212829589844,21.415990829467773,107086995086
2004-05-07,42.42158508300781,43.9640998840332,42.42158508300781,43.9640998840332,21.994766235351562,79685895545
2004-05-10,43.19284439086914,43.19284439086914,41.650325775146484,42.42158508300781,21.223068237304688,73920681977
2004-05-11,42.807212829589844,44.3497314453125,41.26469802856445,44.3497314453125,22.187686920166016,67254610891
2004-05-12,44.73535919189453,45.12098693847656,43.9640998840332,44.3497314453125,22.187686920166016,66123068077
2004-05-13,43.9640998840332,43.9640998840332,42.42158508300781,43.9640998840332,21.994766235351562,66581452711
2004-05-14,43.57847213745117,43.9640998840332,42.03595733642578,42.42158508300781,21.223068237304688,78750063240
2004-05-17,41.26469802856445,41.26469802856445,39.72218322753906,39.72218322753906,19.872581481933594,86322031900
2004-05-18,40.107810974121094,40.87907028198242,39.72218322753906,40.107810974121094,20.065500259399414,57083896847
2004-05-19,41.650325775146484,42.807212829589844,41.26469802856445,42.807212829589844,21.415990829467773,81206930528
2004-05-20,41.650325775146484,42.42158508300781,40.87907028198242,42.42158508300781,21.223068237304688,90653143947
2004-05-21,42.03595733642578,43.19284439086914,41.650325775146484,42.42158508300781,21.223068237304688,73720612771
2004-05-24,42.42158508300781,42.42158508300781,41.26469802856445,41.650325775146484,20.837209701538086,38600894452
2004-05-25,41.650325775146484,42.807212829589844,41.26469802856445,42.03595733642578,21.030141830444336,39175308103
2004-05-26,43.57847213745117,43.9640998840332,43.19284439086914,43.19284439086914,21.608915328979492,61119564380
2004-05-27,43.9640998840332,43.9640998840332,43.19284439086914,43.9640998840332,21.994766235351562,48113713271
2004-05-28,44.3497314453125,44.73535919189453,43.9640998840332,44.73535919189453,22.380617141723633,69947358842
2004-05-31,44.3497314453125,44.3497314453125,43.19284439086914,43.19284439086914,21.608915328979492,33106919598
2004-06-01,43.19284439086914,43.9640998840332,42.807212829589844,43.57847213745117,21.801843643188477,30231917989
2004-06-02,43.19284439086914,43.57847213745117,42.03595733642578,42.807212829589844,21.415990829467773,50458326574
2004-06-03,42.807212829589844,43.19284439086914,40.87907028198242,40.87907028198242,20.451356887817383,70389020107
2004-06-04,40.87907028198242,41.650325775146484,40.493438720703125,40.87907028198242,20.451356887817383,58741995319
2004-06-07,42.03595733642578,42.42158508300781,41.650325775146484,42.42158508300781,21.223068237304688,43261676803
2004-06-08,42.807212829589844,43.57847213745117,42.42158508300781,43.57847213745117,21.801843643188477,52369399817
2004-06-09,42.807212829589844,43.19284439086914,42.42158508300781,42.42158508300781,21.223068237304688,38013850599
2004-06-10,41.650325775146484,42.03595733642578,40.87907028198242,40.87907028198242,20.451356887817383,61053061685
2004-06-11,40.107810974121094,40.107810974121094,38.5652961730957,38.950923919677734,19.486726760864258,107893814967
2004-06-14,38.71754455566406,39.949954986572266,38.01435089111328,38.1017951965332,19.300750732421875,113316447664
2004-06-15,38.1017951965332,38.1017951965332,37.39768981933594,37.837642669677734,19.166946411132812,98036108718
2004-06-16,39.51000213623047,39.51000213623047,37.837642669677734,38.277591705322266,19.389801025390625,84062262225
2004-06-17,38.1017951965332,39.598358154296875,38.1017951965332,38.98169708251953,19.74647331237793,103497931522
2004-06-18,38.36594772338867,38.36594772338867,37.221893310546875,37.661842346191406,19.077890396118164,70348210608
2004-06-21,38.98169708251953,38.98169708251953,38.01435089111328,38.277591705322266,19.389801025390625,50995565009
2004-06-22,38.277591705322266,38.277591705322266,38.277591705322266,38.277591705322266,19.389801025390625,0
2004-06-23,38.36594772338867,40.4782600402832,38.36594772338867,40.214107513427734,20.370758056640625,109654288439
2004-06-24,40.74150466918945,40.74150466918945,40.214107513427734,40.301551818847656,20.415056228637695,46748331561
2004-06-25,40.301551818847656,40.74150466918945,40.12575149536133,40.65406036376953,20.593624114990234,35313966816
2004-06-28,40.565704345703125,40.74150466918945,39.598358154296875,40.38990783691406,20.45981216430664,34155088882
2004-06-29,40.03831100463867,40.565704345703125,39.86159896850586,40.565704345703125,20.548864364624023,31987220079
2004-06-30,41.3581657409668,42.589664459228516,41.3581657409668,42.589664459228516,21.574111938476562,84527539216
2004-07-01,42.678016662597656,42.942169189453125,42.32550811767578,42.589664459228516,21.574111938476562,40285560726
2004-07-02,40.74150466918945,41.181453704833984,40.4782600402832,40.65406036376953,20.593624114990234,70731377312
2004-07-05,39.598358154296875,40.03831100463867,39.245849609375,39.42164993286133,19.96933364868164,36094475644
2004-07-06,39.42164993286133,40.4782600402832,39.42164993286133,40.4782600402832,20.504568099975586,25355314700
2004-07-07,39.15749740600586,39.598358154296875,38.98169708251953,39.334205627441406,19.92503547668457,51088649390
2004-07-08,39.598358154296875,40.301551818847656,39.51000213623047,39.598358154296875,20.058847427368164,43033971834
2004-07-09,39.86159896850586,40.565704345703125,39.51000213623047,40.4782600402832,20.504568099975586,41715881710
2004-07-12,40.4782600402832,40.4782600402832,39.15749740600586,39.42164993286133,19.96933364868164,50840377531
2004-07-13,38.89425277709961,39.15749740600586,38.71754455566406,38.89425277709961,19.702180862426758,48811729097
2004-07-14,39.15749740600586,39.42164993286133,38.80590057373047,38.89425277709961,19.702180862426758,43236498540
2004-07-15,38.01435089111328,38.190147399902344,37.221893310546875,37.837642669677734,19.166946411132812,93174519231
2004-07-16,36.957740783691406,38.01435089111328,36.957740783691406,37.39768981933594,18.944082260131836,62835198344
2004-07-19,37.221893310546875,37.39768981933594,36.78194046020508,37.13444900512695,18.810733795166016,49032212214
2004-07-20,36.694496154785156,37.04609298706055,36.51778793334961,36.51778793334961,18.49836540222168,66092901386
2004-07-21,37.221893310546875,38.63010025024414,37.04609298706055,38.190147399902344,19.345504760742188,77488231029
2004-07-22,36.957740783691406,38.277591705322266,36.957740783691406,38.1017951965332,19.300750732421875,87100386778
2004-07-23,37.837642669677734,38.36594772338867,37.57440185546875,37.661842346191406,19.077890396118164,39942737760
2004-07-26,36.51778793334961,36.694496154785156,35.99039077758789,35.99039077758789,18.231201171875,75751311690
2004-07-27,35.99039077758789,37.221893310546875,35.813682556152344,36.694496154785156,18.587873458862305,70110776710
2004-07-28,36.957740783691406,37.39768981933594,36.60614013671875,36.694496154785156,18.587873458862305,66424442861
2004-07-29,36.694496154785156,36.870296478271484,36.07783508300781,36.07783508300781,18.275503158569336,57120501501
2004-07-30,37.57440185546875,38.1017951965332,37.221893310546875,37.75019836425781,19.122652053833008,113113363251
2004-08-02,37.75019836425781,37.837642669677734,37.310245513916016,37.661842346191406,19.077890396118164,52584771024
2004-08-03,37.837642669677734,38.80590057373047,37.75019836425781,38.71754455566406,19.612667083740234,71687761475
2004-08-04,38.36594772338867,38.71754455566406,38.1017951965332,38.541744232177734,19.523616790771484,50814051124
2004-08-05,38.71754455566406,39.86159896850586,38.1017951965332,39.598358154296875,20.058847427368164,74169013338
2004-08-06,39.15749740600586,39.598358154296875,38.541744232177734,38.71754455566406,19.612667083740234,58624417859
2004-08-09,37.837642669677734,38.541744232177734,37.75019836425781,38.1017951965332,19.300750732421875,61371221716
2004-08-10,38.1017951965332,38.36594772338867,37.925994873046875,38.1017951965332,19.300750732421875,21795900924
2004-08-11,38.541744232177734,39.07005310058594,38.541744232177734,38.541744232177734,19.523616790771484,60926838978
2004-08-12,38.190147399902344,38.541744232177734,37.925994873046875,38.541744232177734,19.523616790771484,32492619043
2004-08-13,38.01435089111328,38.80590057373047,38.01435089111328,38.541744232177734,19.523616790771484,36585159046
2004-08-16,38.45430374145508,38.45430374145508,38.190147399902344,38.190147399902344,19.345504760742188,25559606746
2004-08-17,38.36594772338867,38.63010025024414,38.36594772338867,38.541744232177734,19.523616790771484,18408142353
2004-08-18,38.541744232177734,39.7741584777832,38.36594772338867,39.42164993286133,19.96933364868164,77122155631
2004-08-19,40.12575149536133,41.26980972290039,40.12575149536133,41.181453704833984,20.86077880859375,100609360288
2004-08-20,40.918212890625,41.181453704833984,40.74150466918945,40.829856872558594,20.68267059326172,51903182740
2004-08-23,40.829856872558594,41.62140655517578,40.829856872558594,41.3581657409668,20.950288772583008,44596241037
2004-08-24,41.3581657409668,41.3581657409668,41.3581657409668,41.3581657409668,20.950288772583008,0
2004-08-25,41.3581657409668,41.3581657409668,41.3581657409668,41.3581657409668,20.950288772583008,0
2004-08-26,42.06135559082031,42.942169189453125,42.06135559082031,42.76546096801758,21.663169860839844,137066512391
2004-08-27,42.678016662597656,42.678016662597656,42.238067626953125,42.238067626953125,21.39601707458496,46286067066
2004-08-30,42.238067626953125,42.502220153808594,42.06135559082031,42.32550811767578,21.440305709838867,53305372453
2004-08-31,42.06135559082031,42.32550811767578,41.181453704833984,41.3581657409668,20.950288772583008,58552333124
2004-09-01,41.3581657409668,41.79811477661133,41.26980972290039,41.44560623168945,20.99458122253418,54005075237
2004-09-02,40.918212890625,41.26980972290039,39.949954986572266,40.38990783691406,20.45981216430664,63918998808
2004-09-03,39.7741584777832,39.86159896850586,38.71754455566406,39.07005310058594,19.791231155395508,126728011270
2004-09-06,38.541744232177734,38.89425277709961,38.1017951965332,38.71754455566406,19.612667083740234,68694328141
2004-09-07,38.71754455566406,39.07005310058594,38.541744232177734,39.07005310058594,19.791231155395508,34033030082
2004-09-08,38.98169708251953,38.98169708251953,38.541744232177734,38.63010025024414,19.568374633789062,35283890157
2004-09-09,38.63010025024414,38.80590057373047,38.277591705322266,38.45430374145508,19.47932243347168,42881853941
2004-09-10,39.51000213623047,39.51000213623047,38.98169708251953,39.245849609375,19.880281448364258,52491370462
2004-09-13,40.38990783691406,40.4782600402832,39.86159896850586,40.38990783691406,20.45981216430664,82727058838
2004-09-14,40.4782600402832,40.565704345703125,39.949954986572266,40.03831100463867,20.281707763671875,57759550350
2004-09-15,39.949954986572266,40.12575149536133,39.7741584777832,39.949954986572266,20.236953735351562,28846800196
2004-09-16,39.15749740600586,39.949954986572266,39.07005310058594,39.949954986572266,20.236953735351562,38571955299
2004-09-17,39.598358154296875,39.7741584777832,39.15749740600586,39.42164993286133,19.96933364868164,35446947013
2004-09-20,39.6858024597168,39.949954986572266,39.42164993286133,39.7741584777832,20.147897720336914,28751638685
2004-09-21,40.4782600402832,40.4782600402832,39.949954986572266,40.4782600402832,20.504568099975586,50264858982
2004-09-22,40.4782600402832,40.4782600402832,39.86159896850586,40.301551818847656,20.415056228637695,33621707955
2004-09-23,39.42164993286133,39.6858024597168,39.42164993286133,39.51000213623047,20.014095306396484,41734597832
2004-09-24,39.598358154296875,39.598358154296875,38.45430374145508,38.45430374145508,19.47932243347168,77032114486
2004-09-27,38.190147399902344,38.190147399902344,37.486045837402344,37.837642669677734,19.166946411132812,75683974052
2004-09-28,37.837642669677734,37.837642669677734,37.837642669677734,37.837642669677734,19.166946411132812,0
2004-09-29,37.39768981933594,38.277591705322266,37.39768981933594,37.57440185546875,19.033592224121094,40361650413
2004-09-30,37.925994873046875,38.45430374145508,37.925994873046875,38.1017951965332,19.300750732421875,44969847676
2004-10-01,38.63010025024414,39.15749740600586,38.36594772338867,39.15749740600586,19.83552360534668,44043250339
2004-10-04,39.598358154296875,40.03831100463867,39.51000213623047,40.03831100463867,20.281707763671875,86714251491
2004-10-05,40.03831100463867,40.03831100463867,39.6858024597168,39.86159896850586,20.192197799682617,47380051173
2004-10-06,39.86159896850586,40.03831100463867,39.15749740600586,39.598358154296875,20.058847427368164,51228958824
2004-10-07,39.86159896850586,39.86159896850586,38.80590057373047,39.598358154296875,20.058847427368164,47753789553
2004-10-08,38.45430374145508,38.80590057373047,37.75019836425781,38.1017951965332,19.300750732421875,98761848079
2004-10-11,37.661842346191406,38.01435089111328,37.486045837402344,37.661842346191406,19.077890396118164,38940151740
2004-10-12,37.661842346191406,38.01435089111328,37.486045837402344,37.486045837402344,18.98883819580078,55164258373
2004-10-13,37.661842346191406,37.75019836425781,37.39768981933594,37.486045837402344,18.98883819580078,31834946292
2004-10-14,37.39768981933594,37.925994873046875,37.221893310546875,37.57440185546875,19.033592224121094,47798054806
2004-10-15,37.39768981933594,37.57440185546875,37.13444900512695,37.39768981933594,18.944082260131836,42023999488
2004-10-18,37.57440185546875,37.661842346191406,37.13444900512695,37.13444900512695,18.810733795166016,25372937365
2004-10-19,37.57440185546875,38.01435089111328,37.486045837402344,37.837642669677734,19.166946411132812,36069093386
2004-10-20,37.837642669677734,38.1017951965332,37.661842346191406,37.661842346191406,19.077890396118164,45963440121
2004-10-21,37.39768981933594,38.277591705322266,37.39768981933594,38.01435089111328,19.256458282470703,43541046115
2004-10-22,38.71754455566406,38.71754455566406,38.01435089111328,38.01435089111328,19.256458282470703,47643991526
2004-10-25,38.01435089111328,38.01435089111328,38.01435089111328,38.01435089111328,19.256458282470703,0
2004-10-26,37.57440185546875,37.57440185546875,37.13444900512695,37.13444900512695,18.810733795166016,36858358653
2004-10-27,36.957740783691406,37.13444900512695,36.34198760986328,36.870296478271484,18.67692756652832,42310081250
2004-10-28,37.925994873046875,38.45430374145508,37.661842346191406,37.837642669677734,19.166946411132812,102666842616
2004-10-29,38.277591705322266,38.71754455566406,38.1017951965332,38.541744232177734,19.523616790771484,72732544402
2004-11-01,38.80590057373047,39.07005310058594,38.277591705322266,38.63010025024414,19.568374633789062,63414805282
2004-11-02,39.07005310058594,39.7741584777832,38.89425277709961,39.598358154296875,20.058847427368164,91234260777
2004-11-03,40.03831100463867,41.3581657409668,40.03831100463867,41.26980972290039,20.905534744262695,171405475533
2004-11-04,41.44560623168945,42.14971160888672,40.829856872558594,41.79811477661133,21.173152923583984,172666648797
2004-11-05,42.238067626953125,42.678016662597656,41.62140655517578,41.973915100097656,21.262208938598633,126636819579
2004-11-08,42.238067626953125,42.238067626953125,41.70976257324219,42.14971160888672,21.35125160217285,54924396034
2004-11-09,41.973915100097656,42.14971160888672,41.79811477661133,42.06135559082031,21.306499481201172,63245113030
2004-11-10,42.06135559082031,42.238067626953125,41.88555908203125,42.238067626953125,21.39601707458496,81425704318
2004-11-11,41.53396224975586,41.79811477661133,40.65406036376953,40.74150466918945,20.637914657592773,60703295059
2004-11-12,40.918212890625,41.973915100097656,40.918212890625,41.3581657409668,20.950288772583008,39705844004
2004-11-15,42.14971160888672,42.41386413574219,41.79811477661133,41.79811477661133,21.173152923583984,55523470022
2004-11-16,42.06135559082031,42.678016662597656,41.973915100097656,42.589664459228516,21.574111938476562,82531782324
2004-11-17,42.502220153808594,43.73371887207031,42.32550811767578,43.73371887207031,22.153642654418945,145949055570
2004-11-18,43.99787139892578,44.87777328491211,43.82207489013672,44.43782424926758,22.51031494140625,135703081123
2004-11-19,44.43782424926758,44.87777328491211,43.90951919555664,44.43782424926758,22.51031494140625,94392384566
2004-11-22,43.11796951293945,43.469566345214844,42.41386413574219,42.41386413574219,21.485065460205078,73892522380
2004-11-23,42.589664459228516,42.853816986083984,41.79811477661133,42.589664459228516,21.574111938476562,58128638244
2004-11-24,42.589664459228516,43.38212203979492,42.32550811767578,43.02961349487305,21.796972274780273,46604307007
2004-11-25,43.205413818359375,43.29376983642578,42.502220153808594,42.502220153808594,21.529823303222656,44418372009
2004-11-26,42.678016662597656,43.469566345214844,40.918212890625,41.53396224975586,21.039342880249023,42229991004
2004-11-29,41.3581657409668,41.973915100097656,41.09400939941406,41.26980972290039,20.905534744262695,44086215739
2004-11-30,41.70976257324219,41.70976257324219,40.74150466918945,41.62140655517578,21.083637237548828,92781796853
2004-12-01,40.74150466918945,41.09400939941406,40.65406036376953,40.829856872558594,20.68267059326172,47480741449
2004-12-02,41.62140655517578,42.238067626953125,41.3581657409668,42.238067626953125,21.39601707458496,64620027794
2004-12-03,42.76546096801758,43.11796951293945,42.502220153808594,43.02961349487305,21.796972274780273,72926775765
2004-12-06,42.589664459228516,43.11796951293945,42.32550811767578,43.02961349487305,21.796972274780273,57341256884
2004-12-07,42.942169189453125,43.38212203979492,42.589664459228516,43.29376983642578,21.930789947509766,68897214941
2004-12-08,43.11796951293945,43.11796951293945,42.589664459228516,42.942169189453125,21.752681732177734,47607520997
2004-12-09,42.32550811767578,42.678016662597656,41.79811477661133,42.41386413574219,21.485065460205078,63210425407
2004-12-10,41.973915100097656,42.41386413574219,41.3581657409668,42.41386413574219,21.485065460205078,80976385652
2004-12-13,41.53396224975586,42.853816986083984,41.181453704833984,41.88555908203125,21.21744728088379,66565011387
2004-12-14,42.238067626953125,42.41386413574219,41.973915100097656,42.32550811767578,21.440305709838867,37938654785
2004-12-15,42.589664459228516,43.99787139892578,42.502220153808594,43.82207489013672,22.198406219482422,86281567427
2004-12-16,43.82207489013672,43.99787139892578,43.469566345214844,43.99787139892578,22.287458419799805,58561691185
2004-12-17,43.90951919555664,44.43782424926758,43.82207489013672,43.82207489013672,22.198406219482422,42662323757
2004-12-20,43.11796951293945,43.99787139892578,43.11796951293945,43.99787139892578,22.287458419799805,60753721438
2004-12-21,43.73371887207031,43.90951919555664,43.38212203979492,43.38212203979492,21.975540161132812,56773111485
2004-12-22,43.64536666870117,44.43782424926758,43.55792236328125,43.82207489013672,22.198406219482422,96826666077
2004-12-23,43.55792236328125,43.99787139892578,43.469566345214844,43.99787139892578,22.287458419799805,41782753860
2004-12-24,43.99787139892578,44.43782424926758,43.82207489013672,43.99787139892578,22.287458419799805,26070216099
2004-12-27,43.99787139892578,43.99787139892578,43.64536666870117,43.90951919555664,22.24269676208496,8412253410
2004-12-28,43.90951919555664,44.43782424926758,43.90951919555664,43.99787139892578,22.287458419799805,31476852253
2004-12-29,44.43782424926758,44.87777328491211,43.99787139892578,44.43782424926758,22.51031494140625,48221824340
2004-12-30,44.43782424926758,44.87777328491211,44.43782424926758,44.43782424926758,22.51031494140625,50723966064
2004-12-31,44.43782424926758,45.317726135253906,44.43782424926758,44.43782424926758,22.51031494140625,45287534302
2005-01-03,44.87777328491211,45.317726135253906,44.43782424926758,44.87777328491211,22.733171463012695,31140095998
2005-01-04,43.99787139892578,44.43782424926758,43.64536666870117,43.64536666870117,22.1088924407959,33197547587
2005-01-05,42.942169189453125,42.942169189453125,42.678016662597656,42.678016662597656,21.618873596191406,45343603622
2005-01-06,42.32550811767578,42.589664459228516,42.14971160888672,42.238067626953125,21.39601707458496,52027134231
2005-01-07,42.06135559082031,42.14971160888672,41.79811477661133,42.06135559082031,21.306499481201172,52145038772
2005-01-10,42.06135559082031,42.942169189453125,42.06135559082031,42.678016662597656,21.618873596191406,42064905324
2005-01-11,42.502220153808594,42.76546096801758,42.238067626953125,42.41386413574219,21.485065460205078,39142041694
2005-01-12,42.06135559082031,42.32550811767578,41.3581657409668,41.3581657409668,20.950288772583008,49071295621
2005-01-13,41.62140655517578,42.06135559082031,40.918212890625,41.181453704833984,20.86077880859375,42903907522
2005-01-14,40.918212890625,41.44560623168945,40.65406036376953,41.3581657409668,20.950288772583008,58380111429
2005-01-17,42.06135559082031,43.02961349487305,41.88555908203125,43.02961349487305,21.796972274780273,49625182164
2005-01-18,43.02961349487305,43.29376983642578,42.76546096801758,43.205413818359375,21.886032104492188,50467394471
2005-01-19,43.205413818359375,43.38212203979492,41.973915100097656,41.973915100097656,21.262208938598633,37326191436
2005-01-20,41.70976257324219,42.678016662597656,41.70976257324219,42.238067626953125,21.39601707458496,47151667938
2005-01-21,41.973915100097656,42.238067626953125,41.79811477661133,41.79811477661133,21.173152923583984,34275911505
2005-01-24,41.79811477661133,41.88555908203125,41.26980972290039,41.3581657409668,20.950288772583008,28352792508
2005-01-25,41.09400939941406,41.973915100097656,41.09400939941406,41.88555908203125,21.21744728088379,44250071829
2005-01-26,42.238067626953125,43.469566345214844,42.14971160888672,43.29376983642578,21.930789947509766,84585365094
2005-01-27,43.29376983642578,43.55792236328125,43.02961349487305,43.469566345214844,22.01983642578125,52258477265
2005-01-28,43.64536666870117,44.87777328491211,43.64536666870117,43.99787139892578,22.287458419799805,96812921013
2005-01-31,44.43782424926758,46.197628021240234,44.43782424926758,45.7576789855957,23.17889976501465,152370837131
2005-02-01,46.197628021240234,46.63758087158203,45.7576789855957,46.197628021240234,23.40176010131836,126248497378
2005-02-02,46.63758087158203,47.51748275756836,46.63758087158203,47.07753372192383,23.84748077392578,127649264280
2005-02-03,47.07753372192383,47.51748275756836,46.197628021240234,47.07753372192383,23.84748077392578,106363439154
2005-02-04,47.07753372192383,47.07753372192383,47.07753372192383,47.07753372192383,23.84748077392578,0
2005-02-07,47.07753372192383,47.07753372192383,47.07753372192383,47.07753372192383,23.84748077392578,0
2005-02-08,47.07753372192383,47.07753372192383,47.07753372192383,47.07753372192383,23.84748077392578,0
2005-02-09,47.07753372192383,47.07753372192383,47.07753372192383,47.07753372192383,23.84748077392578,0
2005-02-10,47.07753372192383,47.07753372192383,47.07753372192383,47.07753372192383,23.84748077392578,0
2005-02-11,47.07753372192383,47.07753372192383,47.07753372192383,47.07753372192383,23.84748077392578,0
2005-02-14,47.957435607910156,48.837337493896484,47.51748275756836,47.957435607910156,24.29319953918457,166804805119
2005-02-15,47.957435607910156,48.837337493896484,47.957435607910156,48.39738464355469,24.516067504882812,72234208996
2005-02-16,48.39738464355469,48.39738464355469,47.07753372192383,47.957435607910156,24.29319953918457,45692838023
2005-02-17,47.957435607910156,47.957435607910156,46.63758087158203,47.07753372192383,23.84748077392578,51282538224
2005-02-18,47.07753372192383,47.957435607910156,46.63758087158203,47.51748275756836,24.070341110229492,72099015536
2005-02-21,47.51748275756836,47.957435607910156,47.07753372192383,47.957435607910156,24.29319953918457,33289870061
2005-02-22,47.51748275756836,47.957435607910156,47.07753372192383,47.51748275756836,24.070341110229492,30276297793
2005-02-23,47.07753372192383,47.51748275756836,46.197628021240234,47.07753372192383,23.84748077392578,63483267116
2005-02-24,46.63758087158203,47.07753372192383,46.197628021240234,46.63758087158203,23.624618530273438,45716173892
2005-02-25,47.51748275756836,48.39738464355469,47.51748275756836,48.39738464355469,24.516067504882812,100432106055
2005-02-28,48.39738464355469,48.39738464355469,48.39738464355469,48.39738464355469,24.516067504882812,0
2005-03-01,47.957435607910156,48.30903244018555,47.51748275756836,47.78163528442383,24.204147338867188,45611671886
2005-03-02,47.78163528442383,48.13323211669922,47.51748275756836,47.605838775634766,24.115097045898438,54573620253
2005-03-03,47.51748275756836,47.51748275756836,46.813377380371094,47.07753372192383,23.84748077392578,76743661371
2005-03-04,46.63758087158203,46.72593688964844,45.846031188964844,46.197628021240234,23.40176010131836,79686501453
2005-03-07,46.197628021240234,46.72593688964844,46.02183151245117,46.4617805480957,23.535564422607422,41530428744
2005-03-08,47.07753372192383,47.69328308105469,46.4617805480957,47.25333023071289,23.936532974243164,39390950305
2005-03-09,46.37342834472656,46.98917770385742,46.37342834472656,46.63758087158203,23.624618530273438,31971749198
2005-03-10,46.4617805480957,46.4617805480957,45.493526458740234,45.7576789855957,23.17889976501465,52766961183
2005-03-11,45.846031188964844,46.549224853515625,45.846031188964844,46.197628021240234,23.40176010131836,32535323155
2005-03-14,45.6693229675293,45.7576789855957,45.141929626464844,45.317726135253906,22.956039428710938,38227024463
2005-03-15,45.2293701171875,45.317726135253906,44.87777328491211,44.96521759033203,22.77747344970703,36182466008
2005-03-16,44.87777328491211,45.7576789855957,44.87777328491211,45.7576789855957,23.17889976501465,51111133328
2005-03-17,44.87777328491211,45.317726135253906,44.61362075805664,44.78942108154297,22.68842124938965,62232356540
2005-03-18,44.87777328491211,45.2293701171875,44.61362075805664,44.78942108154297,22.68842124938965,35101998612
2005-03-21,44.70197677612305,44.70197677612305,44.26202392578125,44.5252685546875,22.55461311340332,52954513236
2005-03-22,44.26202392578125,44.70197677612305,43.90951919555664,44.43782424926758,22.51031494140625,44011491777
2005-03-23,43.90951919555664,44.43782424926758,43.82207489013672,44.26202392578125,22.421260833740234,48383695519
2005-03-24,44.17367172241211,45.2293701171875,44.0853157043457,44.5252685546875,22.55461311340332,44706895386
2005-03-25,44.78942108154297,45.317726135253906,44.78942108154297,45.317726135253906,22.956039428710938,29554956414
2005-03-28,45.40517044067383,45.493526458740234,45.05357360839844,45.317726135253906,22.956039428710938,21578933118
2005-03-29,45.317726135253906,45.317726135253906,44.70197677612305,44.96521759033203,22.77747344970703,25286949476
2005-03-30,44.43782424926758,44.87777328491211,44.43782424926758,44.5252685546875,22.55461311340332,57722223499
2005-03-31,45.05357360839844,45.40517044067383,44.70197677612305,45.317726135253906,22.956039428710938,32289271146
2005-04-01,45.317726135253906,46.37342834472656,44.96521759033203,46.28598403930664,23.446516036987305,44872512425
2005-04-04,45.846031188964844,46.4617805480957,45.846031188964844,45.933475494384766,23.267946243286133,28863799283
2005-04-05,45.933475494384766,45.933475494384766,45.933475494384766,45.933475494384766,23.267946243286133,0
2005-04-06,45.581878662109375,46.02183151245117,45.317726135253906,45.317726135253906,22.956039428710938,32716072938
2005-04-07,45.317726135253906,45.846031188964844,45.2293701171875,45.2293701171875,22.911279678344727,50403640211
2005-04-08,45.7576789855957,46.02183151245117,45.40517044067383,46.02183151245117,23.312707901000977,38373156886
2005-04-11,46.197628021240234,46.197628021240234,45.6693229675293,45.6693229675293,23.134145736694336,30677941288
2005-04-12,45.317726135253906,46.109275817871094,45.317726135253906,46.02183151245117,23.312707901000977,19729611654
2005-04-13,46.02183151245117,46.28598403930664,45.7576789855957,46.197628021240234,23.40176010131836,21487076131
2005-04-14,45.493526458740234,45.493526458740234,45.05357360839844,45.141929626464844,22.866989135742188,49927797525
2005-04-15,44.70197677612305,45.6693229675293,44.43782424926758,45.141929626464844,22.866989135742188,52396006947
2005-04-18,44.43782424926758,44.43782424926758,43.99787139892578,44.26202392578125,22.421260833740234,82500076458
2005-04-19,44.0853157043457,44.43782424926758,43.90951919555664,44.0853157043457,22.331745147705078,53314278200
2005-04-20,44.87777328491211,44.87777328491211,43.90951919555664,44.0853157043457,22.331745147705078,36464252987
2005-04-21,43.29376983642578,44.17367172241211,43.205413818359375,43.64536666870117,22.1088924407959,69457763228
2005-04-22,44.0853157043457,44.26202392578125,43.64536666870117,43.64536666870117,22.1088924407959,47564687339
2005-04-25,43.64536666870117,43.90951919555664,43.42584228515625,43.82207489013672,22.198406219482422,26072543538
2005-04-26,43.99787139892578,45.581878662109375,43.95415115356445,45.40517044067383,23.000333786010742,61575799203
2005-04-27,45.846031188964844,45.933475494384766,45.141929626464844,45.933475494384766,23.267946243286133,65262914721
2005-04-28,45.7576789855957,46.63758087158203,45.317726135253906,46.63758087158203,23.624618530273438,50355185568
2005-04-29,45.933475494384766,45.933475494384766,45.493526458740234,45.6693229675293,23.134145736694336,34023149445
2005-05-02,45.6693229675293,45.6693229675293,45.6693229675293,45.6693229675293,23.134145736694336,0
2005-05-03,45.933475494384766,46.72593688964844,45.933475494384766,46.02183151245117,23.312707901000977,48265716324
2005-05-04,46.02183151245117,46.63758087158203,46.02183151245117,46.197628021240234,23.40176010131836,31220693450
2005-05-05,46.72593688964844,47.86907958984375,46.72593688964844,47.42913055419922,24.02557945251465,69078812263
2005-05-06,47.42913055419922,48.13323211669922,47.25333023071289,48.0457878112793,24.337955474853516,58038276527
2005-05-09,48.0457878112793,48.13323211669922,47.42913055419922,48.13323211669922,24.382259368896484,51938652030
2005-05-10,48.13323211669922,48.39738464355469,47.69328308105469,48.13323211669922,24.382259368896484,41962019351
2005-05-11,47.07753372192383,47.3416862487793,46.4617805480957,47.16588592529297,23.892236709594727,53146597206
2005-05-12,47.3416862487793,47.957435607910156,47.25333023071289,47.957435607910156,24.29319953918457,56783075558
2005-05-13,47.78163528442383,48.573184967041016,47.69328308105469,48.221588134765625,24.427011489868164,64807210969
2005-05-16,48.39738464355469,48.485740661621094,47.957435607910156,48.221588134765625,24.427011489868164,36327799197
2005-05-17,48.221588134765625,48.39738464355469,47.69328308105469,47.78163528442383,24.204147338867188,34232561857
2005-05-18,47.78163528442383,48.39738464355469,47.605838775634766,48.30903244018555,24.471309661865234,42082145938
2005-05-19,48.837337493896484,49.71723937988281,48.837337493896484,49.629798889160156,25.14035415649414,111472123607
2005-05-20,49.27729034423828,49.89303970336914,49.27729034423828,49.71723937988281,25.184640884399414,49192818671
2005-05-23,49.54144287109375,49.54144287109375,48.30903244018555,48.573184967041016,24.605113983154297,26781931543
2005-05-24,48.573184967041016,49.89303970336914,48.485740661621094,49.629798889160156,25.14035415649414,58410723837
2005-05-25,49.629798889160156,50.06974792480469,48.92569351196289,49.10149002075195,24.872732162475586,57040854785
2005-05-26,49.10149002075195,49.36564254760742,48.661537170410156,49.27729034423828,24.961788177490234,45060152305
2005-05-27,49.36564254760742,50.06974792480469,49.36564254760742,49.98139190673828,25.318449020385742,44665914896
2005-05-30,49.71723937988281,49.89303970336914,49.453086853027344,49.89303970336914,25.273696899414062,28950202158
2005-05-31,49.80559539794922,50.24554443359375,49.453086853027344,50.06974792480469,25.363204956054688,78869368398
2005-06-01,49.54144287109375,49.89303970336914,49.10149002075195,49.18984603881836,24.917491912841797,57861588784
2005-06-02,49.629798889160156,50.15719223022461,49.629798889160156,50.06974792480469,25.363204956054688,67194816351
2005-06-03,50.24554443359375,50.861297607421875,50.06974792480469,50.77294158935547,25.71941375732422,65016333549
2005-06-06,50.59714126586914,51.125450134277344,50.42134475708008,51.125450134277344,25.89798355102539,59845128818
2005-06-07,51.03709411621094,51.03709411621094,50.33298873901367,50.59714126586914,25.630361557006836,75422326007
2005-06-08,50.77294158935547,51.477046966552734,50.77294158935547,51.212894439697266,25.942283630371094,84948744176
2005-06-09,51.477046966552734,51.477046966552734,50.42134475708008,51.03709411621094,25.853229522705078,56691036329
2005-06-10,51.301246643066406,51.477046966552734,50.861297607421875,51.125450134277344,25.89798355102539,105148682926
2005-06-13,49.89335632324219,50.632667541503906,49.4314079284668,50.355308532714844,26.45026969909668,69491925975
2005-06-14,50.539894104003906,50.817256927490234,50.262535095214844,50.355308532714844,26.45026969909668,44913267908
2005-06-15,50.355308532714844,50.817256927490234,50.262535095214844,50.817256927490234,26.692922592163086,45102875760
2005-06-16,51.186431884765625,51.741153717041016,50.817256927490234,51.648380279541016,27.129480361938477,49491777256
2005-06-17,51.741153717041016,53.12699890136719,51.648380279541016,52.48046112060547,27.56654930114746,53602356374
2005-06-20,52.48046112060547,52.6650505065918,51.925743103027344,52.57228088378906,27.614782333374023,43774458123
2005-06-21,52.57228088378906,52.57228088378906,51.55656433105469,51.55656433105469,27.081253051757812,29415958543
2005-06-22,51.741153717041016,52.849639892578125,51.741153717041016,52.57228088378906,27.614782333374023,41546281468
2005-06-23,52.942413330078125,53.12699890136719,52.6650505065918,52.849639892578125,27.760467529296875,49408583340
2005-06-24,52.6650505065918,52.7578239440918,52.110328674316406,52.295875549316406,27.4695987701416,37381755119
2005-06-27,51.925743103027344,52.203102111816406,51.371978759765625,52.203102111816406,27.42085838317871,33091091201
2005-06-28,52.01851272583008,52.203102111816406,51.55656433105469,52.110328674316406,27.372133255004883,32658503329
2005-06-29,52.57228088378906,52.57228088378906,50.632667541503906,50.724483489990234,26.64418601989746,119284584828
2005-06-30,51.279205322265625,51.46379470825195,50.632667541503906,50.91002655029297,26.74165153503418,42307439722
2005-07-01,50.91002655029297,51.46379470825195,50.355308532714844,51.46379470825195,27.032533645629883,20424031174
2005-07-04,51.186431884765625,51.648380279541016,50.817256927490234,50.91002655029297,26.74165153503418,19522557421
2005-07-05,50.91002655029297,50.91002655029297,50.262535095214844,50.262535095214844,26.401533126831055,20550143649
2005-07-06,50.44807815551758,50.632667541503906,50.077945709228516,50.44807815551758,26.49899673461914,53365764787
2005-07-07,50.44807815551758,50.632667541503906,49.4314079284668,50.44807815551758,26.49899673461914,60616153071
2005-07-08,50.077945709228516,50.170719146728516,49.615997314453125,49.708770751953125,26.11066436767578,72912106836
2005-07-11,50.355308532714844,52.48046112060547,50.355308532714844,52.48046112060547,27.56654930114746,108679945147
2005-07-12,52.6650505065918,53.404361724853516,52.6650505065918,52.7578239440918,27.712244033813477,76117239035
2005-07-13,52.6650505065918,52.942413330078125,52.295875549316406,52.48046112060547,27.56654930114746,47584695158
2005-07-14,52.6650505065918,52.7578239440918,51.925743103027344,52.6650505065918,27.663515090942383,30317490848
2005-07-15,52.7578239440918,52.849639892578125,52.203102111816406,52.295875549316406,27.4695987701416,27211882278
2005-07-18,52.295875549316406,52.295875549316406,52.295875549316406,52.295875549316406,27.4695987701416,0
2005-07-19,52.110328674316406,52.295875549316406,51.741153717041016,51.925743103027344,27.275175094604492,31257029623
2005-07-20,52.01851272583008,52.942413330078125,51.925743103027344,52.110328674316406,27.372133255004883,65479613711
2005-07-21,51.46379470825195,53.03422927856445,51.46379470825195,52.110328674316406,27.372133255004883,63424102491
2005-07-22,52.110328674316406,52.57228088378906,51.371978759765625,52.57228088378906,27.614782333374023,43749540098
2005-07-25,52.203102111816406,52.203102111816406,51.741153717041016,51.833927154541016,27.226945877075195,24601317660
2005-07-26,51.741153717041016,52.6650505065918,51.371978759765625,51.371978759765625,26.984298706054688,66825500732
2005-07-27,49.89335632324219,50.539894104003906,48.969459533691406,49.061275482177734,25.77054786682129,122266751309
2005-07-28,49.154048919677734,49.80058670043945,48.78487014770508,49.80058670043945,26.158889770507812,76499842386
2005-07-29,49.89335632324219,50.355308532714844,49.154048919677734,49.154048919677734,25.819276809692383,41934635454
2005-08-01,49.154048919677734,49.80058670043945,49.061275482177734,49.24681854248047,25.868003845214844,18557408454
2005-08-02,49.80058670043945,50.724483489990234,49.523223876953125,50.724483489990234,26.64418601989746,45061843410
2005-08-03,51.279205322265625,51.833927154541016,50.91002655029297,51.648380279541016,27.129480361938477,59730275041
2005-08-04,51.648380279541016,51.648380279541016,50.539894104003906,50.539894104003906,26.54722023010254,36365791448
2005-08-05,50.539894104003906,50.539894104003906,50.539894104003906,50.539894104003906,26.54722023010254,0
2005-08-08,49.523223876953125,49.80058670043945,49.24681854248047,49.3386344909668,25.91623306274414,70687652410
2005-08-09,49.154048919677734,49.523223876953125,48.78487014770508,48.969459533691406,25.72231674194336,60719869436
2005-08-10,49.3386344909668,49.708770751953125,48.599327087402344,48.78487014770508,25.62535858154297,49252872868
2005-08-11,48.969459533691406,49.523223876953125,48.876686096191406,49.523223876953125,26.013193130493164,33853893091
2005-08-12,49.615997314453125,50.170719146728516,49.4314079284668,49.523223876953125,26.013193130493164,38507261071
2005-08-15,49.24681854248047,49.3386344909668,48.045562744140625,48.969459533691406,25.72231674194336,51535837393
2005-08-16,49.3386344909668,49.3386344909668,48.599327087402344,48.969459533691406,25.72231674194336,31214533475
2005-08-17,48.507511138916016,48.969459533691406,48.32292175292969,48.692100524902344,25.576629638671875,40079514004
2005-08-18,48.692100524902344,48.969459533691406,48.045562744140625,48.045562744140625,25.237022399902344,38514103281
2005-08-19,47.8609733581543,47.8609733581543,47.21348190307617,47.67543029785156,25.042600631713867,42894422739
2005-08-22,47.952789306640625,48.23014831542969,47.7681999206543,48.045562744140625,25.237022399902344,21801291569
2005-08-23,48.045562744140625,48.414737701416016,47.952789306640625,48.045562744140625,25.237022399902344,28805441837
2005-08-24,47.8609733581543,47.8609733581543,47.399024963378906,47.583614349365234,24.99437141418457,27495679260
2005-08-25,47.306251525878906,48.13737869262695,47.21348190307617,47.8609733581543,25.140060424804688,23316013057
2005-08-26,47.8609733581543,49.154048919677734,47.7681999206543,48.78487014770508,25.62535858154297,37548418982
2005-08-29,48.32292175292969,48.507511138916016,47.21348190307617,47.399024963378906,24.897415161132812,38574733797
2005-08-30,47.952789306640625,47.952789306640625,47.21348190307617,47.21348190307617,24.79994773864746,47672464489
2005-08-31,47.21348190307617,49.89335632324219,47.21348190307617,49.89335632324219,26.207609176635742,60381322224
2005-09-01,49.89335632324219,49.89335632324219,49.89335632324219,49.89335632324219,26.207609176635742,0
2005-09-02,48.969459533691406,49.154048919677734,48.32292175292969,48.599327087402344,25.52790069580078,60075576635
2005-09-05,48.414737701416016,48.599327087402344,48.13737869262695,48.13737869262695,25.285247802734375,24361010117
2005-09-06,48.507511138916016,48.692100524902344,48.13737869262695,48.23014831542969,25.333980560302734,19749540219
2005-09-07,48.13737869262695,48.32292175292969,47.952789306640625,48.045562744140625,25.237022399902344,16220889832
2005-09-08,48.045562744140625,48.414737701416016,47.8609733581543,47.952789306640625,25.188289642333984,22802431148
2005-09-09,48.13737869262695,48.414737701416016,47.583614349365234,47.67543029785156,25.042600631713867,28265634941
2005-09-12,48.507511138916016,48.969459533691406,48.32292175292969,48.692100524902344,25.576629638671875,48137107447
2005-09-13,48.692100524902344,49.523223876953125,48.692100524902344,49.4314079284668,25.9649658203125,80149601150
2005-09-14,49.4314079284668,49.80058670043945,49.3386344909668,49.80058670043945,26.158889770507812,47095472940
2005-09-15,49.708770751953125,49.89335632324219,49.24681854248047,49.80058670043945,26.158889770507812,35857932990
2005-09-16,49.80058670043945,49.985172271728516,48.599327087402344,48.599327087402344,25.52790069580078,48407006712
2005-09-19,48.599327087402344,49.4314079284668,48.32292175292969,49.154048919677734,25.819276809692383,38608752463
2005-09-20,48.78487014770508,49.89335632324219,48.507511138916016,49.523223876953125,26.013193130493164,48550504926
2005-09-21,49.523223876953125,49.523223876953125,49.061275482177734,49.523223876953125,26.013193130493164,17546722820
2005-09-22,48.78487014770508,48.876686096191406,47.952789306640625,48.13737869262695,25.285247802734375,66175382015
2005-09-23,47.67543029785156,48.045562744140625,47.028892517089844,47.490840911865234,24.94564437866211,38302580282
2005-09-26,47.583614349365234,47.952789306640625,46.65971374511719,47.12166213989258,24.751720428466797,41551404761
2005-09-27,47.21348190307617,47.7681999206543,47.028892517089844,47.583614349365234,24.99437141418457,40158053043
2005-09-28,47.399024963378906,47.7681999206543,46.751529693603516,47.306251525878906,24.848676681518555,36602111187
2005-09-29,48.968502044677734,49.92491912841797,48.7772216796875,49.82927703857422,26.1739501953125,50183179
2005-09-30,50.21184539794922,50.97697830200195,50.11620330810547,50.97697830200195,26.776809692382812,52606810
2005-10-03,51.0726203918457,51.0726203918457,50.40312576293945,50.4987678527832,26.525623321533203,37066503
2005-10-04,50.6900520324707,51.64646911621094,50.6900520324707,51.64646911621094,27.12847900390625,61584074
2005-10-05,51.64646911621094,52.41160202026367,51.64646911621094,51.83774948120117,27.228944778442383,65270754
2005-10-06,51.45518493652344,51.55082702636719,51.16825866699219,51.35954284667969,26.977758407592773,31700637
2005-10-07,51.0726203918457,51.83774948120117,51.0726203918457,51.55082702636719,27.078243255615234,39124185
2005-10-10,51.55082702636719,51.55082702636719,51.55082702636719,51.55082702636719,27.078243255615234,0
2005-10-11,51.35954284667969,51.35954284667969,50.40312576293945,50.59440994262695,26.575862884521484,34435849
2005-10-12,50.11620330810547,50.11620330810547,49.446712493896484,49.542354583740234,26.023239135742188,49680260
2005-10-13,49.255428314208984,49.351070404052734,48.968502044677734,49.159786224365234,25.822290420532227,36270824
2005-10-14,49.446712493896484,49.63799285888672,48.7772216796875,48.87286376953125,25.671571731567383,40166618
2005-10-17,48.87286376953125,48.968502044677734,47.916446685791016,47.916446685791016,25.16920280456543,37037227
2005-10-18,48.29901123046875,49.159786224365234,48.203369140625,48.29901123046875,25.370153427124023,35050644
2005-10-19,47.916446685791016,47.916446685791016,47.39041519165039,47.39041519165039,24.892894744873047,58063640
2005-10-20,47.438236236572266,48.29901123046875,46.86438751220703,48.107730865478516,25.269678115844727,53103456
2005-10-21,46.57746124267578,47.58169937133789,46.57746124267578,47.05567169189453,24.71705436706543,32710658
2005-10-24,47.725162506103516,48.49029541015625,47.629520416259766,48.107730865478516,25.269678115844727,43110943
2005-10-25,49.255428314208984,49.351070404052734,48.5859375,48.5859375,25.52086639404297,37500414
2005-10-26,48.5859375,49.255428314208984,48.203369140625,48.5859375,25.52086639404297,28925694
2005-10-27,47.820804595947266,48.3946533203125,47.342594146728516,47.438236236572266,24.918010711669922,34633461
2005-10-28,47.916446685791016,49.446712493896484,47.916446685791016,48.203369140625,25.319910049438477,64097625
2005-10-31,49.446712493896484,50.21184539794922,48.968502044677734,49.73363494873047,26.123716354370117,63756769
2005-11-01,50.21184539794922,50.21184539794922,49.542354583740234,49.542354583740234,26.023239135742188,27323881
2005-11-02,50.02056121826172,50.4987678527832,49.82927703857422,50.40312576293945,26.47538948059082,38550167
2005-11-03,50.97697830200195,51.26390075683594,50.8813362121582,51.16825866699219,26.87728500366211,50505214
2005-11-04,51.64646911621094,52.02903366088867,51.55082702636719,51.83774948120117,27.228944778442383,61786915
2005-11-07,51.83774948120117,52.02903366088867,51.45518493652344,52.02903366088867,27.32943344116211,42838049
2005-11-08,52.02903366088867,52.12467575073242,51.55082702636719,52.12467575073242,27.379674911499023,42921695
2005-11-09,52.02903366088867,52.985450744628906,51.93339157104492,52.889808654785156,27.781564712524414,74806353
2005-11-10,53.272377014160156,53.55929946899414,52.985450744628906,53.46365737915039,28.082996368408203,69350569
2005-11-11,53.55929946899414,54.515716552734375,53.55929946899414,54.515716552734375,28.635623931884766,96114025
2005-11-14,54.133148193359375,54.707000732421875,53.94186782836914,54.515716552734375,28.635623931884766,62320156
2005-11-15,53.55929946899414,54.515716552734375,53.55929946899414,54.515716552734375,28.635623931884766,56931288
2005-11-16,54.515716552734375,54.707000732421875,53.081092834472656,54.324432373046875,28.53514289855957,36987039
2005-11-17,54.324432373046875,54.324432373046875,53.176734924316406,53.65494155883789,28.183475494384766,27130451
2005-11-18,54.515716552734375,54.89828109741211,54.420074462890625,54.611358642578125,28.685853958129883,52759463
2005-11-21,54.99392318725586,55.759056091308594,54.99392318725586,55.37649154663086,29.08774757385254,67668246
2005-11-22,55.37649154663086,55.47213363647461,54.802642822265625,55.47213363647461,29.13799476623535,35614206
2005-11-23,56.428550720214844,57.57624816894531,56.237266540527344,57.09804153442383,29.99204444885254,99635505
2005-11-24,57.09804153442383,57.38496398925781,56.81111526489258,57.09804153442383,29.99204444885254,61217079
2005-11-25,57.09804153442383,57.09804153442383,56.428550720214844,56.52418899536133,29.690608978271484,23042272
2005-11-28,57.00239944458008,57.28932189941406,56.71547317504883,56.90675735473633,29.89156723022461,29944080
2005-11-29,55.66341781616211,56.71547317504883,55.28084945678711,55.28084945678711,29.037519454956055,38924481
2005-11-30,55.854698181152344,57.19368362426758,55.854698181152344,56.90675735473633,29.89156723022461,52173944
2005-12-01,56.90675735473633,57.38496398925781,56.71547317504883,56.71547317504883,29.791088104248047,57002387
2005-12-02,57.57624816894531,58.15009689331055,57.48060607910156,57.95881271362305,30.44417953491211,72773765
2005-12-05,58.34138107299805,59.29779815673828,57.67189025878906,59.29779815673828,31.147510528564453,46885451
2005-12-06,57.76753234863281,59.967288970947266,57.76753234863281,59.776004791259766,31.398704528808594,59293230
2005-12-07,59.776004791259766,60.732421875,59.20215606689453,59.776004791259766,31.398704528808594,43699599
2005-12-08,59.776004791259766,59.776004791259766,58.34138107299805,59.01087188720703,30.996795654296875,38101617
2005-12-09,58.4370231628418,58.53266525268555,57.67189025878906,58.15009689331055,30.544654846191406,41409801
2005-12-12,58.15009689331055,58.72394561767578,57.48060607910156,58.53266525268555,30.74560546875,32498407
2005-12-13,58.53266525268555,59.29779815673828,57.95881271362305,59.29779815673828,31.147510528564453,45184308
2005-12-14,58.91522979736328,58.91522979736328,58.0544548034668,58.4370231628418,30.69536781311035,47646626
2005-12-15,58.34138107299805,58.34138107299805,57.76753234863281,58.2457389831543,30.594894409179688,32392805
2005-12-16,58.34138107299805,59.584720611572266,58.34138107299805,59.29779815673828,31.147510528564453,43199817
2005-12-19,59.489078521728516,59.776004791259766,59.10651397705078,59.776004791259766,31.398704528808594,36789427
2005-12-20,59.29779815673828,59.584720611572266,59.01087188720703,59.584720611572266,31.29822540283203,26550159
2005-12-21,59.680362701416016,60.25421142578125,59.39344024658203,60.25421142578125,31.64988136291504,33167572
2005-12-22,58.670387268066406,58.670387268066406,57.37731170654297,57.5619010925293,30.235700607299805,21024968367
2005-12-23,60.062931060791016,61.114986419677734,59.680362701416016,61.114986419677734,32.10203170776367,35697852
2005-12-26,59.1323356628418,59.1323356628418,57.83926010131836,58.947750091552734,30.963642120361328,12674941534
2005-12-27,61.019344329833984,61.497554779052734,60.44549560546875,61.019344329833984,32.05179214477539,21372497
2005-12-28,59.871646881103516,60.732421875,59.871646881103516,60.732421875,31.901079177856445,20573681
2005-12-29,60.732421875,60.732421875,59.871646881103516,60.25421142578125,31.64988136291504,55692287
2005-12-30,60.1585693359375,60.25421142578125,59.584720611572266,59.776004791259766,31.398704528808594,29157811
2006-01-02,59.10651397705078,59.10651397705078,57.38496398925781,58.34138107299805,30.645132064819336,30366490
2006-01-03,58.34138107299805,60.1585693359375,57.86317443847656,60.1585693359375,31.599653244018555,71325650
2006-01-04,60.349853515625,60.63677978515625,59.29779815673828,60.63677978515625,31.850847244262695,55262558
2006-01-05,60.63677978515625,61.210628509521484,59.871646881103516,61.210628509521484,32.15226364135742,44492141
2006-01-06,61.97576141357422,62.6452522277832,61.88011932373047,62.6452522277832,32.90584182739258,68933386
2006-01-09,63.2191047668457,65.41886138916016,63.2191047668457,65.1319351196289,34.2120246887207,78626866
2006-01-10,65.03629302978516,65.03629302978516,63.31474685668945,63.79295349121094,33.50869369506836,46107547
2006-01-11,63.12346267700195,63.12346267700195,61.306270599365234,62.93217849731445,33.056556701660156,69942361
2006-01-12,63.60166931152344,63.60166931152344,62.26268768310547,62.6452522277832,32.90584182739258,48264558
2006-01-13,61.97576141357422,62.16704559326172,61.019344329833984,61.68883514404297,32.40346145629883,38442473
2006-01-16,61.019344329833984,61.497554779052734,60.732421875,61.114986419677734,32.10203170776367,37459637
2006-01-17,61.306270599365234,62.45397186279297,61.306270599365234,61.78447723388672,32.45369338989258,39285202
2006-01-18,59.29779815673828,59.967288970947266,58.72394561767578,58.91522979736328,30.946561813354492,82601078
2006-01-19,59.10651397705078,60.349853515625,58.6283073425293,59.29779815673828,31.147510528564453,54131251
2006-01-20,60.25421142578125,60.25421142578125,59.39344024658203,59.776004791259766,31.398704528808594,36743422
2006-01-23,58.91522979736328,59.489078521728516,58.72394561767578,59.10651397705078,31.047035217285156,28493874
2006-01-24,59.10651397705078,59.871646881103516,59.01087188720703,59.20215606689453,31.097270965576172,40324499
2006-01-25,60.25421142578125,60.732421875,59.584720611572266,60.732421875,31.901079177856445,41525859
2006-02-03,61.210628509521484,61.68883514404297,59.584720611572266,60.63677978515625,31.850847244262695,82349095
2006-02-06,60.25421142578125,63.60166931152344,58.91522979736328,63.60166931152344,33.40821838378906,54588165
2006-02-07,61.210628509521484,62.45397186279297,61.210628509521484,62.16704559326172,32.6546516418457,41847894
2006-02-08,62.16704559326172,62.16704559326172,60.25421142578125,60.349853515625,31.700138092041016,36292781
2006-02-09,61.210628509521484,61.401912689208984,59.871646881103516,60.25421142578125,31.64988136291504,38461293
2006-02-10,60.25421142578125,60.349853515625,59.29779815673828,59.871646881103516,31.448938369750977,39062496
2006-02-13,59.39344024658203,59.967288970947266,59.29779815673828,59.680362701416016,31.348464965820312,27026939
2006-02-14,59.29779815673828,59.584720611572266,58.91522979736328,59.584720611572266,31.29822540283203,48076355
2006-02-15,59.776004791259766,59.776004791259766,58.4370231628418,58.6283073425293,30.79585075378418,38611855
2006-02-16,59.20215606689453,60.1585693359375,58.91522979736328,59.680362701416016,31.348464965820312,44765035
2006-02-17,59.776004791259766,60.1585693359375,58.91522979736328,59.01087188720703,30.996795654296875,33274220
2006-02-20,58.81958770751953,59.967288970947266,58.72394561767578,59.967288970947266,31.499183654785156,23522189
2006-02-21,60.1585693359375,60.44549560546875,59.29779815673828,59.39344024658203,31.197742462158203,32982506
2006-02-22,59.680362701416016,59.967288970947266,58.6283073425293,59.20215606689453,31.097270965576172,37527599
2006-02-23,59.01087188720703,59.10651397705078,57.86317443847656,58.15009689331055,30.544654846191406,43459118
2006-02-24,58.15009689331055,58.6283073425293,57.67189025878906,58.34138107299805,30.645132064819336,46726524
2006-02-27,58.34138107299805,58.34138107299805,57.67189025878906,58.2457389831543,30.594894409179688,45298276
2006-03-01,57.67189025878906,58.15009689331055,57.28932189941406,57.76753234863281,30.34370231628418,57964311
2006-03-02,58.81958770751953,60.062931060791016,58.81958770751953,59.967288970947266,31.499183654785156,80870659
2006-03-03,59.871646881103516,59.871646881103516,58.72394561767578,59.10651397705078,31.047035217285156,44579969
2006-03-06,59.01087188720703,59.01087188720703,58.0544548034668,58.2457389831543,30.594894409179688,28457279
2006-03-07,58.2457389831543,58.2457389831543,57.48060607910156,57.48060607910156,30.192991256713867,37496232
2006-03-08,57.28932189941406,57.38496398925781,56.332908630371094,56.428550720214844,29.640369415283203,62459217
2006-03-09,56.428550720214844,57.28932189941406,56.428550720214844,57.19368362426758,30.042280197143555,28139426
2006-03-10,57.19368362426758,59.489078521728516,57.19368362426758,58.72394561767578,30.846092224121094,65318851
2006-03-13,58.72394561767578,59.01087188720703,58.15009689331055,58.72394561767578,30.846092224121094,18581870
2006-03-14,58.34138107299805,58.34138107299805,57.19368362426758,57.38496398925781,30.14275550842285,34625097
2006-03-15,58.81958770751953,59.29779815673828,58.2457389831543,58.4370231628418,30.69536781311035,32314387
2006-03-16,58.81958770751953,59.29779815673828,57.86317443847656,57.86317443847656,30.393943786621094,37898776
2006-03-17,57.67189025878906,58.2457389831543,57.38496398925781,58.0544548034668,30.494417190551758,42512877
2006-03-20,58.0544548034668,58.0544548034668,57.48060607910156,57.57624816894531,30.243221282958984,35351768
2006-03-21,57.38496398925781,58.15009689331055,57.28932189941406,57.86317443847656,30.393943786621094,39790213
2006-03-22,57.38496398925781,57.48060607910156,56.90675735473633,57.00239944458008,29.94180679321289,46207921
2006-03-23,57.19368362426758,57.67189025878906,56.61983108520508,57.00239944458008,29.94180679321289,39473405
2006-03-24,57.00239944458008,57.57624816894531,56.90675735473633,57.19368362426758,30.042280197143555,22809110
2006-03-27,57.95881271362305,58.0544548034668,57.57624816894531,57.67189025878906,30.29347038269043,25907134
2006-03-28,58.15009689331055,58.81958770751953,57.67189025878906,58.72394561767578,30.846092224121094,41086719
2006-03-29,58.34138107299805,59.20215606689453,58.0544548034668,59.20215606689453,31.097270965576172,46391942
2006-03-30,59.776004791259766,60.25421142578125,59.39344024658203,60.1585693359375,31.599653244018555,91007461
2006-03-31,60.25421142578125,61.97576141357422,60.25421142578125,61.401912689208984,32.252742767333984,91399549
2006-04-03,61.401912689208984,62.16704559326172,61.019344329833984,61.97576141357422,32.55417251586914,37725212
2006-04-04,61.88011932373047,61.97576141357422,61.306270599365234,61.68883514404297,32.40346145629883,26653671
2006-04-06,62.16704559326172,63.0278205871582,62.07140350341797,63.0278205871582,33.106788635253906,65636704
2006-04-07,63.12346267700195,64.84500885009766,62.74089431762695,64.46244049072266,33.8603630065918,68181621
2006-04-10,63.88859558105469,64.46244049072266,63.50602722167969,64.07987976074219,33.65940856933594,47331909
2006-04-11,63.69731140136719,63.88859558105469,62.8365364074707,63.2191047668457,33.20726776123047,33915155
2006-04-12,62.26268768310547,64.3667984008789,62.26268768310547,63.88859558105469,33.55892562866211,55796844
2006-04-13,64.07987976074219,64.3667984008789,63.41038513183594,64.27116394042969,33.7598876953125,39164962
2006-04-14,64.07987976074219,65.03629302978516,63.69731140136719,65.03629302978516,34.16178512573242,38892068
2006-04-17,65.03629302978516,65.1319351196289,64.46244049072266,64.84500885009766,34.061309814453125,35193887
2006-04-18,64.84500885009766,65.1319351196289,63.98423767089844,64.9406509399414,34.111549377441406,29590677
2006-04-19,65.89706420898438,66.85348510742188,65.89706420898438,66.37527465820312,34.86511993408203,57104852
2006-04-20,66.18399047851562,66.94912719726562,66.18399047851562,66.85348510742188,35.116310119628906,38494751
2006-04-21,66.37527465820312,66.94912719726562,66.18399047851562,66.27963256835938,34.81488037109375,39472359
2006-04-24,65.41886138916016,66.27963256835938,65.1319351196289,65.22757720947266,34.26227569580078,41773659
2006-04-25,65.1319351196289,65.1319351196289,63.88859558105469,64.07987976074219,33.65940856933594,36433933
2006-04-26,63.88859558105469,66.18399047851562,63.69731140136719,65.99270629882812,34.664161682128906,37492050
2006-04-27,65.7057876586914,65.89706420898438,64.27116394042969,64.27116394042969,33.7598876953125,50857571
2006-04-28,64.9406509399414,65.89706420898438,64.07987976074219,65.1319351196289,34.2120246887207,46648106
2006-05-02,63.69731140136719,64.46244049072266,63.60166931152344,64.27116394042969,33.7598876953125,52414425
2006-05-03,64.46244049072266,65.1319351196289,64.07987976074219,64.07987976074219,33.65940856933594,41723472
2006-05-04,65.03629302978516,65.03629302978516,64.46244049072266,64.5580825805664,33.91059494018555,25590326
2006-05-05,65.1319351196289,66.47091674804688,65.03629302978516,65.5145034790039,34.4129753112793,55011621
2006-05-08,66.56655883789062,66.85348510742188,65.89706420898438,66.37527465820312,34.86511993408203,41549907
2006-05-09,66.08834838867188,66.08834838867188,64.7493667602539,65.03629302978516,34.16178512573242,42165748
2006-05-10,64.5580825805664,64.5580825805664,62.26268768310547,63.60166931152344,33.40821838378906,75295680
2006-05-11,62.35832977294922,63.69731140136719,62.35832977294922,63.69731140136719,33.458457946777344,42994885
2006-05-12,62.16704559326172,62.54961013793945,61.97576141357422,62.07140350341797,32.60440444946289,57094397
2006-05-15,60.82806396484375,61.114986419677734,60.349853515625,60.44549560546875,31.7503719329834,61700133
2006-05-16,60.5411376953125,61.019344329833984,59.584720611572266,59.680362701416016,31.348464965820312,58757899
2006-05-17,60.25421142578125,61.210628509521484,60.062931060791016,60.923702239990234,32.001548767089844,33387142
2006-05-18,57.6546745300293,57.93203353881836,57.284542083740234,57.746490478515625,30.332656860351562,58946971613
2006-05-19,57.746490478515625,58.301212310791016,57.284542083740234,57.746490478515625,30.332656860351562,45212447317
2006-05-22,59.967288970947266,60.062931060791016,58.0544548034668,58.15009689331055,30.544654846191406,66874659
2006-05-23,57.48060607910156,59.01087188720703,57.19368362426758,58.4370231628418,30.69536781311035,60425583
2006-05-24,58.4370231628418,59.01087188720703,57.57624816894531,58.34138107299805,30.645132064819336,58294711
2006-05-25,57.86317443847656,58.2457389831543,57.19368362426758,57.19368362426758,30.042280197143555,53210104
2006-05-26,57.38496398925781,57.95881271362305,56.71547317504883,56.90675735473633,29.89156723022461,62662057
2006-05-29,55.436744689941406,56.545230865478516,55.25215530395508,55.621334075927734,29.21636199951172,35559318188
2006-05-30,57.38496398925781,58.53266525268555,57.19368362426758,57.57624816894531,30.243221282958984,34352203
2006-06-01,58.81958770751953,59.39344024658203,57.95881271362305,58.72394561767578,30.846092224121094,47066334
2006-06-02,59.39344024658203,59.776004791259766,59.01087188720703,59.776004791259766,31.398704528808594,46201648
2006-06-05,59.967288970947266,60.1585693359375,57.38496398925781,57.76753234863281,30.34370231628418,55459125
2006-06-06,57.67189025878906,58.53266525268555,57.38496398925781,58.15009689331055,30.544654846191406,54823419
2006-06-07,57.86317443847656,58.15009689331055,57.48060607910156,57.48060607910156,30.192991256713867,33273175
2006-06-08,57.00239944458008,57.09804153442383,53.46365737915039,53.46365737915039,28.082996368408203,80875887
2006-06-09,55.47213363647461,56.332908630371094,54.420074462890625,55.950340270996094,29.389183044433594,71531628
2006-06-12,55.47213363647461,56.045982360839844,54.515716552734375,54.99392318725586,28.886804580688477,55858533
2006-06-13,54.515716552734375,54.707000732421875,53.65494155883789,53.75058364868164,28.233707427978516,54639398
2006-06-14,53.75058364868164,56.237266540527344,53.75058364868164,55.56777572631836,29.1882266998291,58904278
2006-06-15,56.141624450683594,56.237266540527344,54.228790283203125,54.324432373046875,28.53514289855957,45438382
2006-06-16,56.90675735473633,57.00239944458008,56.332908630371094,56.81111526489258,29.841325759887695,57760425
2006-06-19,57.00239944458008,57.09804153442383,56.428550720214844,56.81111526489258,29.841325759887695,67351439
2006-06-20,54.279483795166016,54.870548248291016,53.39288330078125,53.88543701171875,29.547683715820312,91355412
2006-06-21,53.88543701171875,54.673526763916016,53.78692626953125,54.47650146484375,29.871793746948242,34227699
2006-06-22,55.757144927978516,56.939273834228516,55.363101959228516,56.840763092041016,31.16822052001953,42459279
2006-06-23,56.151187896728516,56.151187896728516,55.067569732666016,55.757144927978516,30.574026107788086,29058725
2006-06-26,55.166080474853516,56.643741607666016,55.166080474853516,56.151187896728516,30.790098190307617,24011566
2006-06-27,56.545230865478516,57.136295318603516,55.954166412353516,56.545230865478516,31.00617218017578,37100479
2006-06-28,55.166080474853516,55.855655670166016,54.969058990478516,55.264591217041016,30.303939819335938,57331751
2006-06-29,55.264591217041016,55.954166412353516,55.264591217041016,55.855655670166016,30.628049850463867,51614615
2006-06-30,57.530338287353516,57.62885284423828,56.939273834228516,57.530338287353516,31.546348571777344,71963641
2006-07-03,57.62885284423828,57.924381256103516,57.333316802978516,57.62885284423828,31.600364685058594,30083993
2006-07-04,58.12140655517578,58.41693878173828,57.72736358642578,57.924381256103516,31.762405395507812,30927555
2006-07-05,57.82587432861328,57.924381256103516,56.742252349853516,56.840763092041016,31.16822052001953,23413662
2006-07-06,56.545230865478516,56.643741607666016,55.954166412353516,56.249698638916016,30.844118118286133,39664663
2006-07-07,56.249698638916016,56.348209381103516,55.363101959228516,56.052677154541016,30.7360782623291,39109394
2006-07-10,55.166080474853516,56.348209381103516,54.870548248291016,56.052677154541016,30.7360782623291,41145718
2006-07-11,55.560123443603516,56.052677154541016,55.363101959228516,55.560123443603516,30.46599578857422,26654930
2006-07-12,56.939273834228516,57.136295318603516,55.855655670166016,56.249698638916016,30.844118118286133,52523144
2006-07-13,55.757144927978516,55.954166412353516,55.461612701416016,55.461612701416016,30.411968231201172,19841467
2006-07-14,54.377994537353516,54.673526763916016,54.18096923828125,54.279483795166016,29.763765335083008,52402345
2006-07-17,53.88543701171875,54.08245849609375,52.60479736328125,52.99884033203125,29.061540603637695,56417131
2006-07-18,53.19586181640625,53.49139404296875,53.09735107421875,53.29437255859375,29.22358512878418,29474923
2006-07-19,53.39288330078125,53.88543701171875,52.99884033203125,52.99884033203125,29.061540603637695,32017790
2006-07-20,54.673526763916016,55.461612701416016,54.377994537353516,55.363101959228516,30.357955932617188,48255594
2006-07-21,55.166080474853516,55.166080474853516,53.88543701171875,54.08245849609375,29.65572738647461,43132301
2006-07-24,52.11224365234375,52.21075439453125,51.52117919921875,52.11224365234375,28.57537841796875,74943008
2006-07-25,53.49139404296875,53.68841552734375,52.70330810546875,52.99884033203125,29.061540603637695,43911911
2006-07-26,53.421451568603516,53.421451568603516,52.637306213378906,52.833343505859375,28.97077751159668,39066183301
2006-07-27,52.833343505859375,53.22541427612305,52.637306213378906,53.12690353393555,29.13175392150879,52802041866
2006-07-28,53.29437255859375,53.68841552734375,53.09735107421875,53.58990478515625,29.385635375976562,41668503
2006-07-31,54.47650146484375,54.673526763916016,53.39288330078125,53.98394775390625,29.60171890258789,39760084
2006-08-01,54.08245849609375,54.47650146484375,53.98394775390625,54.279483795166016,29.763765335083008,21196648
2006-08-02,54.08245849609375,54.377994537353516,53.68841552734375,54.08245849609375,29.65572738647461,22049346
2006-08-03,54.377994537353516,54.57501220703125,53.78692626953125,54.08245849609375,29.65572738647461,32050274
2006-08-04,54.279483795166016,54.57501220703125,53.78692626953125,54.08245849609375,29.65572738647461,35807220
2006-08-07,54.47650146484375,54.47650146484375,53.58990478515625,53.78692626953125,29.493667602539062,21937683
2006-08-08,53.98394775390625,54.673526763916016,53.78692626953125,54.673526763916016,29.979829788208008,21339779
2006-08-09,54.279483795166016,55.067569732666016,54.18096923828125,54.969058990478516,30.141891479492188,51550663
2006-08-10,54.969058990478516,56.151187896728516,54.969058990478516,55.954166412353516,30.682058334350586,60819692
2006-08-11,56.643741607666016,56.742252349853516,56.151187896728516,56.545230865478516,31.00617218017578,46873006
2006-08-14,56.545230865478516,57.037784576416016,56.446720123291016,56.742252349853516,31.114215850830078,25133270
2006-08-15,56.939273834228516,57.037784576416016,56.446720123291016,56.742252349853516,31.114215850830078,20543928
2006-08-16,57.924381256103516,58.31842803955078,57.62885284423828,58.12140655517578,31.870452880859375,58560042
2006-08-17,59.10651397705078,59.20502471923828,58.41693878173828,58.81098175048828,32.24858093261719,62238825
2006-08-18,59.30353546142578,59.40204620361328,58.51544952392578,58.71247100830078,32.19456481933594,57626135
2006-08-21,58.41693878173828,58.61396026611328,56.742252349853516,57.037784576416016,31.276260375976562,41619
2006-08-22,57.136295318603516,57.924381256103516,57.136295318603516,57.924381256103516,31.762405395507812,20302
2006-08-23,57.924381256103516,58.02289581298828,56.348209381103516,57.234806060791016,31.384288787841797,32399474
2006-08-24,56.348209381103516,56.742252349853516,55.855655670166016,56.052677154541016,30.7360782623291,36856851
2006-08-25,56.151187896728516,56.742252349853516,55.855655670166016,56.151187896728516,30.790098190307617,24699815
2006-08-28,56.151187896728516,56.151187896728516,55.067569732666016,55.363101959228516,30.357955932617188,26852877
2006-08-29,55.855655670166016,55.954166412353516,55.461612701416016,55.658634185791016,30.5200138092041,26054996
2006-08-30,56.545230865478516,56.939273834228516,56.151187896728516,56.446720123291016,30.952146530151367,26826484
2006-08-31,57.333316802978516,57.82587432861328,57.136295318603516,57.234806060791016,31.384288787841797,40281854
2006-09-01,57.431827545166016,58.02289581298828,57.431827545166016,57.924381256103516,31.762405395507812,29076998
2006-09-04,58.21991729736328,58.51544952392578,58.02289581298828,58.41693878173828,32.032508850097656,26855923
2006-09-05,58.51544952392578,58.51544952392578,57.62885284423828,57.72736358642578,31.65439224243164,15028800
2006-09-06,57.62885284423828,57.82587432861328,56.348209381103516,56.939273834228516,31.222232818603516,25035819
2006-09-07,55.954166412353516,56.446720123291016,55.954166412353516,56.249698638916016,30.844118118286133,23380164
2006-09-08,55.47934341430664,56.16596603393555,55.47934341430664,55.57785415649414,30.475719451904297,30968925561
2006-09-11,56.052677154541016,57.136295318603516,55.363101959228516,55.461612701416016,30.411968231201172,36606117
2006-09-12,55.658634185791016,56.249698638916016,55.363101959228516,55.855655670166016,30.628049850463867,28685163
2006-09-13,56.939273834228516,57.530338287353516,56.742252349853516,57.530338287353516,31.546348571777344,45216335
2006-09-14,58.12140655517578,58.12140655517578,56.742252349853516,57.530338287353516,31.546348571777344,40731551
2006-09-15,57.34218215942383,57.832767486572266,57.048622131347656,57.832767486572266,31.712177276611328,42647055608
2006-09-18,58.61396026611328,59.20502471923828,58.51544952392578,59.00800323486328,32.35661697387695,61945456
2006-09-19,59.59906768798828,59.99311065673828,59.40204620361328,59.59906768798828,32.680721282958984,51626796
2006-09-20,59.10651397705078,59.20502471923828,58.61396026611328,59.00800323486328,32.35661697387695,34033812
2006-09-21,59.59906768798828,59.79608917236328,59.10651397705078,59.59906768798828,32.680721282958984,34170852
2006-09-22,59.00800323486328,59.30353546142578,58.61396026611328,58.81098175048828,32.24858093261719,28759266
2006-09-25,58.81098175048828,59.10651397705078,58.31842803955078,58.81098175048828,32.24858093261719,16036811
2006-09-26,59.30353546142578,59.79608917236328,59.30353546142578,59.59906768798828,32.680721282958984,26138235
2006-09-27,59.99311065673828,60.09162139892578,59.50055694580078,59.99311065673828,32.89678955078125,35342297
2006-09-28,59.99311065673828,60.19013214111328,59.79608917236328,59.99311065673828,32.89678955078125,74300439
2006-09-29,59.69757843017578,59.79608917236328,58.31842803955078,58.81098175048828,32.24858093261719,46391840
2006-10-02,58.90949249267578,59.59906768798828,58.61396026611328,59.30353546142578,32.5186653137207,44685429
2006-10-03,59.10651397705078,59.40204620361328,58.71247100830078,59.10651397705078,32.41062927246094,31465567
2006-10-04,59.10651397705078,59.10651397705078,57.62885284423828,57.62885284423828,31.600364685058594,46779615
2006-10-05,58.71247100830078,59.89459991455078,58.71247100830078,59.79608917236328,32.788761138916016,45036660
2006-10-09,59.79608917236328,59.79608917236328,59.79608917236328,59.79608917236328,32.788761138916016,0
2006-10-11,59.79608917236328,59.99311065673828,59.50055694580078,59.69757843017578,32.73473358154297,38087172
2006-10-12,60.09162139892578,60.19013214111328,59.69757843017578,60.09162139892578,32.950809478759766,31482824
2006-10-13,60.87970733642578,62.45588302612305,60.87970733642578,62.25886154174805,34.139198303222656,78219804
2006-10-16,63.04694747924805,64.22908020019531,62.35737228393555,64.03205871582031,35.11151885986328,80407380
2006-10-17,63.04694747924805,63.24396896362305,61.86481857299805,61.96332931518555,33.97714614868164,38272938
2006-10-18,61.17524337768555,61.47077560424805,60.58417510986328,61.07673263549805,33.4909782409668,36902531
2006-10-19,60.38715362548828,60.87970733642578,59.89459991455078,60.09162139892578,32.950809478759766,38504385
2006-10-20,60.28864288330078,60.97822189331055,60.28864288330078,60.87970733642578,33.38294982910156,19804923
2006-10-23,60.09162139892578,60.58417510986328,59.99311065673828,60.28864288330078,33.0588493347168,12936645
2006-10-24,60.78119659423828,62.25886154174805,60.78119659423828,62.06184005737305,34.031158447265625,52962690
2006-10-25,61.96332931518555,61.96332931518555,61.07673263549805,61.37226486206055,33.65303421020508,39131727
2006-10-26,61.262916564941406,61.85102462768555,60.28273391723633,60.28273391723633,33.05560302734375,33418405823
2006-10-27,61.47077560424805,61.96332931518555,61.27375411987305,61.56928634643555,33.76107406616211,38132852
2006-10-30,60.58417510986328,60.78119659423828,59.79608917236328,59.79608917236328,32.788761138916016,60226864
2006-10-31,60.09162139892578,60.48566436767578,59.99311065673828,60.09162139892578,32.950809478759766,27665986
2006-11-01,60.48566436767578,60.58417510986328,59.20502471923828,59.30353546142578,32.5186653137207,54269145
2006-11-02,59.10651397705078,60.28864288330078,59.00800323486328,59.89459991455078,32.842769622802734,38329785
2006-11-03,59.30353546142578,60.58417510986328,59.30353546142578,60.19013214111328,33.00482177734375,59433042
2006-11-06,59.40204620361328,59.89459991455078,59.40204620361328,59.59906768798828,32.680721282958984,36353353
2006-11-07,60.09162139892578,60.38715362548828,59.59906768798828,59.69757843017578,32.73473358154297,40351897
2006-11-08,59.89459991455078,60.09162139892578,59.50055694580078,59.50055694580078,32.626705169677734,28891231
2006-11-09,60.09162139892578,60.38715362548828,59.59906768798828,59.59906768798828,32.680721282958984,42639970
2006-11-10,59.59906768798828,60.19013214111328,59.40204620361328,59.89459991455078,32.842769622802734,32187315
2006-11-13,59.59906768798828,59.69757843017578,59.00800323486328,59.10651397705078,32.41062927246094,27048795
2006-11-14,59.30353546142578,59.89459991455078,59.30353546142578,59.89459991455078,32.842769622802734,24290723
2006-11-15,60.68268585205078,61.27375411987305,60.38715362548828,60.87970733642578,33.38294982910156,52333317
2006-11-16,61.56928634643555,61.76630783081055,61.07673263549805,61.27375411987305,33.59901428222656,36581754
2006-11-17,61.56928634643555,61.86481857299805,61.07673263549805,61.47077560424805,33.70705795288086,30150991
2006-11-20,61.37226486206055,61.37226486206055,60.68268585205078,61.27375411987305,33.59901428222656,34728151
2006-11-21,59.10651397705078,62.06184005737305,59.10651397705078,62.06184005737305,34.031158447265625,44474285
2006-11-22,62.06184005737305,62.16035079956055,61.66779708862305,62.06184005737305,34.031158447265625,36937045
2006-11-23,62.35737228393555,62.75141525268555,62.16035079956055,62.55439376831055,34.30125427246094,44517935
2006-11-24,62.35737228393555,62.75141525268555,62.06184005737305,62.45588302612305,34.247230529785156,24710981
2006-11-27,63.14545822143555,63.73652267456055,62.94843673706055,63.63801193237305,34.89543914794922,43691630
2006-11-28,63.04694747924805,63.24396896362305,62.65290451049805,63.04694747924805,34.571327209472656,34585020
2006-11-29,63.44099044799805,63.73652267456055,62.45588302612305,63.53950119018555,34.84142303466797,64572577
2006-11-30,63.93354415893555,64.52461242675781,63.44099044799805,64.52461242675781,35.38161087036133,73244718
2006-12-01,64.42610168457031,65.50971984863281,63.63801193237305,65.50971984863281,35.921775817871094,70899799
2006-12-04,65.21418762207031,65.70674133300781,64.82014465332031,65.31269836425781,35.813751220703125,51629842
2006-12-05,66.39631652832031,66.49482727050781,65.50971984863281,65.90376281738281,36.137855529785156,47807928
2006-12-06,66.39631652832031,66.98738098144531,66.29780578613281,66.88887023925781,36.67802810668945,48948919
2006-12-07,66.59333801269531,66.69184875488281,65.60823059082031,66.00227355957031,36.191871643066406,35983850
2006-12-08,66.00227355957031,66.00227355957031,64.03205871582031,65.11567687988281,35.705718994140625,38821101
2006-12-11,64.42610168457031,65.60823059082031,64.22908020019531,65.50971984863281,35.921775817871094,35027611
2006-12-12,65.50971984863281,65.50971984863281,62.94843673706055,63.24396896362305,34.67936706542969,42079625
2006-12-13,63.53950119018555,64.03205871582031,62.45588302612305,63.93354415893555,35.05748748779297,39262677
2006-12-14,64.22908020019531,64.32759094238281,63.14545822143555,63.14545822143555,34.6253547668457,23654245
2006-12-15,64.03205871582031,64.52461242675781,63.53950119018555,63.93354415893555,35.05748748779297,34750484
2006-12-18,64.32759094238281,66.00227355957031,64.32759094238281,65.60823059082031,35.97579574584961,33957678
2006-12-19,64.91865539550781,64.91865539550781,64.03205871582031,64.13056945800781,35.16553497314453,36219358
2006-12-20,64.62312316894531,64.62312316894531,63.63801193237305,63.83503341674805,35.003475189208984,33437938
2006-12-21,63.83503341674805,64.72163391113281,63.83503341674805,63.93354415893555,35.05748748779297,34600247
2006-12-22,64.52461242675781,64.62312316894531,64.13056945800781,64.62312316894531,35.43561553955078,9512657
2006-12-25,64.42610168457031,64.52461242675781,63.93354415893555,64.13056945800781,35.16553497314453,4135584
2006-12-26,64.03205871582031,65.11567687988281,64.03205871582031,65.01716613769531,35.651695251464844,19243564
2006-12-27,65.01716613769531,65.60823059082031,65.01716613769531,65.41120910644531,35.86776351928711,23128415
2006-12-28,65.50971984863281,65.80525207519531,65.11567687988281,65.11567687988281,35.705718994140625,20507384
2006-12-29,65.21418762207031,66.49482727050781,64.52461242675781,66.49482727050781,36.46195983886719,30997598
2007-01-02,66.79035949707031,66.98738098144531,66.29780578613281,66.69184875488281,36.56998825073242,26292533
2007-01-03,66.79035949707031,67.67695617675781,66.49482727050781,66.98738098144531,36.73204803466797,42463339
2007-01-04,66.69184875488281,67.08589172363281,66.59333801269531,66.69184875488281,36.56998825073242,22444226
2007-01-05,66.49482727050781,66.69184875488281,65.50971984863281,65.90376281738281,36.137855529785156,30905222
2007-01-08,65.11567687988281,65.50971984863281,64.72163391113281,64.82014465332031,35.54365539550781,24350615
2007-01-09,64.91865539550781,65.50971984863281,64.91865539550781,65.01716613769531,35.651695251464844,26319941
2007-01-10,64.42610168457031,64.42610168457031,63.04694747924805,63.24396896362305,34.67936706542969,74638473
2007-01-11,63.73652267456055,65.70674133300781,63.73652267456055,64.82014465332031,35.54365539550781,69732415
2007-01-12,66.49482727050781,68.46504211425781,66.00227355957031,68.07099914550781,37.32623291015625,134447109
2007-01-15,68.36653137207031,68.76057434082031,67.77546691894531,68.16950988769531,37.380245208740234,70399346
2007-01-16,68.16950988769531,69.45015716552734,68.07099914550781,69.25313568115234,37.974456787109375,76456547
2007-01-17,68.85909271240234,69.94271087646484,68.16950988769531,69.84420013427734,38.29856491088867,49354965
2007-01-18,69.59496307373047,70.28060150146484,69.49645233154297,69.79100036621094,38.26938247680664,55236218231
2007-01-19,68.46504211425781,69.84420013427734,68.46504211425781,68.76057434082031,37.704368591308594,47456698
2007-01-22,68.95759582519531,69.15461730957031,67.87397766113281,67.97248840332031,37.2722282409668,55429423
2007-01-23,67.77546691894531,67.97248840332031,67.18440246582031,67.77546691894531,37.16419219970703,39219027
2007-01-24,69.94271087646484,70.13973236083984,68.95759582519531,69.45015716552734,38.082489013671875,80198266
2007-01-25,69.84420013427734,70.13973236083984,69.54866790771484,69.94271087646484,38.352577209472656,39276889
2007-01-26,66.00227355957031,67.38142395019531,66.00227355957031,66.98738098144531,36.73204803466797,123692965
2007-01-29,67.28291320800781,67.77546691894531,66.98738098144531,67.57844543457031,37.056148529052734,46715662
2007-01-30,66.6544189453125,66.9479751586914,66.555908203125,66.6544189453125,36.549468994140625,40901509938
2007-01-31,66.98738098144531,67.18440246582031,64.91865539550781,66.39631652832031,36.407936096191406,84426227
2007-02-01,66.79035949707031,66.79035949707031,65.70674133300781,66.00227355957031,36.191871643066406,34083552
2007-02-02,66.79035949707031,66.98738098144531,66.39631652832031,66.79035949707031,36.62400817871094,52608414
2007-02-05,66.79035949707031,67.18440246582031,66.29780578613281,66.79035949707031,36.62400817871094,26738169
2007-02-06,66.98738098144531,67.87397766113281,66.79035949707031,67.87397766113281,37.21821212768555,36294476
2007-02-07,68.16950988769531,68.36653137207031,67.47993469238281,67.77546691894531,37.16419219970703,31078807
2007-02-08,68.26802062988281,68.26802062988281,66.98738098144531,67.38142395019531,36.94811248779297,42722194
2007-02-09,67.38142395019531,67.77546691894531,66.49482727050781,66.98738098144531,36.73204803466797,60761830
2007-02-12,66.00227355957031,66.88887023925781,65.50971984863281,66.00227355957031,36.191871643066406,52307939
2007-02-13,65.50971984863281,66.10078430175781,64.82014465332031,64.82014465332031,35.54365539550781,59982220
2007-02-14,66.00227355957031,66.29780578613281,65.41120910644531,66.29780578613281,36.35392761230469,36108710
2007-02-26,68.07099914550781,68.16950988769531,67.67695617675781,67.87397766113281,37.21821212768555,92771500
2007-02-27,67.97248840332031,69.05610656738281,67.87397766113281,68.26802062988281,37.43427276611328,77431059
2007-03-01,65.70674133300781,66.98738098144531,65.70674133300781,65.70674133300781,36.02981185913086,93824176
2007-03-02,65.28215789794922,65.67423248291016,64.98760986328125,65.47819519042969,35.90449905395508,32609394488
2007-03-05,63.7138671875,64.10594177246094,62.047061920166016,62.047061920166016,34.023048400878906,76199105583
2007-03-06,62.35737228393555,64.62312316894531,62.35737228393555,64.13056945800781,35.16553497314453,68872611
2007-03-07,65.11567687988281,65.11567687988281,64.22908020019531,64.52461242675781,35.38161087036133,52956599
2007-03-08,65.01716613769531,65.01716613769531,64.03205871582031,64.91865539550781,35.59767532348633,42735391
2007-03-09,65.60823059082031,65.70674133300781,64.91865539550781,65.50971984863281,35.921775817871094,38752073
2007-03-12,65.60823059082031,66.19929504394531,65.41120910644531,66.19929504394531,36.29990768432617,36451819
2007-03-13,66.98738098144531,68.07099914550781,66.79035949707031,68.07099914550781,37.32623291015625,88232914
2007-03-14,66.49482727050781,67.18440246582031,66.39631652832031,66.88887023925781,36.67802810668945,49611790
2007-03-15,67.57844543457031,68.26802062988281,67.47993469238281,67.97248840332031,37.2722282409668,39083001
2007-03-16,67.97248840332031,68.16950988769531,67.47993469238281,67.97248840332031,37.2722282409668,32378157
2007-03-19,67.97248840332031,68.07099914550781,67.57844543457031,67.97248840332031,37.2722282409668,24381068
2007-03-20,67.97248840332031,68.46504211425781,67.97248840332031,68.16950988769531,37.380245208740234,27396980
2007-03-21,68.66206359863281,68.95759582519531,68.36653137207031,68.66206359863281,37.65034866333008,36829443
2007-03-22,69.54866790771484,69.74568939208984,69.05610656738281,69.15461730957031,37.92043685913086,64008173
2007-03-23,69.05610656738281,69.15461730957031,68.66206359863281,68.95759582519531,37.81240463256836,52240942
2007-03-26,68.95759582519531,69.15461730957031,68.85909271240234,68.95759582519531,37.81240463256836,17781796
2007-03-27,68.95759582519531,69.64717864990234,68.16950988769531,68.16950988769531,37.380245208740234,47981513
2007-03-28,67.38142395019531,67.97248840332031,66.98738098144531,67.28291320800781,36.89409637451172,37260867
2007-03-29,66.49482727050781,68.07099914550781,66.49482727050781,67.67695617675781,37.11016845703125,58493045
2007-03-30,66.98738098144531,67.47993469238281,66.69184875488281,66.88887023925781,36.67802810668945,40987360
2007-04-02,66.79035949707031,67.57844543457031,66.49482727050781,67.18440246582031,36.8400764465332,25540332
2007-04-03,67.08589172363281,67.28291320800781,66.69184875488281,66.98738098144531,36.73204803466797,27851752
2007-04-04,66.98738098144531,68.56355285644531,66.98738098144531,68.26802062988281,37.43427276611328,57533759
2007-04-09,68.46504211425781,68.76057434082031,67.67695617675781,67.97248840332031,37.2722282409668,43425670
2007-04-10,68.16950988769531,68.16950988769531,67.18440246582031,67.47993469238281,37.002132415771484,38949006
2007-04-11,67.57844543457031,68.36653137207031,67.57844543457031,68.26802062988281,37.43427276611328,30941767
2007-04-12,67.47993469238281,68.26802062988281,67.28291320800781,67.47993469238281,37.002132415771484,29913454
2007-04-13,68.26802062988281,68.36653137207031,67.08589172363281,67.28291320800781,36.89409637451172,15635840
2007-04-16,67.67695617675781,68.07099914550781,66.49482727050781,66.49482727050781,36.46195983886719,26257004
2007-04-17,67.67695617675781,67.97248840332031,66.79035949707031,66.98738098144531,36.73204803466797,29041468
2007-04-18,66.59333801269531,67.67695617675781,66.59333801269531,67.57844543457031,37.056148529052734,47689159
2007-04-19,67.47993469238281,67.47993469238281,66.19929504394531,66.39631652832031,36.407936096191406,71378934
2007-04-20,66.39631652832031,66.88887023925781,66.29780578613281,66.49482727050781,36.46195983886719,36506635
2007-04-23,66.98738098144531,68.16950988769531,66.88887023925781,67.57844543457031,37.056148529052734,50902003
2007-04-24,67.77546691894531,68.95759582519531,67.57844543457031,68.76057434082031,37.704368591308594,62405304
2007-04-25,68.36653137207031,68.66206359863281,67.67695617675781,68.26802062988281,37.43427276611328,26780804
2007-04-26,69.35164642333984,69.45015716552734,68.66206359863281,68.85909271240234,37.758392333984375,54886335
2007-04-27,68.85909271240234,68.95759582519531,67.67695617675781,67.97248840332031,37.2722282409668,37065965
2007-04-30,67.67695617675781,67.67695617675781,66.88887023925781,67.67695617675781,37.11016845703125,41678654
2007-05-02,67.67695617675781,67.67695617675781,66.98738098144531,66.98738098144531,36.73204803466797,49526520
2007-05-03,66.98738098144531,67.57844543457031,66.98738098144531,67.38142395019531,36.94811248779297,63168671
2007-05-04,67.47993469238281,68.16950988769531,67.38142395019531,68.07099914550781,37.32623291015625,43466274
2007-05-07,68.46504211425781,68.56355285644531,67.38142395019531,67.47993469238281,37.002132415771484,40177297
2007-05-08,67.47993469238281,67.47993469238281,66.79035949707031,66.98738098144531,36.73204803466797,29353109
2007-05-09,66.88887023925781,67.47993469238281,66.69184875488281,66.98738098144531,36.73204803466797,33224764
2007-05-10,67.47993469238281,67.67695617675781,67.28291320800781,67.47993469238281,37.002132415771484,38463780
2007-05-11,66.49482727050781,66.98738098144531,66.49482727050781,66.49482727050781,36.46195983886719,48734729
2007-05-14,66.49482727050781,66.69184875488281,65.80525207519531,66.19929504394531,36.29990768432617,59656368
2007-05-15,65.90376281738281,66.19929504394531,65.31269836425781,65.50971984863281,35.921775817871094,52371892
2007-05-16,66.00227355957031,66.00227355957031,65.41120910644531,65.60823059082031,35.97579574584961,41476646
2007-05-17,66.19929504394531,67.08589172363281,66.10078430175781,66.69184875488281,36.56998825073242,50899973
2007-05-18,67.77546691894531,67.87397766113281,67.18440246582031,67.47993469238281,37.002132415771484,83547136
2007-05-21,67.77546691894531,68.36653137207031,67.47993469238281,68.16950988769531,37.380245208740234,69019803
2007-05-22,67.97248840332031,68.07099914550781,67.38142395019531,67.38142395019531,36.94811248779297,27513718
2007-05-23,67.87397766113281,68.16950988769531,67.77546691894531,67.87397766113281,37.21821212768555,61157725
2007-05-24,67.47993469238281,67.87397766113281,67.18440246582031,67.47993469238281,37.002132415771484,44111889
2007-05-25,66.59333801269531,66.79035949707031,65.90376281738281,66.39631652832031,36.407936096191406,68090971
2007-05-28,66.88887023925781,66.88887023925781,66.49482727050781,66.59333801269531,36.51597595214844,30897102
2007-05-29,66.88887023925781,67.57844543457031,66.79035949707031,67.57844543457031,37.056148529052734,50855308
2007-05-30,66.88887023925781,67.47993469238281,66.49482727050781,66.98738098144531,36.73204803466797,48759092
2007-05-31,67.47993469238281,67.67695617675781,67.18440246582031,67.18440246582031,36.8400764465332,48873800
2007-06-01,67.77546691894531,67.97248840332031,67.57844543457031,67.77546691894531,37.16419219970703,65352187
2007-06-04,67.97248840332031,68.46504211425781,67.97248840332031,68.07099914550781,37.32623291015625,65067954
2007-06-05,68.07099914550781,68.26802062988281,67.67695617675781,67.97248840332031,37.2722282409668,46546138
2007-06-06,67.97248840332031,68.36653137207031,67.57844543457031,67.87397766113281,37.21821212768555,90103773
2007-06-07,67.67695617675781,67.97248840332031,67.47993469238281,67.97248840332031,37.2722282409668,90202240
2007-06-08,65.3421859741211,65.3421859741211,64.64916229248047,64.7481689453125,37.117740631103516,143994171
2007-06-11,65.3421859741211,65.3421859741211,64.84716796875,64.94617462158203,37.231258392333984,52761870
2007-06-12,64.84716796875,64.94617462158203,64.15414428710938,64.15414428710938,36.7772102355957,58542485
2007-06-13,64.15414428710938,64.15414428710938,63.26311492919922,63.461124420166016,36.37991714477539,53593156
2007-06-14,64.05514526367188,64.45115661621094,63.956138610839844,64.3521499633789,36.89071273803711,63326163
2007-06-15,65.04517364501953,65.14418029785156,64.64916229248047,65.04517364501953,37.28799819946289,76806520
2007-06-20,65.83720397949219,67.81726837158203,65.83720397949219,67.6192626953125,38.76363754272461,156874548
2007-06-21,67.91627502441406,68.70829772949219,67.0252456665039,68.51029205322266,39.2744255065918,144017402
2007-06-22,69.00531005859375,69.00531005859375,67.6192626953125,68.31228637695312,39.160919189453125,61035331
2007-06-25,68.31228637695312,69.69833374023438,68.2132797241211,69.69833374023438,39.955482482910156,98997697
2007-06-26,69.20331573486328,69.30232238769531,68.31228637695312,68.41128540039062,39.21767044067383,43949034
2007-06-27,68.31228637695312,69.10430908203125,67.91627502441406,68.80730438232422,39.4446907043457,45260101
2007-06-28,69.50032806396484,69.8963394165039,68.90630340576172,69.69833374023438,39.955482482910156,76420675
2007-06-29,70.29235076904297,70.29235076904297,69.20331573486328,70.19335174560547,40.239261627197266,65587704
2007-07-02,70.19335174560547,70.29235076904297,69.20331573486328,70.29235076904297,40.296016693115234,34884691
2007-07-03,70.391357421875,71.18338012695312,70.391357421875,70.4903564453125,40.40951919555664,45479286
2007-07-04,71.08438110351562,71.28238677978516,70.68836212158203,71.18338012695312,40.80680465698242,45053037
2007-07-05,70.68836212158203,70.8863754272461,70.09434509277344,70.68836212158203,40.523033142089844,49550867
2007-07-06,70.19335174560547,70.29235076904297,69.40132141113281,69.79733276367188,40.012245178222656,41337000
2007-07-09,69.79733276367188,71.28238677978516,69.59932708740234,71.28238677978516,40.863563537597656,54256770
2007-07-10,71.28238677978516,71.87640380859375,70.68836212158203,71.28238677978516,40.863563537597656,83992138
2007-07-11,71.08438110351562,71.87640380859375,70.68836212158203,71.67839813232422,41.09058380126953,62059539
2007-07-12,71.77740478515625,72.17341613769531,70.4903564453125,70.9853744506836,40.69330596923828,66911902
2007-07-13,71.97541046142578,72.37142181396484,71.28238677978516,72.27241516113281,41.43111801147461,87624340
2007-07-16,72.27241516113281,72.27241516113281,70.8863754272461,71.77740478515625,41.147335052490234,47211551
2007-07-17,72.07440948486328,72.07440948486328,70.58936309814453,71.97541046142578,41.2608528137207,30858563
2007-07-18,71.08438110351562,71.48039245605469,70.29235076904297,70.29235076904297,40.296016693115234,42577363103
2007-07-19,69.20331573486328,69.59932708740234,68.70829772949219,69.30232238769531,39.72846603393555,66622013
2007-07-20,69.30232238769531,69.30232238769531,68.1142807006836,68.70829772949219,39.387939453125,70424916
2007-07-23,68.01527404785156,68.2132797241211,67.6192626953125,68.01527404785156,38.99064636230469,55621371
2007-07-24,68.31228637695312,70.58936309814453,68.31228637695312,70.58936309814453,40.466278076171875,79181188726
2007-07-25,69.20331573486328,69.30232238769531,68.60929870605469,68.90630340576172,39.50144577026367,43271279
2007-07-26,69.30232238769531,69.30232238769531,67.42125701904297,67.52025604248047,38.70687484741211,74248020
2007-07-27,64.3521499633789,64.7481689453125,63.36212158203125,63.36212158203125,36.32317352294922,259580202
2007-07-30,62.669097900390625,64.64916229248047,62.47108840942383,64.3521499633789,36.89071273803711,124382706
2007-07-31,64.3521499633789,64.55015563964844,63.956138610839844,64.3521499633789,36.89071273803711,108052949
2007-08-01,63.36212158203125,63.85713577270508,60.689029693603516,60.689029693603516,34.7907829284668,184354436
2007-08-02,61.38205337524414,63.16411209106445,61.085044860839844,63.16411209106445,36.20965576171875,96617978
2007-08-03,63.75813293457031,63.85713577270508,62.2730827331543,63.26311492919922,36.26641082763672,43447030
2007-08-06,61.877071380615234,62.76810073852539,61.77806854248047,61.97607421875,35.528602600097656,51372018
2007-08-07,62.17407989501953,62.2730827331543,60.59002685546875,60.689029693603516,34.7907829284668,68951228
2007-08-08,60.78803253173828,62.17407989501953,60.19401550292969,62.17407989501953,35.64210891723633,79317547
2007-08-09,63.461124420166016,63.65913009643555,62.570091247558594,63.16411209106445,36.20965576171875,50910417
2007-08-10,60.491024017333984,61.67906188964844,60.491024017333984,60.88703536987305,34.904296875,79525621
2007-08-13,61.877071380615234,61.97607421875,60.98603820800781,61.38205337524414,35.18807601928711,60228287
2007-08-14,61.58005905151367,62.075077056884766,60.88703536987305,61.283050537109375,35.131309509277344,42393530
2007-08-15,60.88703536987305,60.88703536987305,60.095008850097656,60.39202117919922,34.62052536010742,70863285
2007-08-16,59.40198516845703,59.50099182128906,58.01594161987305,58.510955810546875,33.542179107666016,116610239
2007-08-17,58.510955810546875,59.698997497558594,58.01594161987305,58.41195297241211,33.485416412353516,77250950
2007-08-20,61.38205337524414,61.67906188964844,60.19401550292969,61.58005905151367,35.30157470703125,62321146
2007-08-21,60.88703536987305,61.38205337524414,59.897003173828125,61.283050537109375,35.131309509277344,50454877
2007-08-22,60.88703536987305,60.88703536987305,60.095008850097656,60.29301834106445,34.56376647949219,36245251
2007-08-23,61.877071380615234,62.37208557128906,61.67906188964844,62.17407989501953,35.64210891723633,81387175
2007-08-24,62.37208557128906,62.37208557128906,60.88703536987305,60.98603820800781,34.96105194091797,55273907
2007-08-27,61.77806854248047,61.97607421875,60.78803253173828,60.98603820800781,34.96105194091797,39349188
2007-08-28,60.19401550292969,60.88703536987305,59.99600601196289,60.78803253173828,34.84754180908203,37855298
2007-08-29,59.00597381591797,59.698997497558594,59.00597381591797,59.59999465942383,34.166473388671875,51182125
2007-08-30,60.19401550292969,60.39202117919922,59.79800033569336,59.897003173828125,34.33673858642578,32552446
2007-08-31,59.99600601196289,62.075077056884766,59.99600601196289,62.075077056884766,35.58535385131836,57537468
2007-09-03,62.075077056884766,62.075077056884766,61.18404769897461,61.97607421875,35.528602600097656,29107106
2007-09-04,61.18404769897461,61.877071380615234,60.78803253173828,60.98603820800781,34.96105194091797,18916538
2007-09-05,61.97607421875,62.075077056884766,61.085044860839844,61.18404769897461,35.07456588745117,30499989
2007-09-06,61.18404769897461,61.97607421875,60.491024017333984,61.58005905151367,35.30157470703125,39366359
2007-09-07,62.17407989501953,62.17407989501953,60.88703536987305,61.38205337524414,35.18807601928711,26939502
2007-09-10,60.689029693603516,60.689029693603516,59.698997497558594,60.59002685546875,34.73402404785156,33192828655
2007-09-11,60.88703536987305,60.88703536987305,60.19401550292969,60.689029693603516,34.7907829284668,19271072
2007-09-12,60.39202117919922,61.18404769897461,60.39202117919922,60.88703536987305,34.904296875,31121180
2007-09-13,60.88703536987305,60.88703536987305,59.79800033569336,59.99600601196289,34.39350128173828,31171684
2007-09-14,60.78803253173828,61.18404769897461,60.29301834106445,61.18404769897461,35.07456588745117,46905501
2007-09-17,61.38205337524414,61.38205337524414,59.897003173828125,60.19401550292969,34.50700759887695,29274777
2007-09-18,60.19401550292969,60.19401550292969,60.19401550292969,60.19401550292969,34.50700759887695,0
2007-09-19,61.67906188964844,61.77806854248047,60.19401550292969,60.78803253173828,34.84754180908203,87697065
2007-09-20,61.085044860839844,61.481056213378906,60.29301834106445,60.39202117919922,34.62052536010742,67565415811
2007-09-21,60.88703536987305,61.18404769897461,60.39202117919922,60.88703536987305,34.904296875,30268684
2007-09-26,60.39202117919922,61.18404769897461,60.39202117919922,60.88703536987305,34.904296875,87819283
2007-09-27,61.58005905151367,62.96610641479492,61.085044860839844,62.96610641479492,36.09614944458008,75288389
2007-09-28,62.96610641479492,63.26311492919922,62.47108840942383,62.96610641479492,36.09614944458008,66759382
2007-10-01,62.867103576660156,63.56012725830078,62.867103576660156,63.26311492919922,36.26641082763672,59374780
2007-10-02,64.2531509399414,64.64916229248047,63.85713577270508,64.2531509399414,36.833961486816406,110099346
2007-10-03,64.64916229248047,64.64916229248047,64.05514526367188,64.3521499633789,36.89071273803711,78886249
2007-10-04,63.56012725830078,64.3521499633789,63.26311492919922,63.56012725830078,36.43667984008789,40264309
2007-10-05,63.56012725830078,64.3521499633789,63.36212158203125,63.956138610839844,36.6636962890625,27759677
2007-10-08,64.84716796875,64.94617462158203,63.85713577270508,64.3521499633789,36.89071273803711,64394814
2007-10-09,64.64916229248047,64.64916229248047,63.36212158203125,64.15414428710938,36.7772102355957,42308685
2007-10-11,64.3521499633789,64.3521499633789,62.37208557128906,62.669097900390625,35.92587661743164,81860897
2007-10-12,61.97607421875,61.97607421875,60.59002685546875,60.689029693603516,34.7907829284668,79288255
2007-10-15,60.689029693603516,62.2730827331543,60.59002685546875,62.2730827331543,35.698856353759766,90365662
2007-10-16,61.18404769897461,62.17407989501953,61.18404769897461,61.77806854248047,35.41508865356445,80164994188
2007-10-17,62.075077056884766,62.075077056884766,60.98603820800781,61.38205337524414,35.18807601928711,47351950
2007-10-18,61.67906188964844,62.2730827331543,61.18404769897461,62.2730827331543,35.698856353759766,32670623
2007-10-19,62.2730827331543,62.2730827331543,61.283050537109375,61.38205337524414,35.18807601928711,26892029
2007-10-22,59.40198516845703,59.99600601196289,59.00597381591797,59.99600601196289,34.39350128173828,80311453
2007-10-23,59.99600601196289,61.085044860839844,59.99600601196289,60.88703536987305,34.904296875,35098825
2007-10-24,60.98603820800781,61.481056213378906,59.99600601196289,60.19401550292969,34.50700759887695,33074650
2007-10-25,59.897003173828125,60.689029693603516,59.79800033569336,60.491024017333984,34.677268981933594,46308551
2007-10-26,60.39202117919922,61.18404769897461,60.39202117919922,60.98603820800781,34.96105194091797,72908671
2007-10-29,61.38205337524414,63.36212158203125,61.38205337524414,63.26311492919922,36.26641082763672,83796185
2007-10-30,63.75813293457031,63.75813293457031,62.075077056884766,62.37208557128906,35.75562286376953,38215892
2007-10-31,63.36212158203125,63.56012725830078,62.37208557128906,63.16411209106445,36.20965576171875,48506457
2007-11-01,63.75813293457031,63.75813293457031,62.76810073852539,63.56012725830078,36.43667984008789,54973917971
2007-11-02,62.37208557128906,62.96610641479492,60.88703536987305,60.98603820800781,34.96105194091797,60329294
2007-11-05,61.38205337524414,61.877071380615234,59.897003173828125,61.877071380615234,35.47184371948242,64364512822
2007-11-06,61.877071380615234,62.37208557128906,61.38205337524414,61.97607421875,35.528602600097656,32956472
2007-11-07,63.16411209106445,63.16411209106445,62.2730827331543,62.37208557128906,35.75562286376953,71047117
2007-11-08,60.88703536987305,61.67906188964844,60.78803253173828,61.283050537109375,35.131309509277344,58650562
2007-11-09,60.98603820800781,62.669097900390625,60.88703536987305,61.67906188964844,35.358341217041016,69057285
2007-11-12,60.98603820800781,61.481056213378906,60.78803253173828,60.98603820800781,34.96105194091797,77819618
2007-11-13,60.88703536987305,61.085044860839844,60.39202117919922,61.085044860839844,35.01779556274414,53703253
2007-11-14,62.17407989501953,62.570091247558594,60.78803253173828,60.88703536987305,34.904296875,76601477
2007-11-15,60.39202117919922,60.98603820800781,60.29301834106445,60.29301834106445,34.56376647949219,49587229
2007-11-16,60.095008850097656,60.095008850097656,59.40198516845703,59.897003173828125,34.33673858642578,49988226
2007-11-19,59.897003173828125,61.38205337524414,59.79800033569336,59.897003173828125,34.33673858642578,71248120
2007-11-20,59.40198516845703,60.19401550292969,59.2039794921875,59.897003173828125,34.33673858642578,64323100
2007-11-21,59.897003173828125,59.99600601196289,58.01594161987305,58.01594161987305,33.258399963378906,83413370
2007-11-22,57.42192077636719,59.50099182128906,56.82789993286133,59.302982330322266,33.996219635009766,55509253
2007-11-23,59.40198516845703,59.59999465942383,58.70896530151367,59.00597381591797,33.825950622558594,54809277
2007-11-26,59.50099182128906,60.491024017333984,59.40198516845703,60.491024017333984,34.677268981933594,146777924701
2007-11-27,58.9069709777832,59.50099182128906,58.21394729614258,58.510955810546875,33.542179107666016,83528517
2007-11-28,57.91693878173828,58.70896530151367,57.91693878173828,57.91693878173828,33.20164489746094,54263840
2007-11-29,58.41195297241211,59.40198516845703,58.21394729614258,59.40198516845703,34.05297088623047,59114183
2007-11-30,58.70896530151367,59.99600601196289,58.70896530151367,59.99600601196289,34.39350128173828,47288316
2007-12-03,60.095008850097656,60.19401550292969,59.00597381591797,59.2039794921875,33.9394645690918,40504705
2007-12-04,59.2039794921875,60.19401550292969,58.312950134277344,59.698997497558594,34.22323226928711,41376393
2007-12-05,59.59999465942383,60.491024017333984,59.302982330322266,60.29301834106445,34.56376647949219,113492161
2007-12-06,60.88703536987305,61.283050537109375,60.39202117919922,61.283050537109375,35.131309509277344,93817062
2007-12-07,61.877071380615234,62.867103576660156,61.77806854248047,61.97607421875,35.528602600097656,165686374
2007-12-10,62.37208557128906,62.37208557128906,60.491024017333984,60.491024017333984,34.677268981933594,75090416
2007-12-11,60.689029693603516,62.075077056884766,60.59002685546875,62.075077056884766,35.58535385131836,77784265
2007-12-12,61.38205337524414,61.67906188964844,60.29301834106445,60.689029693603516,34.7907829284668,118280890
2007-12-13,60.39202117919922,60.98603820800781,60.095008850097656,60.095008850097656,34.45024871826172,139614519
2007-12-14,59.897003173828125,59.897003173828125,58.41195297241211,59.2039794921875,33.9394645690918,153675665
2007-12-17,58.510955810546875,59.00597381591797,58.312950134277344,58.9069709777832,33.76919174194336,67113915
2007-12-18,58.41195297241211,59.00597381591797,58.01594161987305,58.21394729614258,33.371910095214844,82978031368
2007-12-19,59.40198516845703,59.40198516845703,58.21394729614258,58.609962463378906,33.598934173583984,87625350
2007-12-20,58.609962463378906,58.609962463378906,58.21394729614258,58.41195297241211,33.485416412353516,56875874
2007-12-21,58.609962463378906,59.00597381591797,58.41195297241211,58.41195297241211,33.485416412353516,77640836
2007-12-24,58.9069709777832,59.2039794921875,58.312950134277344,58.609962463378906,33.598934173583984,36075560
2007-12-25,58.9069709777832,59.104976654052734,58.510955810546875,59.00597381591797,33.825950622558594,25618334
2007-12-26,58.9069709777832,59.104976654052734,58.11494445800781,58.9069709777832,33.76919174194336,24080002286
2007-12-27,59.40198516845703,61.085044860839844,59.00597381591797,61.085044860839844,35.01779556274414,127516944
2007-12-28,60.88703536987305,61.877071380615234,59.897003173828125,59.897003173828125,34.33673858642578,74708611
2007-12-31,58.9069709777832,59.104976654052734,58.11494445800781,58.9069709777832,33.76919174194336,24080002
2008-01-02,61.38205337524414,61.38205337524414,59.59999465942383,59.897003173828125,34.33673858642578,39300705
2008-01-03,59.302982330322266,59.40198516845703,58.80796813964844,58.80796813964844,33.71244430541992,35123067
2008-01-04,58.70896530151367,59.79800033569336,57.91693878173828,59.40198516845703,34.05297088623047,48851900
2008-01-07,56.431888580322266,57.42192077636719,55.24384689331055,55.24384689331055,31.669254302978516,104088436
2008-01-08,55.24384689331055,56.03587341308594,54.94683837890625,55.441856384277344,31.782772064208984,47704464
2008-01-09,54.451820373535156,56.431888580322266,53.95680618286133,56.431888580322266,32.350318908691406,45426762
2008-01-10,56.431888580322266,56.82789993286133,54.74883270263672,55.14484405517578,31.612506866455078,61813083
2008-01-11,55.54085922241211,55.54085922241211,54.15481185913086,54.451820373535156,31.215227127075195,72260208
2008-01-14,55.93687057495117,56.233882904052734,54.15481185913086,54.35281753540039,31.158475875854492,77963047
2008-01-15,54.847835540771484,57.32291793823242,54.64982986450195,56.926902770996094,32.634098052978516,98374485
2008-01-16,55.045841217041016,55.639862060546875,54.35281753540039,54.847835540771484,31.442241668701172,79288255
2008-01-17,55.045841217041016,55.837867736816406,53.95680618286133,54.15481185913086,31.044958114624023,51692209
2008-01-18,53.461788177490234,54.35281753540039,52.76876449584961,54.055809020996094,30.98819923400879,66086677
2008-01-21,54.055809020996094,54.15481185913086,52.76876449584961,52.76876449584961,30.250389099121094,43136940
2008-01-22,49.10564422607422,50.59069061279297,49.10564422607422,49.10564422607422,28.150447845458984,88136444
2008-01-23,50.4916877746582,50.88770294189453,49.89767074584961,50.4916877746582,28.945030212402344,78966044
2008-01-24,53.95680618286133,53.95680618286133,52.57075881958008,53.16477966308594,30.477407455444336,72080416
2008-01-25,54.451820373535156,55.441856384277344,54.451820373535156,54.94683837890625,31.499000549316406,50756887
2008-01-28,54.847835540771484,54.847835540771484,53.461788177490234,53.659793853759766,30.761184692382812,39967349
2008-01-29,55.34284973144531,56.431888580322266,55.045841217041016,56.431888580322266,32.350318908691406,58653592
2008-01-30,56.926902770996094,57.718929290771484,56.431888580322266,57.223915100097656,32.804359436035156,111730604
2008-01-31,56.926902770996094,59.302982330322266,56.72889709472656,59.302982330322266,33.996219635009766,172864922
2008-02-01,60.39202117919922,61.58005905151367,59.79800033569336,60.78803253173828,34.84754180908203,135886361
2008-02-12,59.104976654052734,59.698997497558594,59.104976654052734,59.40198516845703,34.05297088623047,104072274
2008-02-13,60.39202117919922,60.39202117919922,59.302982330322266,59.302982330322266,33.996219635009766,52671974
2008-02-14,59.59999465942383,61.38205337524414,59.59999465942383,61.38205337524414,35.18807601928711,73558144
2008-02-15,60.39202117919922,61.085044860839844,60.29301834106445,60.88703536987305,34.904296875,30468677
2008-02-18,60.88703536987305,61.18404769897461,59.104976654052734,59.40198516845703,34.05297088623047,52548746
2008-02-19,60.19401550292969,60.88703536987305,59.40198516845703,60.88703536987305,34.904296875,20237706
2008-02-20,60.78803253173828,60.78803253173828,59.104976654052734,60.491024017333984,34.677268981933594,41368312
2008-02-21,60.88703536987305,61.481056213378906,60.491024017333984,61.283050537109375,35.131309509277344,40795604
2008-02-22,60.29301834106445,60.39202117919922,59.50099182128906,60.29301834106445,34.56376647949219,37511876
2008-02-25,60.39202117919922,60.88703536987305,59.99600601196289,60.59002685546875,34.73402404785156,40391577
2008-02-26,61.18404769897461,61.877071380615234,60.88703536987305,61.77806854248047,35.41508865356445,59821230
2008-02-27,62.17407989501953,62.96610641479492,62.075077056884766,62.96610641479492,36.09614944458008,94417042
2008-02-29,61.97607421875,62.867103576660156,60.98603820800781,60.98603820800781,34.96105194091797,64072603
2008-03-03,59.50099182128906,60.095008850097656,59.40198516845703,60.095008850097656,34.45024871826172,47462048
2008-03-04,59.50099182128906,62.37208557128906,59.50099182128906,62.2730827331543,35.698856353759766,74207617
2008-03-05,62.867103576660156,62.867103576660156,61.877071380615234,62.669097900390625,35.92587661743164,70510771
2008-03-06,62.867103576660156,64.2531509399414,62.867103576660156,64.2531509399414,36.833961486816406,64834194
2008-03-07,62.96610641479492,63.85713577270508,62.669097900390625,63.36212158203125,36.32317352294922,53416394
2008-03-10,62.2730827331543,62.2730827331543,60.39202117919922,60.59002685546875,34.73402404785156,60318183
2008-03-11,59.99600601196289,61.77806854248047,59.99600601196289,61.77806854248047,35.41508865356445,43667225
2008-03-12,63.36212158203125,63.56012725830078,62.47108840942383,63.16411209106445,36.20965576171875,47048930
2008-03-13,62.075077056884766,62.867103576660156,60.88703536987305,61.38205337524414,35.18807601928711,42630896
2008-03-14,61.877071380615234,61.97607421875,59.99600601196289,60.491024017333984,34.677268981933594,45962098
2008-03-17,59.40198516845703,59.698997497558594,58.9069709777832,59.302982330322266,33.996219635009766,91075740
2008-03-18,59.302982330322266,59.99600601196289,58.9069709777832,59.302982330322266,33.996219635009766,47983242
2008-03-19,60.88703536987305,61.481056213378906,60.19401550292969,61.481056213378906,35.24482345581055,43634903
2008-03-20,61.085044860839844,62.2730827331543,60.39202117919922,61.97607421875,35.528602600097656,54806246
2008-03-21,62.96610641479492,64.2531509399414,62.96610641479492,64.15414428710938,36.7772102355957,102541013
2008-03-24,68.60929870605469,68.60929870605469,66.62922668457031,66.72823333740234,38.252838134765625,131630948
2008-03-25,66.72823333740234,66.72823333740234,65.73819732666016,66.53022766113281,38.13932800292969,88833390
2008-03-26,65.14418029785156,66.33222198486328,64.84716796875,66.33222198486328,38.025821685791016,54853719
2008-03-27,64.3521499633789,64.45115661621094,62.96610641479492,63.16411209106445,36.20965576171875,55009270
2008-03-28,61.58005905151367,62.669097900390625,61.38205337524414,61.67906188964844,35.358341217041016,110883158
2008-03-31,61.085044860839844,62.47108840942383,60.491024017333984,62.47108840942383,35.81237030029297,74797497
2008-04-01,61.877071380615234,62.867103576660156,61.18404769897461,61.18404769897461,35.07456588745117,49433699
2008-04-02,62.867103576660156,64.3521499633789,62.47108840942383,63.36212158203125,36.32317352294922,64325120
2008-04-03,63.36212158203125,64.2531509399414,63.26311492919922,63.75813293457031,36.55018615722656,28688938
2008-04-07,63.65913009643555,64.45115661621094,63.56012725830078,64.3521499633789,36.89071273803711,46050984238
2008-04-08,63.956138610839844,64.3521499633789,62.96610641479492,63.75813293457031,36.55018615722656,42646047
2008-04-09,62.37208557128906,63.85713577270508,62.17407989501953,62.47108840942383,35.81237030029297,43211685
2008-04-10,62.570091247558594,64.64916229248047,62.47108840942383,63.85713577270508,36.60694122314453,47965061
2008-04-11,63.65913009643555,63.956138610839844,62.867103576660156,63.461124420166016,36.37991714477539,37326023
2008-04-14,62.669097900390625,62.96610641479492,62.37208557128906,62.37208557128906,35.75562286376953,36523020
2008-04-15,62.37208557128906,63.16411209106445,62.17407989501953,62.37208557128906,35.75562286376953,38509822
2008-04-16,63.36212158203125,64.55015563964844,63.06510925292969,64.55015563964844,37.00422286987305,46918631
2008-04-17,66.43122100830078,66.82723236083984,65.93620300292969,66.43122100830078,38.08256912231445,102502630
2008-04-18,66.13420867919922,66.13420867919922,65.3421859741211,66.13420867919922,37.91230773925781,34048355
2008-04-21,66.13420867919922,66.82723236083984,66.13420867919922,66.72823333740234,38.252838134765625,39365349375
2008-04-22,66.62922668457031,66.62922668457031,65.93620300292969,66.62922668457031,38.196083068847656,38568406
2008-04-23,65.3421859741211,65.3421859741211,63.956138610839844,63.956138610839844,36.6636962890625,71430943
2008-04-24,63.75813293457031,63.85713577270508,62.867103576660156,63.26311492919922,36.26641082763672,64370573
2008-04-25,63.36212158203125,64.2531509399414,63.36212158203125,64.05514526367188,36.720458984375,48321615
2008-04-28,63.36212158203125,65.83720397949219,62.867103576660156,65.83720397949219,37.74204635620117,76233812
2008-04-29,65.83720397949219,66.33222198486328,64.05514526367188,64.05514526367188,36.720458984375,54811297
2008-04-30,64.55015563964844,66.53022766113281,64.55015563964844,66.03520965576172,37.855552673339844,79222601
2008-05-02,67.32225036621094,67.52025604248047,66.92623901367188,67.32225036621094,38.5933723449707,92729220214
2008-05-05,67.32225036621094,67.42125701904297,65.63919830322266,66.53022766113281,38.13932800292969,44992433
2008-05-06,66.72823333740234,67.32225036621094,66.13420867919922,67.32225036621094,38.5933723449707,33356459
2008-05-07,68.01527404785156,68.31228637695312,67.42125701904297,67.52025604248047,38.70687484741211,53091152
2008-05-08,67.32225036621094,67.32225036621094,65.3421859741211,66.82723236083984,38.30958938598633,47647900
2008-05-09,66.82723236083984,67.0252456665039,65.44119262695312,65.63919830322266,37.628536224365234,43383396
2008-05-12,66.13420867919922,67.1242446899414,65.44119262695312,66.92623901367188,38.366336822509766,28053606
2008-05-13,67.6192626953125,68.2132797241211,66.92623901367188,68.2132797241211,39.10416793823242,64676623
2008-05-14,68.31228637695312,68.51029205322266,67.42125701904297,67.91627502441406,38.933895111083984,67232093
2008-05-15,68.1142807006836,68.2132797241211,67.22325134277344,67.91627502441406,38.933895111083984,84659793
2008-05-16,67.91627502441406,68.60929870605469,67.91627502441406,68.51029205322266,39.2744255065918,97350277
2008-05-19,68.51029205322266,69.10430908203125,68.51029205322266,68.70829772949219,39.387939453125,82585115
2008-05-20,68.51029205322266,68.80730438232422,66.72823333740234,67.52025604248047,38.70687484741211,76617638
2008-05-21,67.1242446899414,67.22325134277344,66.33222198486328,66.62922668457031,38.196083068847656,43023812
2008-05-22,65.54019165039062,66.23321533203125,65.24317932128906,66.23321533203125,37.96906280517578,44796480
2008-05-23,65.3421859741211,65.93620300292969,64.84716796875,64.84716796875,37.17448806762695,60767663
2008-05-26,64.15414428710938,65.14418029785156,63.85713577270508,64.84716796875,37.17448806762695,49128659
2008-05-27,65.83720397949219,65.83720397949219,64.55015563964844,65.14418029785156,37.344764709472656,32916070
2008-05-28,66.13420867919922,66.82723236083984,65.93620300292969,66.33222198486328,38.025821685791016,109790265
2008-05-29,67.32225036621094,67.42125701904297,66.43122100830078,66.43122100830078,38.08256912231445,103415731
2008-05-30,67.22325134277344,67.32225036621094,64.94617462158203,64.94617462158203,37.231258392333984,180901017
2008-06-02,65.83720397949219,66.92623901367188,65.63919830322266,66.92623901367188,38.366336822509766,52833585
2008-06-03,66.72823333740234,66.92623901367188,65.44119262695312,65.44119262695312,37.5150260925293,62414073
2008-06-04,65.54019165039062,66.62922668457031,65.54019165039062,66.43122100830078,38.08256912231445,34817016
2008-06-05,66.72823333740234,67.1242446899414,65.83720397949219,67.1242446899414,38.479854583740234,81693225
2008-06-06,68.01527404785156,68.2132797241211,67.71826171875,67.71826171875,38.820377349853516,84141628
2008-06-09,66.33222198486328,66.33222198486328,64.45115661621094,64.64916229248047,37.06098556518555,107090355
2008-06-10,64.3521499633789,64.55015563964844,63.26311492919922,63.26311492919922,36.26641082763672,89169743
2008-06-11,63.85713577270508,65.24317932128906,63.56012725830078,65.24317932128906,37.40149688720703,46983276
2008-06-12,63.85713577270508,64.7481689453125,63.36212158203125,64.15414428710938,36.7772102355957,74684369
2008-06-13,64.55015563964844,64.7481689453125,64.15414428710938,64.15414428710938,36.7772102355957,52043712
2008-06-16,65.14418029785156,65.3421859741211,64.64916229248047,65.24317932128906,37.40149688720703,35600828
2008-06-17,64.3521499633789,64.7481689453125,64.15414428710938,64.55015563964844,37.00422286987305,44224782
2008-06-18,64.2531509399414,65.24317932128906,63.956138610839844,64.84716796875,37.17448806762695,34896812
2008-06-19,63.65913009643555,64.3521499633789,62.867103576660156,63.65913009643555,36.493431091308594,65880623
2008-06-20,63.85713577270508,64.2531509399414,62.570091247558594,63.06510925292969,36.15290451049805,67444207746
2008-06-23,62.570091247558594,63.956138610839844,61.97607421875,63.461124420166016,36.37991714477539,49626622
2008-06-24,64.3521499633789,64.45115661621094,63.56012725830078,63.56012725830078,36.43667984008789,60810086
2008-06-25,63.85713577270508,65.83720397949219,63.65913009643555,65.54019165039062,37.57177734375,92978706
2008-06-26,66.03520965576172,66.03520965576172,63.956138610839844,64.3521499633789,36.89071273803711,53469927
2008-06-27,62.47108840942383,64.3521499633789,62.075077056884766,63.36212158203125,36.32317352294922,177331439
2008-06-30,63.26311492919922,64.45115661621094,62.867103576660156,64.3521499633789,36.89071273803711,88412192
2008-07-01,63.36212158203125,64.45115661621094,63.36212158203125,63.56012725830078,36.43667984008789,32120137
2008-07-02,63.36212158203125,63.56012725830078,61.18404769897461,61.18404769897461,35.07456588745117,80100349
2008-07-03,58.9069709777832,59.79800033569336,56.926902770996094,58.21394729614258,33.371910095214844,117381930
2008-07-04,58.70896530151367,59.302982330322266,57.81793212890625,58.41195297241211,33.485416412353516,56226401
2008-07-07,59.104976654052734,59.897003173828125,58.21394729614258,59.50099182128906,34.10972595214844,41049131
2008-07-08,59.302982330322266,59.302982330322266,57.718929290771484,58.312950134277344,33.42865753173828,65377610
2008-07-09,58.9069709777832,60.095008850097656,58.510955810546875,58.9069709777832,33.76919174194336,54682008
2008-07-10,58.312950134277344,59.698997497558594,58.11494445800781,58.9069709777832,33.76919174194336,42522819
2008-07-11,59.897003173828125,62.37208557128906,59.2039794921875,61.77806854248047,35.41508865356445,60408079
2008-07-14,60.491024017333984,61.283050537109375,59.50099182128906,59.99600601196289,34.39350128173828,40530966
2008-07-15,58.70896530151367,58.9069709777832,57.025909423828125,57.025909423828125,32.69084930419922,63559489
2008-07-16,54.3283576965332,54.3283576965332,52.93532180786133,53.5323371887207,32.38915252685547,86539545
2008-07-17,55.621891021728516,57.21392822265625,55.621891021728516,57.21392822265625,34.61664962768555,68844510
2008-07-18,58.70646667480469,59.10447692871094,56.71641540527344,57.71144104003906,34.917667388916016,68904810
2008-07-21,59.10447692871094,60.09950256347656,59.10447692871094,59.50248718261719,36.00132369995117,55555395
2008-07-22,59.004974365234375,59.004974365234375,56.91542053222656,57.6119384765625,34.857460021972656,64985310
2008-07-23,58.208953857421875,58.208953857421875,56.815921783447266,57.31343078613281,34.67685317993164,72415275
2008-07-24,57.91044616699219,58.606964111328125,57.810943603515625,58.606964111328125,35.45948791503906,40385925
2008-07-25,57.91044616699219,57.91044616699219,56.91542053222656,57.51243591308594,34.79726028442383,35268465
2008-07-28,57.51243591308594,57.51243591308594,57.51243591308594,57.51243591308594,34.79726028442383,0
2008-07-29,55.72139358520508,55.72139358520508,54.029850006103516,54.72636795043945,33.11157989501953,73118775
2008-07-30,56.51741027832031,56.71641540527344,55.72139358520508,56.71641540527344,34.315650939941406,50989680
2008-07-31,56.71641540527344,56.815921783447266,55.42288589477539,55.9203987121582,33.834014892578125,50981640
2008-08-01,54.72636795043945,56.31840515136719,54.72636795043945,55.72139358520508,33.71360397338867,37225200
2008-08-04,55.32338333129883,55.72139358520508,54.825870513916016,55.42288589477539,33.532997131347656,23351175
2008-08-05,55.9203987121582,55.9203987121582,54.72636795043945,55.1243782043457,33.35240173339844,60352260
2008-08-06,57.11442565917969,58.70646667480469,56.91542053222656,58.50746154785156,35.399295806884766,82447185
2008-08-07,58.80596923828125,59.50248718261719,58.30845642089844,59.2039794921875,35.82071304321289,45290224
2008-08-08,59.2039794921875,60.29850769042969,59.2039794921875,60.199005126953125,36.4227409362793,77002095
2008-08-11,61.19403076171875,61.49253845214844,60.199005126953125,60.29850769042969,36.48294448852539,48411855
2008-08-12,60.89552307128906,61.393035888671875,60.597015380859375,60.89552307128906,36.84416198730469,63225555
2008-08-13,61.49253845214844,61.89054870605469,60.7960205078125,60.89552307128906,36.84416198730469,56098095
2008-08-14,60.69651794433594,60.7960205078125,59.70149230957031,60.199005126953125,36.4227409362793,41157765
2008-08-15,60.597015380859375,61.09452819824219,59.70149230957031,60.29850769042969,36.48294448852539,50530395
2008-08-18,60.49751281738281,60.7960205078125,59.70149230957031,59.800994873046875,36.18192672729492,49773630
2008-08-19,58.90547180175781,60.09950256347656,58.606964111328125,59.70149230957031,36.121726989746094,50736420
2008-08-20,58.90547180175781,60.39801025390625,58.90547180175781,59.70149230957031,36.121726989746094,37273440
2008-08-21,59.004974365234375,59.30348205566406,58.80596923828125,59.10447692871094,35.760501861572266,46564665
2008-08-22,59.60198974609375,60.09950256347656,59.10447692871094,59.90049743652344,36.242122650146484,52435875
2008-08-25,59.70149230957031,60.69651794433594,59.10447692871094,60.199005126953125,36.4227409362793,52525320
2008-08-26,59.70149230957031,59.90049743652344,59.10447692871094,59.70149230957031,36.121726989746094,52961490
2008-08-27,59.60198974609375,60.7960205078125,59.2039794921875,60.09950256347656,36.36253356933594,65996340
2008-08-28,59.60198974609375,60.199005126953125,59.402984619140625,59.800994873046875,36.18192672729492,80459295
2008-08-29,59.60198974609375,59.70149230957031,58.606964111328125,58.606964111328125,35.45948791503906,78159855
2008-09-01,57.31343078613281,57.31343078613281,55.72139358520508,56.31840515136719,34.07482147216797,119573895
2008-09-02,55.72139358520508,55.72139358520508,53.83084487915039,54.029850006103516,32.69015884399414,116539800
2008-09-03,54.22885513305664,55.223880767822266,53.93034744262695,54.72636795043945,33.11157989501953,78947775
2008-09-04,52.93532180786133,54.427860260009766,52.7363166809082,53.13432693481445,32.14834213256836,71765040
2008-09-05,51.9402961730957,53.233829498291016,51.54228973388672,52.7363166809082,31.90752410888672,81669315
2008-09-08,55.223880767822266,56.417911529541016,55.1243782043457,56.417911529541016,34.13502883911133,64699890
2008-09-09,54.72636795043945,55.42288589477539,53.93034744262695,54.029850006103516,32.69015884399414,50564565
2008-09-10,53.33333206176758,54.22885513305664,52.93532180786133,53.43283462524414,32.32894515991211,66204375
2008-09-11,53.33333206176758,53.33333206176758,51.442787170410156,52.039798736572266,31.486101150512695,72654465000
2008-09-12,52.53731155395508,52.835819244384766,51.840797424316406,52.437808990478516,31.726911544799805,37015155
2008-09-15,52.53731155395508,52.835819244384766,50.74626922607422,51.442787170410156,31.124889373779297,41212035
2008-09-16,50.44776153564453,52.039798736572266,50.44776153564453,50.74626922607422,30.70347023010254,60774360
2008-09-17,53.73134231567383,54.22885513305664,52.53731155395508,52.63681411743164,31.84732437133789,85298370
2008-09-18,51.24378204345703,53.33333206176758,51.24378204345703,51.741294860839844,31.30549430847168,123948660
2008-09-19,54.3283576965332,55.32338333129883,53.73134231567383,55.32338333129883,33.472801208496094,130290210
2008-09-22,56.815921783447266,56.815921783447266,55.32338333129883,55.52238845825195,33.593204498291016,60327135
2008-09-23,54.427860260009766,55.621891021728516,54.427860260009766,54.72636795043945,33.11157989501953,56568435
2008-09-24,53.73134231567383,53.93034744262695,53.03482437133789,53.03482437133789,32.0881233215332,39469365
2008-09-25,52.53731155395508,54.029850006103516,52.53731155395508,52.7363166809082,31.90752410888672,39524640000
2008-09-26,52.835819244384766,53.13432693481445,51.741294860839844,53.13432693481445,32.14834213256836,71671575
2008-09-29,53.13432693481445,53.13432693481445,53.13432693481445,53.13432693481445,32.14834213256836,0
2008-09-30,49.751243591308594,52.23880386352539,49.55223846435547,52.23880386352539,31.606508255004883,78348795
2008-10-01,53.73134231567383,53.73134231567383,52.23880386352539,52.23880386352539,31.606508255004883,43628055
2008-10-02,48.75621795654297,52.835819244384766,48.606964111328125,51.14427947998047,30.944272994995117,43619010
2008-10-03,54.62686538696289,54.62686538696289,49.95024871826172,51.14427947998047,30.944272994995117,56136285
2008-10-06,54.62686538696289,54.62686538696289,48.75621795654297,48.75621795654297,29.499406814575195,59422635
2008-10-07,52.13930130004883,52.13930130004883,47.71144104003906,49.452735900878906,29.920827865600586,48947520
2008-10-08,49.452735900878906,49.452735900878906,46.019901275634766,46.019901275634766,27.843835830688477,86231010
2008-10-09,49.2039794921875,49.2039794921875,42.835819244384766,45.87064743041992,27.753528594970703,64536075
2008-10-13,44.27860641479492,46.86566925048828,44.27860641479492,46.417911529541016,28.084644317626953,93667005
2008-10-14,49.65174102783203,49.65174102783203,49.004974365234375,49.65174102783203,30.041234970092773,90937425
2008-10-15,53.03482437133789,53.03482437133789,47.96019744873047,47.96019744873047,29.017791748046875,68217390
2008-10-16,51.24378204345703,51.24378204345703,46.31840515136719,46.31840515136719,28.024438858032227,16615665
2008-10-17,49.55223846435547,49.55223846435547,44.72636795043945,44.72636795043945,27.061195373535156,52474065
2008-10-20,43.184078216552734,44.27860641479492,43.184078216552734,43.980098724365234,26.60967445373535,74536830
2008-10-21,47.014923095703125,47.014923095703125,42.53731155395508,43.88059616088867,26.549467086791992,72999180
2008-10-22,46.91542053222656,46.91542053222656,42.388057708740234,42.388057708740234,25.646419525146484,48494265
2008-10-23,40.945274353027344,40.945274353027344,40.945274353027344,40.945274353027344,24.77348518371582,27365145
2008-10-24,43.78109359741211,43.78109359741211,39.55223846435547,39.55223846435547,23.930639266967773,60111060
2008-10-27,42.28855514526367,42.28855514526367,36.815921783447266,38.10945129394531,23.05770492553711,64823505
2008-10-28,40.74626922607422,40.74626922607422,36.31840515136719,39.50248718261719,23.900537490844727,84327540
2008-10-29,42.23880386352539,42.23880386352539,41.49253845214844,41.79104232788086,25.28520965576172,102281865
2008-10-30,38.90547180175781,44.67661666870117,38.90547180175781,44.67661666870117,27.031089782714844,73326810
2008-10-31,41.592037200927734,47.761192321777344,41.592037200927734,47.761192321777344,28.89737892150879,108091770
2008-11-03,51.044776916503906,51.044776916503906,45.77114486694336,46.766170501708984,28.295351028442383,59412585
2008-11-04,49.95024871826172,49.95024871826172,46.4676628112793,47.761192321777344,28.89737892150879,58564365
2008-11-05,51.044776916503906,51.044776916503906,47.014923095703125,47.761192321777344,28.89737892150879,74490600
2008-11-06,51.044776916503906,51.044776916503906,44.427860260009766,44.427860260009766,26.880584716796875,39522630
2008-11-07,41.343284606933594,44.427860260009766,41.343284606933594,43.2835807800293,26.188249588012695,98908080
2008-11-10,45.77114486694336,45.77114486694336,41.69154357910156,42.98507308959961,26.007644653320312,63185355
2008-11-11,42.98507308959961,43.78109359741211,41.79104232788086,42.88557052612305,25.947439193725586,38927670
2008-11-12,45.87064743041992,45.87064743041992,42.437808990478516,43.184078216552734,26.12804412841797,58458840
2008-11-13,46.16915512084961,46.16915512084961,40.29850769042969,40.29850769042969,24.38216209411621,57074955
2008-11-14,37.51243591308594,41.79104232788086,37.51243591308594,41.49253845214844,25.104597091674805,45642075
2008-11-17,38.606964111328125,44.378108978271484,38.606964111328125,40.597015380859375,24.562774658203125,43537605
2008-11-18,43.43283462524414,43.43283462524414,38.10945129394531,38.30845642089844,23.1781063079834,69764085000
2008-11-19,38.30845642089844,39.2039794921875,37.810943603515625,37.810943603515625,22.877094268798828,50393715000
2008-11-20,35.174129486083984,37.21392822265625,35.174129486083984,36.61691665649414,22.154661178588867,43302435000
2008-11-21,34.0796012878418,39.10447692871094,34.0796012878418,38.30845642089844,23.1781063079834,56183520000
2008-11-24,35.6716423034668,38.30845642089844,35.6716423034668,37.11442565917969,22.455671310424805,50246985
2008-11-25,34.52736282348633,39.70149230957031,34.52736282348633,39.70149230957031,24.020944595336914,82679340
2008-11-26,36.96517562866211,40.09950256347656,36.96517562866211,38.80596923828125,23.4791202545166,57932220
2008-11-27,41.49253845214844,41.49253845214844,40.34825897216797,40.69651794433594,24.622974395751953,62983350000
2008-11-28,40.69651794433594,40.945274353027344,40.199005126953125,40.597015380859375,24.562774658203125,50929380
2008-12-01,43.43283462524414,43.43283462524414,39.60198974609375,40.597015380859375,24.562774658203125,62615520
2008-12-02,43.43283462524414,43.43283462524414,37.761192321777344,37.761192321777344,22.846988677978516,83978805
2008-12-03,40.39801025390625,40.39801025390625,36.31840515136719,36.96517562866211,22.36536979675293,73562985
2008-12-04,39.55223846435547,39.55223846435547,36.815921783447266,36.86566925048828,22.30516815185547,59691975000
2008-12-05,34.3283576965332,37.66168975830078,34.3283576965332,37.014923095703125,22.395469665527344,40846215
2008-12-08,34.427860260009766,39.60198974609375,34.427860260009766,39.60198974609375,23.960739135742188,101543190
2008-12-09,36.86566925048828,40.597015380859375,36.86566925048828,40.597015380859375,24.562774658203125,79399020000
2008-12-10,37.761192321777344,43.43283462524414,37.761192321777344,43.43283462524414,26.27855110168457,113429325000
2008-12-11,46.4676628112793,46.4676628112793,43.2835807800293,44.67661666870117,27.031089782714844,82269300000
2008-12-12,47.761192321777344,47.761192321777344,41.592037200927734,41.592037200927734,25.164798736572266,68770140000
2008-12-15,44.47761154174805,44.47761154174805,43.184078216552734,43.233829498291016,26.15814971923828,68397285
2008-12-16,46.21890640258789,46.21890640258789,42.18905258178711,44.27860641479492,26.790281295776367,58276935
2008-12-17,41.19403076171875,45.87064743041992,41.19403076171875,45.77114486694336,27.69331932067871,87302340
2008-12-18,42.58706283569336,45.77114486694336,42.58706283569336,44.776119232177734,27.091304779052734,49571625
2008-12-19,46.766170501708984,46.766170501708984,44.72636795043945,44.72636795043945,27.061195373535156,39498510000
2008-12-22,47.810943603515625,47.810943603515625,43.78109359741211,44.378108978271484,26.850481033325195,51111285
2008-12-23,41.29353332519531,44.22885513305664,41.29353332519531,43.631839752197266,26.39896583557129,38107590
2008-12-24,46.666664123535156,46.666664123535156,42.786067962646484,43.184078216552734,26.12804412841797,30835410000
2008-12-25,40.199005126953125,43.184078216552734,40.199005126953125,42.88557052612305,25.947439193725586,6107385000
2008-12-26,45.87064743041992,45.87064743041992,42.58706283569336,43.184078216552734,26.12804412841797,7415895000
2008-12-29,43.184078216552734,43.38308334350586,42.388057708740234,43.13432693481445,26.097944259643555,17648805000
2008-12-30,40.149253845214844,45.27363204956055,40.149253845214844,44.97512435913086,27.211702346801758,30441450000
2008-12-31,41.840797424316406,45.27363204956055,41.840797424316406,44.17910385131836,26.730085372924805,20743200000
2009-01-05,44.17910385131836,46.86566925048828,44.17910385131836,46.019901275634766,27.843835830688477,41163795000
2009-01-06,46.019901275634766,46.019901275634766,44.776119232177734,45.37313461303711,27.452512741088867,34246380
2009-01-07,42.786067962646484,46.21890640258789,42.786067962646484,44.3283576965332,26.82037925720215,70769085
2009-01-08,41.24378204345703,43.2835807800293,41.24378204345703,41.343284606933594,25.014297485351562,88934460
2009-01-09,38.45771026611328,42.18905258178711,38.45771026611328,40.7960205078125,24.683177947998047,68485725
2009-01-12,43.631839752197266,43.631839752197266,40.29850769042969,41.442787170410156,25.07449722290039,49417860
2009-01-13,44.3283576965332,44.3283576965332,41.49253845214844,43.582088470458984,26.36886215209961,72003225
2009-01-14,46.61691665649414,46.61691665649414,42.786067962646484,42.786067962646484,25.887237548828125,45100380
2009-01-15,39.800994873046875,41.09452819824219,39.800994873046875,40.7960205078125,24.683177947998047,73444395
2009-01-16,37.96019744873047,41.79104232788086,37.96019744873047,41.49253845214844,25.104597091674805,32827320
2009-01-19,41.24378204345703,41.24378204345703,40.69651794433594,40.7960205078125,24.683177947998047,36530745000
2009-01-20,43.631839752197266,43.631839752197266,39.402984619140625,39.402984619140625,23.840341567993164,81333645
2009-01-21,42.13930130004883,42.13930130004883,38.50746154785156,40.0,24.201560974121094,65519970
2009-02-02,42.786067962646484,42.786067962646484,40.34825897216797,41.592037200927734,25.164798736572266,112945920
2009-02-03,44.47761154174805,44.47761154174805,42.08955383300781,42.63681411743164,25.796932220458984,88523415
2009-02-04,39.70149230957031,42.835819244384766,39.70149230957031,42.68656539916992,25.827035903930664,83271285
2009-02-05,39.70149230957031,43.08457565307617,39.70149230957031,42.18905258178711,25.526018142700195,69793230
2009-02-06,45.1243782043457,45.1243782043457,43.68159103393555,44.47761154174805,26.910676956176758,100351260
2009-02-09,41.393035888671875,46.368160247802734,41.393035888671875,45.27363204956055,27.39231300354004,104560200
2009-02-10,48.407958984375,48.407958984375,44.57711410522461,44.62686538696289,27.000993728637695,44570745
2009-02-11,47.71144104003906,47.71144104003906,43.78109359741211,45.82089614868164,27.72342300415039,80546730
2009-02-12,42.63681411743164,46.21890640258789,42.63681411743164,45.1243782043457,27.302011489868164,68792250
2009-02-13,41.990047454833984,46.019901275634766,41.990047454833984,45.72139358520508,27.663219451904297,49684185
2009-02-16,48.90547180175781,48.90547180175781,45.52238845825195,45.621891021728516,27.60301399230957,51524340
2009-02-17,48.80596923828125,48.80596923828125,42.835819244384766,43.582088470458984,26.36886215209961,69379170
2009-02-18,40.7960205078125,45.07462692260742,40.7960205078125,44.378108978271484,26.850481033325195,57631725
2009-02-19,47.462684631347656,47.462684631347656,43.78109359741211,45.174129486083984,27.33210563659668,57849810
2009-02-20,48.30845642089844,48.30845642089844,43.631839752197266,43.68159103393555,26.42905616760254,71748960
2009-02-23,46.71641540527344,46.71641540527344,43.2835807800293,44.776119232177734,27.091304779052734,48933450
2009-02-24,41.64179229736328,44.17910385131836,41.64179229736328,43.78109359741211,26.489255905151367,59968350
2009-02-25,46.815921783447266,46.815921783447266,44.0796012878418,44.47761154174805,26.910676956176758,53483085
2009-02-26,41.393035888671875,45.02487564086914,41.393035888671875,44.776119232177734,27.091304779052734,51748455
2009-02-27,41.64179229736328,45.223880767822266,41.64179229736328,44.72636795043945,27.061195373535156,59610570
2009-03-02,47.810943603515625,47.810943603515625,43.93034744262695,44.52736282348633,26.940786361694336,101285910
2009-03-03,41.442787170410156,44.62686538696289,41.442787170410156,44.378108978271484,26.850481033325195,58369395
2009-03-04,41.29353332519531,45.77114486694336,41.29353332519531,45.77114486694336,27.69331932067871,84194880
2009-03-05,48.955223083496094,48.955223083496094,45.77114486694336,46.368160247802734,28.054536819458008,78208095
2009-03-06,43.13432693481445,48.50746154785156,43.13432693481445,48.258705139160156,29.19839859008789,101923080
2009-03-09,51.54228973388672,51.54228973388672,46.766170501708984,48.00994873046875,29.047887802124023,69829410
2009-03-10,48.00994873046875,48.00994873046875,46.26865768432617,46.91542053222656,28.385665893554688,76816170
2009-03-11,50.149253845214844,50.149253845214844,47.761192321777344,48.45771026611328,29.318805694580078,84086340
2009-03-12,51.840797424316406,51.840797424316406,47.71144104003906,48.00994873046875,29.047887802124023,51724335
2009-03-13,44.67661666870117,49.751243591308594,44.67661666870117,49.25373077392578,29.800418853759766,114907680
2009-03-16,52.63681411743164,52.63681411743164,49.60198974609375,49.751243591308594,30.10143280029297,74268495
2009-03-17,53.233829498291016,53.233829498291016,49.402984619140625,49.751243591308594,30.10143280029297,58131210
2009-03-18,46.26865768432617,50.248756408691406,46.26865768432617,50.149253845214844,30.342252731323242,80529645
2009-03-19,52.7363166809082,52.7363166809082,48.85572052001953,48.955223083496094,29.619815826416016,50981640
2009-03-20,52.33830642700195,52.33830642700195,47.462684631347656,47.462684631347656,28.716768264770508,62498940
2009-03-23,47.462684631347656,50.149253845214844,47.462684631347656,50.04975128173828,30.282041549682617,59197515
2009-03-24,46.56716537475586,52.13930130004883,46.56716537475586,52.13930130004883,31.54630470275879,62127090
2009-03-25,48.50746154785156,52.7363166809082,48.50746154785156,51.9402961730957,31.425901412963867,74241360
2009-03-26,55.52238845825195,55.52238845825195,50.84577178955078,51.442787170410156,31.124889373779297,61318065
2009-03-27,51.442787170410156,52.33830642700195,51.343284606933594,51.64179229736328,31.245288848876953,53753430
2009-03-30,51.64179229736328,51.741294860839844,50.547264099121094,51.741294860839844,31.30549430847168,46200855
2009-03-31,48.159202575683594,52.53731155395508,48.159202575683594,51.14427947998047,30.944272994995117,69573135
2009-04-02,46.96517562866211,52.23880386352539,46.96517562866211,52.13930130004883,31.54630470275879,84861195
2009-04-03,48.50746154785156,53.5323371887207,48.50746154785156,52.33830642700195,31.666715621948242,69842475
2009-04-06,55.9203987121582,55.9203987121582,51.343284606933594,52.13930130004883,31.54630470275879,77220180
2009-04-07,55.72139358520508,55.72139358520508,50.74626922607422,51.840797424316406,31.365705490112305,75857400
2009-04-08,48.258705139160156,51.24378204345703,48.258705139160156,49.95024871826172,30.22184944152832,112552965
2009-04-09,49.751243591308594,52.13930130004883,49.751243591308594,52.13930130004883,31.54630470275879,85832025
2009-04-10,48.50746154785156,52.7363166809082,48.50746154785156,52.7363166809082,31.90752410888672,43027065
2009-04-13,49.054725646972656,53.233829498291016,49.054725646972656,52.437808990478516,31.726911544799805,57354345
2009-04-14,56.019901275634766,56.019901275634766,51.044776916503906,52.23880386352539,31.606508255004883,72156990
2009-04-15,48.606964111328125,52.23880386352539,48.606964111328125,51.741294860839844,31.30549430847168,89649015
2009-04-16,55.32338333129883,55.32338333129883,50.84577178955078,51.044776916503906,30.88408088684082,93780570
2009-04-17,47.51243591308594,52.13930130004883,47.51243591308594,50.149253845214844,30.342252731323242,153010245
2009-04-20,46.666664123535156,51.64179229736328,46.666664123535156,51.64179229736328,31.245288848876953,78258345
2009-04-21,48.05970001220703,51.343284606933594,48.05970001220703,51.343284606933594,31.064682006835938,64313970
2009-04-22,54.92537307739258,54.92537307739258,50.248756408691406,50.44776153564453,30.52286148071289,67226460
2009-04-23,46.96517562866211,51.14427947998047,46.96517562866211,51.044776916503906,30.88408088684082,62227590
2009-04-24,47.51243591308594,51.54228973388672,47.51243591308594,50.248756408691406,30.40245819091797,82606980
2009-04-27,49.751243591308594,50.74626922607422,49.751243591308594,50.248756408691406,30.40245819091797,63072795
2009-04-28,46.766170501708984,51.24378204345703,46.766170501708984,50.74626922607422,30.70347023010254,55329270
2009-04-29,47.21392822265625,51.54228973388672,47.21392822265625,51.343284606933594,31.064682006835938,58527180
2009-04-30,47.761192321777344,54.92537307739258,47.761192321777344,54.92537307739258,33.23198699951172,155433300
2009-05-04,51.14427947998047,58.70646667480469,51.14427947998047,58.70646667480469,35.519691467285156,177780480
2009-05-05,54.62686538696289,60.597015380859375,54.62686538696289,57.71144104003906,34.917667388916016,131490180
2009-05-06,57.71144104003906,57.71144104003906,56.31840515136719,57.21392822265625,34.61664962768555,176802615
2009-05-07,53.233829498291016,57.21392822265625,53.233829498291016,56.21890640258789,34.01462173461914,141852735
2009-05-08,56.21890640258789,56.71641540527344,55.1243782043457,56.019901275634766,33.894222259521484,96870945
2009-05-11,52.13930130004883,56.71641540527344,52.13930130004883,55.9203987121582,33.834014892578125,77070435
2009-05-12,52.039798736572266,55.72139358520508,52.039798736572266,55.1243782043457,33.35240173339844,83635095
2009-05-13,55.1243782043457,56.51741027832031,55.02487564086914,56.11940383911133,33.95442581176758,94040865
2009-05-14,52.23880386352539,55.1243782043457,52.23880386352539,54.22885513305664,32.81056594848633,82343670
2009-05-15,50.44776153564453,55.52238845825195,50.44776153564453,54.52736282348633,32.991180419921875,64244625
2009-05-18,54.52736282348633,55.72139358520508,53.93034744262695,55.72139358520508,33.71360397338867,62795415
2009-05-19,55.72139358520508,56.71641540527344,55.72139358520508,56.71641540527344,34.315650939941406,91570575
2009-05-20,56.71641540527344,56.71641540527344,55.42288589477539,55.9203987121582,33.834014892578125,64667730
2009-05-21,52.039798736572266,56.51741027832031,52.039798736572266,56.31840515136719,34.07482147216797,64073775
2009-05-22,56.31840515136719,56.417911529541016,55.621891021728516,55.9203987121582,33.834014892578125,57527205
2009-05-25,52.039798736572266,56.61691665649414,52.039798736572266,55.42288589477539,33.532997131347656,50797725
2009-05-26,59.2039794921875,59.2039794921875,55.32338333129883,56.31840515136719,34.07482147216797,62398440
2009-05-27,56.31840515136719,60.09950256347656,56.31840515136719,60.09950256347656,36.36253356933594,183899925
2009-06-01,60.09950256347656,60.29850769042969,58.208953857421875,58.70646667480469,35.519691467285156,102013530
2009-06-02,58.70646667480469,59.70149230957031,58.70646667480469,59.60198974609375,36.061527252197266,80862300
2009-06-03,63.68159103393555,63.68159103393555,58.50746154785156,59.50248718261719,36.00132369995117,73274550
2009-06-04,63.582088470458984,63.582088470458984,56.71641540527344,57.6119384765625,34.857460021972656,81700470
2009-06-05,61.592037200927734,61.592037200927734,56.71641540527344,57.11442565917969,34.55644226074219,42436125
2009-06-08,53.43283462524414,57.810943603515625,53.43283462524414,56.31840515136719,34.07482147216797,55954380
2009-06-09,60.199005126953125,60.199005126953125,55.72139358520508,55.82089614868164,33.77381896972656,75314700
2009-06-10,59.70149230957031,59.70149230957031,57.014923095703125,57.91044616699219,35.03807830810547,55321230
2009-06-11,57.71144104003906,58.00994873046875,56.21890640258789,58.00994873046875,35.098270416259766,54057945
2009-06-12,57.51243591308594,57.51243591308594,55.72139358520508,55.72139358520508,33.71360397338867,87307365
2009-06-15,54.3283576965332,54.72636795043945,52.33830642700195,53.03482437133789,32.0881233215332,98056845
2009-06-16,52.93532180786133,54.029850006103516,52.23880386352539,53.33333206176758,32.26874542236328,78092520
2009-06-17,52.63681411743164,52.63681411743164,51.54228973388672,51.741294860839844,31.30549430847168,83768760
2009-06-18,53.03482437133789,53.03482437133789,51.741294860839844,52.437808990478516,31.726911544799805,62847675
2009-06-19,51.9402961730957,52.23880386352539,51.442787170410156,52.039798736572266,31.486101150512695,66898830
2009-06-22,50.74626922607422,52.835819244384766,50.74626922607422,52.7363166809082,31.90752410888672,48037995
2009-06-23,51.54228973388672,51.54228973388672,51.044776916503906,51.044776916503906,30.88408088684082,59505045
2009-06-24,51.343284606933594,54.52736282348633,51.24378204345703,52.63681411743164,31.84732437133789,122965770
2009-06-25,53.233829498291016,53.631839752197266,52.835819244384766,53.43283462524414,32.32894515991211,56556375
2009-06-26,53.5323371887207,54.22885513305664,53.233829498291016,54.12935256958008,32.75035858154297,68721900
2009-06-29,54.22885513305664,54.22885513305664,52.835819244384766,53.13432693481445,32.14834213256836,64387335
2009-06-30,54.3283576965332,54.427860260009766,53.5323371887207,54.427860260009766,32.930973052978516,45144600
2009-07-01,54.029850006103516,55.223880767822266,53.33333206176758,54.72636795043945,33.11157989501953,46831995
2009-07-02,54.62686538696289,55.02487564086914,54.22885513305664,54.825870513916016,33.17177963256836,34404165
2009-07-03,53.83084487915039,54.72636795043945,53.83084487915039,54.72636795043945,33.11157989501953,27359115
2009-07-06,54.825870513916016,55.02487564086914,53.93034744262695,54.12935256958008,32.75035858154297,33242385
2009-07-07,54.12935256958008,55.32338333129883,54.029850006103516,55.1243782043457,33.35240173339844,37127715
2009-07-08,54.427860260009766,54.427860260009766,53.83084487915039,54.12935256958008,32.75035858154297,58099050
2009-07-09,54.12935256958008,55.82089614868164,54.029850006103516,55.02487564086914,33.29219055175781,60531150
2009-07-10,55.72139358520508,55.9203987121582,55.1243782043457,55.82089614868164,33.77381896972656,52935360
2009-07-13,56.91542053222656,57.014923095703125,54.12935256958008,54.72636795043945,33.11157989501953,67172190
2009-07-14,55.223880767822266,55.9203987121582,55.02487564086914,55.52238845825195,33.593204498291016,88881195
2009-07-15,53.400001525878906,55.0,53.099998474121094,53.599998474121094,34.27262878417969,73533000
2009-07-16,55.0,55.20000076293945,54.0,54.099998474121094,34.59233474731445,49572000
2009-07-17,54.900001525878906,55.0,53.900001525878906,54.0,34.52839660644531,54577000
2009-07-20,54.900001525878906,55.20000076293945,54.5,54.79999923706055,35.03992462158203,69655000
2009-07-21,55.0,55.5,54.599998474121094,55.5,35.487518310546875,67895000
2009-07-22,55.20000076293945,55.599998474121094,54.70000076293945,55.29999923706055,35.35963439941406,55795000
2009-07-23,55.5,56.70000076293945,55.400001525878906,56.5,36.12693405151367,69194000
2009-07-24,57.0,57.29999923706055,56.79999923706055,57.20000076293945,36.574527740478516,81642000
2009-07-27,57.20000076293945,57.900001525878906,56.900001525878906,57.599998474121094,36.83028793334961,49935000
2009-07-28,57.599998474121094,57.900001525878906,57.099998474121094,57.900001525878906,37.02211380004883,48101000
2009-07-29,58.0,58.0,55.900001525878906,56.5,36.12693405151367,56781000
2009-07-30,56.099998474121094,56.400001525878906,55.20000076293945,56.0,35.807220458984375,62361000
2009-07-31,58.29999923706055,59.20000076293945,58.099998474121094,58.900001525878906,37.66153335571289,196178000
2009-08-03,58.599998474121094,58.599998474121094,57.099998474121094,58.29999923706055,37.27788162231445,69991000
2009-08-04,58.599998474121094,58.79999923706055,56.70000076293945,57.599998474121094,36.83028793334961,62034000
2009-08-05,57.900001525878906,58.0,56.599998474121094,56.900001525878906,36.3827018737793,53365000
2009-08-06,57.5,57.5,56.5,56.79999923706055,36.31875991821289,53205000
2009-08-07,56.79999923706055,56.79999923706055,56.79999923706055,56.79999923706055,36.31875991821289,0
2009-08-10,57.29999923706055,58.29999923706055,57.0,57.79999923706055,36.95817565917969,69103000
2009-08-11,57.29999923706055,57.599998474121094,56.5,57.099998474121094,36.51057815551758,64378000
2009-08-12,57.099998474121094,57.5,56.5,57.5,36.76634979248047,42908000
2009-08-13,58.0,58.599998474121094,57.5,58.599998474121094,37.469703674316406,79925000
2009-08-14,59.20000076293945,59.400001525878906,58.5,58.900001525878906,37.66153335571289,51220000
2009-08-17,59.0,59.20000076293945,57.400001525878906,57.79999923706055,36.95817565917969,48628000
2009-08-18,57.099998474121094,57.79999923706055,56.599998474121094,57.599998474121094,36.83028793334961,32027000
2009-08-19,57.5,57.900001525878906,57.29999923706055,57.400001525878906,36.702423095703125,21153000
2009-08-20,57.400001525878906,57.79999923706055,56.5,57.70000076293945,36.89423370361328,25658000
2009-08-21,58.0,58.099998474121094,56.5,56.79999923706055,36.31875991821289,42051000
2009-08-24,57.79999923706055,59.0,57.599998474121094,58.400001525878906,37.341819763183594,59282000
2009-08-25,58.599998474121094,59.0,58.29999923706055,58.70000076293945,37.53365707397461,35268000
2009-08-26,58.70000076293945,59.0,58.0,59.0,37.7254638671875,50183000
2009-08-27,58.5,58.900001525878906,57.900001525878906,58.79999923706055,37.59758377075195,30410000
2009-08-28,59.0,59.5,58.29999923706055,59.5,38.04517364501953,49629000
2009-08-31,59.599998474121094,59.79999923706055,58.5,59.20000076293945,37.853363037109375,45013000
2009-09-01,59.400001525878906,61.0,58.70000076293945,61.0,39.00429916381836,84266000
2009-09-02,60.400001525878906,60.79999923706055,59.599998474121094,59.599998474121094,38.10911560058594,61298000
2009-09-03,60.20000076293945,60.20000076293945,59.29999923706055,59.79999923706055,38.23700714111328,42433000
2009-09-04,60.20000076293945,60.20000076293945,59.5,60.0,38.36488342285156,44401000
2009-09-07,60.099998474121094,62.0,59.70000076293945,62.0,39.64371871948242,74764000
2009-09-08,62.0,63.099998474121094,61.400001525878906,62.70000076293945,40.091304779052734,70265000
2009-09-09,62.79999923706055,63.0,62.0,62.0,39.64371871948242,50654000
2009-09-10,64.69999694824219,65.0,62.0,63.5,40.602840423583984,96349000
2009-09-11,62.79999923706055,62.79999923706055,61.900001525878906,62.400001525878906,39.89948654174805,47431000
2009-09-14,62.400001525878906,62.5,60.79999923706055,61.5,39.324005126953125,44672000
2009-09-15,61.0,62.70000076293945,61.0,62.5,39.96342468261719,36111000
2009-09-16,62.599998474121094,63.400001525878906,62.5,62.70000076293945,40.091304779052734,35054000
2009-09-17,63.0,63.0,62.0,62.5,39.96342468261719,38573000
2009-09-18,62.0,62.70000076293945,61.79999923706055,62.70000076293945,40.091304779052734,46352000
2009-09-21,62.5,62.599998474121094,61.5,62.29999923706055,39.835540771484375,33473000
2009-09-22,62.0,62.79999923706055,62.0,62.5,39.96342468261719,24321000
2009-09-23,62.70000076293945,62.900001525878906,61.400001525878906,62.29999923706055,39.835540771484375,34755000
2009-09-24,62.0,62.0,60.5,60.79999923706055,38.87641525268555,54162000
2009-09-25,61.0,61.29999923706055,60.400001525878906,61.099998474121094,39.06824493408203,45106000
2009-09-28,61.400001525878906,61.400001525878906,60.5,60.70000076293945,38.812469482421875,27489000
2009-09-29,62.0,63.70000076293945,62.0,63.70000076293945,40.730716705322266,82548000
2009-09-30,63.70000076293945,65.0,63.70000076293945,64.5,41.24225997924805,102127000
2009-10-01,65.0,65.19999694824219,63.79999923706055,65.0,41.56195068359375,54800000
2009-10-02,63.0,63.29999923706055,62.5,62.70000076293945,40.091304779052734,77795000
2009-10-05,62.0,62.20000076293945,61.5,62.0,39.64371871948242,60826000
2009-10-06,62.0,63.0,61.599998474121094,62.400001525878906,39.89948654174805,81906000
2009-10-07,63.0,63.0,61.70000076293945,62.099998474121094,39.70766067504883,62388000
2009-10-08,61.20000076293945,61.79999923706055,60.900001525878906,60.900001525878906,38.94036102294922,82064000
2009-10-09,60.79999923706055,61.29999923706055,60.70000076293945,61.099998474121094,39.06824493408203,67762000
2009-10-12,61.79999923706055,61.79999923706055,60.599998474121094,61.20000076293945,39.13218307495117,36486000
2009-10-13,60.599998474121094,61.79999923706055,60.29999923706055,61.79999923706055,39.515838623046875,51266000
2009-10-14,62.5,63.5,62.29999923706055,63.5,40.602840423583984,85334000
2009-10-15,64.0,64.0,63.0,63.79999923706055,40.79466247558594,62541000
2009-10-16,62.5,63.0,61.79999923706055,61.900001525878906,39.579776763916016,75045000
2009-10-19,61.70000076293945,61.900001525878906,61.0,61.400001525878906,39.260074615478516,103211000
2009-10-20,61.79999923706055,62.29999923706055,61.79999923706055,62.0,39.64371871948242,67524000
2009-10-21,61.70000076293945,62.20000076293945,61.29999923706055,61.599998474121094,39.38795471191406,48816000
2009-10-22,62.20000076293945,62.20000076293945,61.0,61.79999923706055,39.515838623046875,72693000
2009-10-23,62.0,62.099998474121094,61.5,61.5,39.324005126953125,36966000
2009-10-26,61.79999923706055,62.29999923706055,61.5,61.5,39.324005126953125,36720000
2009-10-27,61.5,61.900001525878906,61.099998474121094,61.29999923706055,39.19613265991211,49427000
2009-10-28,61.29999923706055,61.5,60.5,60.5,38.68460464477539,62705000
2009-10-29,60.0,60.599998474121094,59.0,60.29999923706055,38.55670928955078,103965000
2009-10-30,61.400001525878906,61.400001525878906,60.0,60.0,38.36488342285156,65520000
2009-11-02,59.5,60.20000076293945,59.20000076293945,59.79999923706055,38.23700714111328,38079000
2009-11-03,59.70000076293945,59.70000076293945,59.099998474121094,59.20000076293945,37.853363037109375,52726000
2009-11-04,59.20000076293945,59.70000076293945,59.0,59.599998474121094,38.10911560058594,64073000
2009-11-05,59.900001525878906,60.0,59.400001525878906,59.70000076293945,38.17306137084961,43726000
2009-11-06,60.29999923706055,60.29999923706055,59.70000076293945,60.0,38.36488342285156,44520000
2009-11-09,60.5,60.5,59.79999923706055,60.0,38.36488342285156,34813000
2009-11-10,60.400001525878906,60.5,60.0,60.5,38.68460464477539,40584000
2009-11-11,61.0,62.5,60.900001525878906,62.20000076293945,39.771602630615234,94778000
2009-11-12,62.5,62.79999923706055,61.900001525878906,62.20000076293945,39.771602630615234,102770000
2009-11-13,61.79999923706055,62.20000076293945,61.5,61.79999923706055,39.515838623046875,43120000
2009-11-16,62.400001525878906,62.70000076293945,62.20000076293945,62.400001525878906,39.89948654174805,59633000
2009-11-17,63.0,63.20000076293945,62.099998474121094,62.599998474121094,40.027366638183594,57822000
2009-11-18,63.0,63.20000076293945,62.70000076293945,62.900001525878906,40.21919250488281,54524000
2009-11-19,62.900001525878906,63.20000076293945,62.70000076293945,62.900001525878906,40.21919250488281,40088000
2009-11-20,62.79999923706055,62.79999923706055,61.400001525878906,61.70000076293945,39.4518928527832,50419000
2009-11-23,61.400001525878906,62.099998474121094,61.400001525878906,62.0,39.64371871948242,25386000
2009-11-24,62.20000076293945,62.5,61.79999923706055,62.400001525878906,39.89948654174805,25992000
2009-11-25,62.20000076293945,63.0,62.20000076293945,62.70000076293945,40.091304779052734,46553000
2009-11-26,62.79999923706055,63.0,61.79999923706055,62.0,39.64371871948242,31172000
2009-11-27,61.099998474121094,61.29999923706055,60.0,60.0,38.36488342285156,93737000
2009-11-30,61.0,61.29999923706055,60.70000076293945,61.099998474121094,39.06824493408203,32695000
2009-12-01,61.5,61.599998474121094,60.400001525878906,60.70000076293945,38.812469482421875,53946000
2009-12-02,61.400001525878906,61.5,60.5,60.79999923706055,38.87641525268555,38474000
2009-12-03,61.599998474121094,61.79999923706055,61.0,61.5,39.324005126953125,54543000
2009-12-04,61.5,61.900001525878906,61.29999923706055,61.5,39.324005126953125,26379000
2009-12-07,62.0,62.79999923706055,62.0,62.5,39.96342468261719,46543000
2009-12-08,62.900001525878906,62.900001525878906,61.900001525878906,62.400001525878906,39.89948654174805,39388000
2009-12-09,62.20000076293945,62.400001525878906,61.900001525878906,62.400001525878906,39.89948654174805,37770000
2009-12-10,62.79999923706055,62.79999923706055,61.0,61.29999923706055,39.19613265991211,62875000
2009-12-11,61.900001525878906,62.599998474121094,61.400001525878906,62.599998474121094,40.027366638183594,40997000
2009-12-14,62.099998474121094,62.79999923706055,62.0,62.70000076293945,40.091304779052734,38704000
2009-12-15,62.5,62.70000076293945,62.20000076293945,62.70000076293945,40.091304779052734,27949000
2009-12-16,62.5,62.5,61.5,61.79999923706055,39.515838623046875,49488000
2009-12-17,62.099998474121094,62.400001525878906,61.5,62.20000076293945,39.771602630615234,33109000
2009-12-18,61.5,61.900001525878906,61.29999923706055,61.900001525878906,39.579776763916016,32071000
2009-12-21,62.400001525878906,62.79999923706055,62.20000076293945,62.20000076293945,39.771602630615234,52334000
2009-12-22,62.599998474121094,62.900001525878906,62.5,62.900001525878906,40.21919250488281,43944000
2009-12-23,63.0,63.5,62.79999923706055,63.400001525878906,40.53889846801758,65488000
2009-12-24,63.400001525878906,63.70000076293945,63.29999923706055,63.599998474121094,40.666786193847656,56297000
2009-12-25,63.900001525878906,63.900001525878906,63.099998474121094,63.400001525878906,40.53889846801758,20204000
2009-12-28,63.400001525878906,64.0,63.400001525878906,63.70000076293945,40.730716705322266,39136000
2009-12-29,63.70000076293945,63.70000076293945,62.900001525878906,63.29999923706055,40.47495651245117,28498000
2009-12-30,63.29999923706055,64.0,63.29999923706055,63.900001525878906,40.85860061645508,59566000
2009-12-31,64.4000015258789,64.5,63.900001525878906,64.5,41.24225997924805,51979000
2010-01-04,65.0,65.0,64.0,64.9000015258789,41.498016357421875,39407000
2010-01-05,65.0,65.0999984741211,63.900001525878906,64.5,41.24225997924805,37138000
2010-01-06,64.5,64.9000015258789,63.70000076293945,64.9000015258789,41.498016357421875,49261000
2010-01-07,64.9000015258789,65.0,64.19999694824219,64.19999694824219,41.05042266845703,42134000
2010-01-08,63.5,64.30000305175781,63.5,64.0,40.92255401611328,46076000
2010-01-11,64.0,64.9000015258789,63.5,64.5,41.24225997924805,36799000
2010-01-12,64.4000015258789,64.4000015258789,63.29999923706055,63.599998474121094,40.666786193847656,49853000
2010-01-13,63.0,63.099998474121094,62.599998474121094,62.79999923706055,40.155250549316406,47976000
2010-01-14,63.599998474121094,63.599998474121094,63.0,63.20000076293945,40.41101837158203,36149000
2010-01-15,62.900001525878906,63.5,62.79999923706055,63.5,40.602840423583984,47852000
2010-01-18,62.79999923706055,63.099998474121094,62.79999923706055,62.900001525878906,40.21919250488281,30136000
2010-01-19,63.0,63.20000076293945,62.0,62.5,39.96342468261719,47202000
2010-01-20,62.900001525878906,63.20000076293945,62.20000076293945,63.0,40.28313446044922,52281000
2010-01-21,63.0,63.0,62.099998474121094,62.599998474121094,40.027366638183594,24738000
2010-01-22,61.5,61.70000076293945,61.0,61.099998474121094,39.06824493408203,63918000
2010-01-25,60.099998474121094,60.79999923706055,60.099998474121094,60.400001525878906,38.62065505981445,62151000
2010-01-26,60.599998474121094,61.20000076293945,60.0,60.099998474121094,38.42882537841797,79112000
2010-01-27,60.099998474121094,60.400001525878906,59.5,59.599998474121094,38.10911560058594,52639000
2010-01-28,60.5,61.5,59.79999923706055,60.0,38.36488342285156,43988000
2010-01-29,60.099998474121094,61.5,59.400001525878906,61.5,39.324005126953125,91560000
2010-02-01,60.70000076293945,60.70000076293945,59.5,59.79999923706055,38.23700714111328,75480000
2010-02-02,60.20000076293945,60.400001525878906,59.0,59.0,37.7254638671875,65510000
2010-02-03,60.20000076293945,60.29999923706055,58.79999923706055,59.79999923706055,38.23700714111328,42426000
2010-02-04,60.0,60.0,59.0,59.099998474121094,37.78941345214844,42564000
2010-02-05,57.599998474121094,57.900001525878906,57.20000076293945,57.20000076293945,36.574527740478516,62227000
2010-02-08,58.0,58.20000076293945,57.0,57.400001525878906,36.702423095703125,45247000
2010-02-09,58.400001525878906,59.20000076293945,57.70000076293945,58.599998474121094,37.469703674316406,45754000
2010-02-10,59.0,59.20000076293945,58.20000076293945,58.400001525878906,37.341819763183594,53679000
2010-02-22,60.5,60.5,59.0,59.0,37.7254638671875,47519000
2010-02-23,59.599998474121094,59.900001525878906,59.099998474121094,59.79999923706055,38.23700714111328,50343000
2010-02-24,59.20000076293945,59.20000076293945,58.400001525878906,58.5,37.405765533447266,54884000
2010-02-25,58.5,58.900001525878906,57.900001525878906,58.20000076293945,37.21394729614258,55655000
2010-02-26,58.20000076293945,58.900001525878906,58.0,58.79999923706055,37.59758377075195,30877000
2010-03-01,59.5,59.900001525878906,58.20000076293945,59.599998474121094,38.10911560058594,60146000
2010-03-02,60.5,60.5,59.5,59.900001525878906,38.30095291137695,53495000
2010-03-03,59.599998474121094,60.099998474121094,59.599998474121094,60.0,38.36488342285156,32150000
2010-03-04,59.79999923706055,59.79999923706055,58.400001525878906,59.20000076293945,37.853363037109375,53405000
2010-03-05,59.79999923706055,60.400001525878906,59.599998474121094,60.400001525878906,38.62065505981445,59062000
2010-03-08,60.900001525878906,61.20000076293945,60.599998474121094,61.20000076293945,39.13218307495117,43993000
2010-03-09,61.20000076293945,61.400001525878906,60.79999923706055,61.29999923706055,39.19613265991211,29829000
2010-03-10,61.29999923706055,61.400001525878906,60.79999923706055,61.400001525878906,39.260074615478516,30540000
2010-03-11,61.599998474121094,61.79999923706055,61.20000076293945,61.400001525878906,39.260074615478516,25340000
2010-03-12,61.400001525878906,61.5,60.599998474121094,60.79999923706055,38.87641525268555,67894000
2010-03-15,61.29999923706055,61.29999923706055,59.79999923706055,59.79999923706055,38.23700714111328,37911000
2010-03-16,60.099998474121094,60.20000076293945,59.70000076293945,59.70000076293945,38.17306137084961,29394000
2010-03-17,60.5,60.900001525878906,59.900001525878906,60.5,38.68460464477539,68876000
2010-03-18,60.099998474121094,60.599998474121094,60.0,60.400001525878906,38.62065505981445,70048000
2010-03-19,60.0,60.29999923706055,59.70000076293945,60.0,38.36488342285156,45829000
2010-03-22,59.599998474121094,59.599998474121094,58.79999923706055,59.0,37.7254638671875,47044000
2010-03-23,59.5,60.099998474121094,59.5,59.599998474121094,38.10911560058594,48107000
2010-03-24,60.099998474121094,60.79999923706055,60.099998474121094,60.599998474121094,38.74853515625,46973000
2010-03-25,60.900001525878906,61.5,60.20000076293945,61.5,39.324005126953125,62713000
2010-03-26,61.29999923706055,62.0,60.29999923706055,62.0,39.64371871948242,77332000
2010-03-29,62.0,62.29999923706055,61.70000076293945,62.20000076293945,39.771602630615234,37464000
2010-03-30,62.400001525878906,62.400001525878906,61.70000076293945,62.20000076293945,39.771602630615234,29950000
2010-03-31,62.20000076293945,62.20000076293945,61.5,61.5,39.324005126953125,39228000
2010-04-01,61.5,62.5,61.5,62.099998474121094,39.70766067504883,54656000
2010-04-02,62.5,62.5,62.099998474121094,62.400001525878906,39.89948654174805,17299000
2010-04-06,62.79999923706055,63.5,62.79999923706055,63.400001525878906,40.53889846801758,52915000
2010-04-07,63.5,63.5,63.099998474121094,63.5,40.602840423583984,48336000
2010-04-08,62.79999923706055,63.0,62.099998474121094,62.29999923706055,39.835540771484375,48530000
2010-04-09,61.900001525878906,63.0,61.900001525878906,62.70000076293945,40.091304779052734,31569000
2010-04-12,63.29999923706055,63.400001525878906,62.79999923706055,63.099998474121094,40.34707260131836,34914000
2010-04-13,63.0,63.099998474121094,62.099998474121094,62.900001525878906,40.21919250488281,42708000
2010-04-14,63.099998474121094,63.79999923706055,62.900001525878906,63.79999923706055,40.79466247558594,55548000
2010-04-15,64.5,64.9000015258789,64.0,64.4000015258789,41.178314208984375,70894000
2010-04-16,63.599998474121094,63.70000076293945,62.900001525878906,63.0,40.28313446044922,49654000
2010-04-19,62.5,63.20000076293945,62.400001525878906,62.599998474121094,40.027366638183594,66249000
2010-04-20,62.900001525878906,63.0,62.400001525878906,62.79999923706055,40.155250549316406,37426000
2010-04-21,62.900001525878906,63.099998474121094,62.29999923706055,62.400001525878906,39.89948654174805,44895000
2010-04-22,61.79999923706055,61.79999923706055,60.79999923706055,61.599998474121094,39.38795471191406,90506000
2010-04-23,61.900001525878906,62.400001525878906,61.599998474121094,61.70000076293945,39.4518928527832,48869000
2010-04-26,62.400001525878906,63.599998474121094,62.400001525878906,63.5,40.602840423583984,67358000
2010-04-27,63.5,63.70000076293945,63.099998474121094,63.70000076293945,40.730716705322266,25300000
2010-04-28,62.099998474121094,62.599998474121094,62.0,62.099998474121094,39.70766067504883,72599000
2010-04-29,62.20000076293945,62.20000076293945,61.599998474121094,61.599998474121094,39.38795471191406,40178000
2010-04-30,61.79999923706055,62.70000076293945,61.79999923706055,61.79999923706055,39.515838623046875,43339000
2010-05-03,62.599998474121094,62.599998474121094,61.400001525878906,61.599998474121094,39.38795471191406,22418000
2010-05-04,61.900001525878906,62.0,60.79999923706055,61.0,39.00429916381836,38039000
2010-05-05,59.900001525878906,60.20000076293945,59.79999923706055,59.79999923706055,38.23700714111328,93944000
2010-05-06,59.79999923706055,59.900001525878906,59.20000076293945,59.5,38.04517364501953,48824000
2010-05-07,58.599998474121094,60.099998474121094,58.5,59.400001525878906,37.98124313354492,61514000
2010-05-10,59.400001525878906,60.0,59.0,59.79999923706055,38.23700714111328,56272000
2010-05-11,60.400001525878906,60.599998474121094,59.900001525878906,60.099998474121094,38.42882537841797,67770000
2010-05-12,61.0,61.0,60.0,60.099998474121094,38.42882537841797,27694000
2010-05-13,60.599998474121094,61.5,60.5,61.20000076293945,39.13218307495117,39828000
2010-05-14,60.70000076293945,61.5,60.5,61.20000076293945,39.13218307495117,31551000
2010-05-17,60.5,60.5,59.099998474121094,59.20000076293945,37.853363037109375,73173000
2010-05-18,59.599998474121094,60.0,59.400001525878906,59.5,38.04517364501953,30445000
2010-05-19,59.0,59.599998474121094,58.599998474121094,59.29999923706055,37.91730880737305,48408000
2010-05-20,59.5,59.70000076293945,58.900001525878906,58.900001525878906,37.66153335571289,31637000
2010-05-21,58.29999923706055,59.099998474121094,57.900001525878906,58.79999923706055,37.59758377075195,45655000
2010-05-24,59.599998474121094,59.599998474121094,58.70000076293945,59.0,37.7254638671875,19294000
2010-05-25,58.79999923706055,58.900001525878906,58.099998474121094,58.400001525878906,37.341819763183594,48371000
2010-05-26,58.900001525878906,59.0,58.5,58.900001525878906,37.66153335571289,42766000
2010-05-27,58.5,59.29999923706055,57.70000076293945,58.70000076293945,37.53365707397461,55467000
2010-05-28,58.900001525878906,59.400001525878906,58.29999923706055,58.70000076293945,37.53365707397461,61106000
2010-05-31,59.099998474121094,60.20000076293945,58.79999923706055,60.20000076293945,38.49276351928711,25365000
2010-06-01,59.900001525878906,60.0,59.20000076293945,59.79999923706055,38.23700714111328,27295000
2010-06-02,59.79999923706055,60.400001525878906,59.29999923706055,59.79999923706055,38.23700714111328,35241000
2010-06-03,60.79999923706055,61.0,60.5,60.79999923706055,38.87641525268555,46916000
2010-06-04,60.5,61.0,60.20000076293945,61.0,39.00429916381836,41837000
2010-06-07,59.70000076293945,59.70000076293945,58.70000076293945,59.20000076293945,37.853363037109375,69197000
2010-06-08,58.900001525878906,59.20000076293945,58.400001525878906,58.5,37.405765533447266,40396000
2010-06-09,58.400001525878906,59.0,58.29999923706055,58.599998474121094,37.469703674316406,45955000
2010-06-10,59.79999923706055,59.79999923706055,58.79999923706055,59.400001525878906,37.98124313354492,28784000
2010-06-11,60.20000076293945,60.5,60.0,60.5,38.68460464477539,41097000
2010-06-14,60.900001525878906,61.400001525878906,60.900001525878906,61.099998474121094,39.06824493408203,44867000
2010-06-15,61.29999923706055,61.900001525878906,60.70000076293945,61.400001525878906,39.260074615478516,37382000
2010-06-17,62.0,62.29999923706055,61.70000076293945,62.099998474121094,39.70766067504883,55896000
2010-06-18,62.400001525878906,62.70000076293945,61.79999923706055,62.70000076293945,40.091304779052734,46267000
2010-06-21,63.099998474121094,63.70000076293945,63.099998474121094,63.29999923706055,40.47495651245117,68207000
2010-06-22,63.29999923706055,63.29999923706055,62.599998474121094,62.599998474121094,40.027366638183594,30437000
2010-06-23,62.0,62.5,62.0,62.099998474121094,39.70766067504883,37155000
2010-06-24,62.099998474121094,62.20000076293945,61.70000076293945,62.0,39.64371871948242,35311000
2010-06-25,61.5,61.900001525878906,61.29999923706055,61.400001525878906,39.260074615478516,30548000
2010-06-28,61.20000076293945,61.70000076293945,61.099998474121094,61.70000076293945,39.4518928527832,20466000
2010-06-29,62.0,62.599998474121094,61.0,61.0,39.00429916381836,47903000
2010-06-30,60.29999923706055,61.0,60.29999923706055,60.599998474121094,38.74853515625,58283000
2010-07-01,60.599998474121094,60.599998474121094,60.0,60.20000076293945,38.49276351928711,15325000
2010-07-02,60.0,60.70000076293945,60.0,60.29999923706055,38.55670928955078,66885000
2010-07-05,60.29999923706055,61.79999923706055,60.29999923706055,61.400001525878906,39.260074615478516,86939000
2010-07-06,58.900001525878906,59.900001525878906,58.79999923706055,59.900001525878906,40.268280029296875,69631000
2010-07-07,59.79999923706055,59.900001525878906,59.20000076293945,59.5,39.99936294555664,59093000
2010-07-08,60.099998474121094,60.400001525878906,59.70000076293945,60.400001525878906,40.604400634765625,50323000
2010-07-09,60.400001525878906,60.5,59.900001525878906,60.400001525878906,40.604400634765625,37986000
2010-07-12,60.599998474121094,60.599998474121094,59.79999923706055,59.79999923706055,40.20105743408203,44157000
2010-07-13,59.900001525878906,60.20000076293945,59.5,59.599998474121094,40.06658935546875,37431000
2010-07-14,60.400001525878906,60.70000076293945,60.20000076293945,60.400001525878906,40.604400634765625,59702000
2010-07-15,60.400001525878906,60.5,60.099998474121094,60.29999923706055,40.537174224853516,32938000
2010-07-16,60.5,60.5,59.79999923706055,59.900001525878906,40.268280029296875,29874000
2010-07-19,59.5,61.29999923706055,59.400001525878906,61.099998474121094,41.07498550415039,56238000
2010-07-20,61.29999923706055,61.79999923706055,61.0,61.5,41.3438835144043,53905000
2010-07-21,61.900001525878906,61.900001525878906,61.5,61.79999923706055,41.54556655883789,41172000
2010-07-22,61.900001525878906,62.29999923706055,61.29999923706055,62.0,41.680015563964844,45274000
2010-07-23,62.599998474121094,63.0,62.400001525878906,62.79999923706055,42.21781921386719,65925000
2010-07-26,63.0,63.099998474121094,62.29999923706055,62.599998474121094,42.08336639404297,26958000
2010-07-27,63.0,63.0,62.29999923706055,62.5,42.01614761352539,20942000
2010-07-28,62.29999923706055,63.0,62.20000076293945,63.0,42.35227584838867,26119000
2010-07-29,63.0,63.0,62.599998474121094,63.0,42.35227584838867,38043000
2010-07-30,62.400001525878906,62.400001525878906,61.400001525878906,62.400001525878906,41.94892501831055,43549000
2010-08-02,62.599998474121094,62.79999923706055,62.099998474121094,62.29999923706055,41.88169479370117,48015000
2010-08-03,62.599998474121094,62.599998474121094,61.70000076293945,62.0,41.680015563964844,32913000
2010-08-04,62.0,62.20000076293945,61.599998474121094,62.0,41.680015563964844,20350000
2010-08-05,62.0,62.0,61.79999923706055,61.900001525878906,41.61279296875,21813000
2010-08-06,61.599998474121094,61.70000076293945,60.599998474121094,60.900001525878906,40.94053649902344,62419000
2010-08-09,60.5,60.900001525878906,60.400001525878906,60.70000076293945,40.80607223510742,56912000
2010-08-10,60.900001525878906,61.400001525878906,60.79999923706055,61.0,41.00775909423828,62187000
2010-08-11,60.79999923706055,61.20000076293945,60.70000076293945,61.0,41.00775909423828,28506000
2010-08-12,60.20000076293945,60.599998474121094,60.099998474121094,60.20000076293945,40.46994400024414,65513000
2010-08-13,60.20000076293945,60.599998474121094,59.900001525878906,60.099998474121094,40.402713775634766,64069000
2010-08-16,60.0,60.29999923706055,59.599998474121094,60.29999923706055,40.537174224853516,39691000
2010-08-17,60.5,60.5,59.79999923706055,59.79999923706055,40.20105743408203,37445000
2010-08-18,60.0,60.29999923706055,59.5,59.599998474121094,40.06658935546875,42369000
2010-08-19,59.5,60.400001525878906,59.5,60.099998474121094,40.402713775634766,45753000
2010-08-20,59.79999923706055,60.20000076293945,59.70000076293945,59.900001525878906,40.268280029296875,30073000
2010-08-23,59.900001525878906,60.900001525878906,59.599998474121094,60.099998474121094,40.402713775634766,27530000
2010-08-24,60.0,60.099998474121094,59.599998474121094,59.599998474121094,40.06658935546875,30548000
2010-08-25,59.400001525878906,59.400001525878906,58.599998474121094,58.70000076293945,39.461570739746094,70486000
2010-08-26,58.599998474121094,59.099998474121094,58.5,58.79999923706055,39.52878189086914,33540000
2010-08-27,58.70000076293945,58.900001525878906,58.5,58.79999923706055,39.52878189086914,43374000
2010-08-30,59.20000076293945,59.599998474121094,58.900001525878906,59.400001525878906,39.932151794433594,27583000
2010-08-31,59.0,59.0,58.400001525878906,58.900001525878906,39.596012115478516,77308000
2010-09-01,59.29999923706055,59.29999923706055,58.70000076293945,59.099998474121094,39.730464935302734,33670000
2010-09-02,60.0,60.099998474121094,59.400001525878906,59.5,39.99936294555664,25353000
2010-09-03,59.29999923706055,59.900001525878906,59.29999923706055,59.79999923706055,40.20105743408203,38247000
2010-09-06,60.400001525878906,60.5,60.099998474121094,60.5,40.67163848876953,25773000
2010-09-07,60.5,60.599998474121094,60.099998474121094,60.20000076293945,40.46994400024414,20235000
2010-09-08,59.599998474121094,59.900001525878906,58.900001525878906,59.29999923706055,39.86492919921875,66266000
2010-09-09,59.70000076293945,59.70000076293945,59.20000076293945,59.5,39.99936294555664,21194000
2010-09-10,59.5,59.70000076293945,59.099998474121094,59.29999923706055,39.86492919921875,32620000
2010-09-13,59.599998474121094,60.900001525878906,59.400001525878906,60.900001525878906,40.94053649902344,86590000
2010-09-14,61.20000076293945,61.20000076293945,60.70000076293945,61.0,41.00775909423828,33482000
2010-09-15,61.20000076293945,61.20000076293945,60.5,61.20000076293945,41.1422004699707,39289000
2010-09-16,60.79999923706055,61.0,60.5,60.5,40.67163848876953,27832000
2010-09-17,61.0,61.400001525878906,60.599998474121094,61.20000076293945,41.1422004699707,49333000
2010-09-20,61.5,62.0,61.29999923706055,62.0,41.680015563964844,65877000
2010-09-21,62.29999923706055,62.29999923706055,61.599998474121094,61.79999923706055,41.54556655883789,32205000
2010-09-23,60.900001525878906,60.900001525878906,59.900001525878906,60.0,40.33549118041992,106168000
2010-09-24,59.70000076293945,60.20000076293945,59.599998474121094,60.099998474121094,40.402713775634766,58578000
2010-09-27,60.79999923706055,60.79999923706055,60.400001525878906,60.70000076293945,40.80607223510742,57033000
2010-09-28,60.70000076293945,61.20000076293945,60.599998474121094,61.0,41.00775909423828,48335000
2010-09-29,61.5,61.900001525878906,61.0,61.5,41.3438835144043,79436000
2010-09-30,61.70000076293945,62.0,61.599998474121094,62.0,41.680015563964844,56151000
2010-10-01,62.20000076293945,62.29999923706055,61.70000076293945,62.0,41.680015563964844,38944000
2010-10-04,62.0,62.099998474121094,61.599998474121094,61.900001525878906,41.61279296875,25742000
2010-10-05,61.70000076293945,61.70000076293945,60.900001525878906,61.099998474121094,41.07498550415039,28432000
2010-10-06,61.900001525878906,62.0,61.5,61.79999923706055,41.54556655883789,34117000
2010-10-07,61.400001525878906,61.70000076293945,61.0,61.29999923706055,41.20943832397461,37414000
2010-10-08,61.0,61.79999923706055,61.0,61.79999923706055,41.54556655883789,54186000
2010-10-11,62.0,62.0,61.099998474121094,61.5,41.3438835144043,24273000
2010-10-12,61.5,61.5,60.400001525878906,61.0,41.00775909423828,27854000
2010-10-13,61.29999923706055,61.29999923706055,60.400001525878906,61.0,41.00775909423828,28950000
2010-10-14,61.400001525878906,62.0,61.29999923706055,61.79999923706055,41.54556655883789,45889000
2010-10-15,61.29999923706055,61.900001525878906,61.20000076293945,61.900001525878906,41.61279296875,29898000
2010-10-18,61.400001525878906,61.79999923706055,60.400001525878906,60.5,40.67163848876953,32498000
2010-10-19,60.599998474121094,60.70000076293945,60.099998474121094,60.70000076293945,40.80607223510742,34442000
2010-10-20,60.5,61.099998474121094,60.400001525878906,61.0,41.00775909423828,34445000
2010-10-21,61.29999923706055,61.400001525878906,60.79999923706055,61.0,41.00775909423828,37243000
2010-10-22,61.70000076293945,61.79999923706055,61.400001525878906,61.79999923706055,41.54556655883789,42883000
2010-10-25,62.0,62.20000076293945,61.79999923706055,62.0,41.680015563964844,38467000
2010-10-26,62.20000076293945,62.29999923706055,62.0,62.29999923706055,41.88169479370117,37835000
2010-10-27,62.29999923706055,62.400001525878906,61.900001525878906,62.0,41.680015563964844,26552000
2010-10-28,62.400001525878906,63.0,62.099998474121094,62.70000076293945,42.15060043334961,61848000
2010-10-29,63.0,63.099998474121094,62.5,62.79999923706055,42.21781921386719,67800000
2010-11-01,63.400001525878906,63.5,63.0,63.5,42.68840408325195,76051000
2010-11-02,63.0,63.400001525878906,63.0,63.29999923706055,42.55394744873047,24276000
2010-11-03,63.5,64.0,63.29999923706055,63.900001525878906,42.957305908203125,44405000
2010-11-04,63.900001525878906,64.0999984741211,63.599998474121094,63.900001525878906,42.957305908203125,32641000
2010-11-05,64.5,64.5999984741211,63.79999923706055,64.19999694824219,43.158973693847656,43711000
2010-11-08,64.19999694824219,64.19999694824219,63.099998474121094,63.29999923706055,42.55394744873047,23591000
2010-11-09,63.29999923706055,64.0,63.099998474121094,64.0,43.0245361328125,25317000
2010-11-10,64.0,64.30000305175781,63.70000076293945,64.19999694824219,43.158973693847656,37637000
2010-11-11,63.900001525878906,64.19999694824219,63.70000076293945,63.70000076293945,42.82285690307617,31688000
2010-11-12,63.599998474121094,64.0,63.0,63.0,42.35227584838867,29650000
2010-11-15,63.79999923706055,64.0,63.20000076293945,63.900001525878906,42.957305908203125,27583000
2010-11-16,64.30000305175781,64.69999694824219,64.0999984741211,64.5,43.36067199707031,55027000
2010-11-17,64.19999694824219,64.5,63.599998474121094,63.79999923706055,42.89008331298828,51345000
2010-11-18,63.70000076293945,63.900001525878906,63.0,63.29999923706055,42.55394744873047,39053000
2010-11-19,63.599998474121094,64.0,63.0,63.70000076293945,42.82285690307617,23769000
2010-11-22,63.599998474121094,64.30000305175781,63.20000076293945,63.79999923706055,42.89008331298828,25384000
2010-11-23,63.70000076293945,63.79999923706055,63.29999923706055,63.400001525878906,42.62117385864258,30876000
2010-11-24,63.0,64.0,63.0,63.20000076293945,42.48672866821289,26848000
2010-11-25,63.79999923706055,64.5,63.5,64.4000015258789,43.29343795776367,34656000
2010-11-26,63.900001525878906,64.5,63.900001525878906,64.4000015258789,43.29343795776367,30955000
2010-11-29,64.5999984741211,64.69999694824219,63.79999923706055,64.30000305175781,43.22621154785156,33430000
2010-11-30,63.79999923706055,64.4000015258789,63.400001525878906,63.400001525878906,42.62117385864258,66488000
2010-12-01,63.79999923706055,64.5999984741211,63.79999923706055,64.5999984741211,43.427894592285156,58038000
2010-12-02,65.0,66.4000015258789,64.9000015258789,66.19999694824219,44.50349044799805,87811000
2010-12-03,66.80000305175781,70.0,66.69999694824219,68.30000305175781,45.915252685546875,124694000
2010-12-06,68.9000015258789,69.5,68.4000015258789,68.5,46.0496940612793,58644000
2010-12-07,68.5,68.5999984741211,67.5999984741211,68.0,45.71356964111328,58928000
2010-12-08,68.5999984741211,68.69999694824219,67.80000305175781,68.0,45.71356964111328,46509000
2010-12-09,69.0,70.0999984741211,68.80000305175781,70.0,47.0580940246582,91264000
2010-12-10,69.5999984741211,69.9000015258789,69.30000305175781,69.69999694824219,46.85640335083008,32731000
2010-12-13,70.0,70.4000015258789,69.0,69.4000015258789,46.65472412109375,36075000
2010-12-14,69.9000015258789,69.9000015258789,68.69999694824219,69.0,46.385833740234375,45977000
2010-12-15,68.5999984741211,70.0999984741211,68.5,70.0,47.0580940246582,56590000
2010-12-16,70.0,71.5999984741211,69.80000305175781,71.19999694824219,47.86478805541992,61923000
2010-12-17,72.0,75.0,71.5999984741211,72.9000015258789,49.00762939453125,108365000
2010-12-20,73.0,73.0,70.9000015258789,71.19999694824219,47.86478805541992,91134000
2010-12-21,71.5,71.5999984741211,70.80000305175781,71.30000305175781,47.93202590942383,35454000
2010-12-22,71.0999984741211,71.5999984741211,70.69999694824219,71.19999694824219,47.86478805541992,26216000
2010-12-23,71.80000305175781,71.80000305175781,70.69999694824219,71.0,47.730350494384766,35499000
2010-12-24,71.0,71.0,70.5,70.80000305175781,47.595882415771484,21468000
2010-12-27,70.80000305175781,70.80000305175781,70.0,70.69999694824219,47.52865219116211,29035000
2010-12-28,70.9000015258789,71.0,70.5999984741211,70.9000015258789,47.66312026977539,35961000
2010-12-29,70.80000305175781,70.80000305175781,70.19999694824219,70.5999984741211,47.461429595947266,40312000
2010-12-30,70.5999984741211,70.80000305175781,70.0999984741211,70.5999984741211,47.461429595947266,53976000
2010-12-31,70.5,72.30000305175781,70.30000305175781,71.0,47.730350494384766,143558000
2011-01-03,71.5,71.5999984741211,70.80000305175781,71.0999984741211,47.79757308959961,35149000
2011-01-04,71.0,71.5999984741211,70.80000305175781,71.19999694824219,47.86478805541992,35448000
2011-01-05,70.9000015258789,71.0999984741211,69.5999984741211,69.80000305175781,46.92363357543945,51755000
2011-01-06,69.80000305175781,71.0,69.69999694824219,71.0,47.730350494384766,46666000
2011-01-07,71.9000015258789,73.0,71.9000015258789,72.5,48.738731384277344,169755000
2011-01-10,73.0,74.19999694824219,72.5999984741211,74.19999694824219,49.881568908691406,66767000
2011-01-11,74.0999984741211,74.9000015258789,73.80000305175781,74.5,50.08323287963867,81911000
2011-01-12,74.69999694824219,75.0,74.69999694824219,74.9000015258789,50.352149963378906,53397000
2011-01-13,75.0999984741211,75.30000305175781,74.19999694824219,74.5999984741211,50.15046691894531,92995000
2011-01-14,74.4000015258789,74.80000305175781,74.0999984741211,74.80000305175781,50.28492736816406,28681000
2011-01-17,75.4000015258789,75.9000015258789,75.30000305175781,75.80000305175781,50.957183837890625,67207000
2011-01-18,75.5,77.4000015258789,75.19999694824219,76.80000305175781,51.62943649291992,56518000
2011-01-19,76.9000015258789,78.30000305175781,76.5999984741211,78.0,52.43614196777344,86839000
2011-01-20,77.0,77.0,76.0999984741211,76.4000015258789,51.36053466796875,43578000
2011-01-21,74.0,75.19999694824219,74.0,74.5999984741211,50.15046691894531,81340000
2011-01-24,75.19999694824219,75.4000015258789,74.5999984741211,75.30000305175781,50.621055603027344,40750000
2011-01-25,75.9000015258789,75.9000015258789,74.9000015258789,75.0,50.419368743896484,43750000
2011-01-26,74.5999984741211,75.19999694824219,74.30000305175781,74.5999984741211,50.15046691894531,66493000
2011-01-27,74.9000015258789,75.4000015258789,74.80000305175781,75.19999694824219,50.55382537841797,69734000
2011-01-28,75.19999694824219,76.9000015258789,74.9000015258789,76.30000305175781,51.29331588745117,97365000
2011-02-08,77.0,77.0,74.80000305175781,75.5,50.7555046081543,105232000
2011-02-09,75.5,75.5999984741211,73.80000305175781,73.80000305175781,49.6126594543457,79084000
2011-02-10,73.0999984741211,73.4000015258789,72.0,72.0,48.40259552001953,83493000
2011-02-11,72.19999694824219,72.4000015258789,70.9000015258789,71.4000015258789,47.99925231933594,111841000
2011-02-14,72.0,72.9000015258789,71.5,72.5,48.738731384277344,64830000
2011-02-15,72.4000015258789,73.0999984741211,71.4000015258789,72.5,48.738731384277344,56427000
2011-02-16,72.4000015258789,72.69999694824219,71.9000015258789,72.0999984741211,48.46982192993164,53849000
2011-02-17,72.4000015258789,72.9000015258789,71.5999984741211,72.5,48.738731384277344,49280000
2011-02-18,73.0999984741211,73.9000015258789,73.0,73.0,49.07485580444336,73532000
2011-02-21,73.0999984741211,73.4000015258789,72.30000305175781,73.4000015258789,49.34375,37954000
2011-02-22,72.19999694824219,72.5,71.19999694824219,72.5,48.738731384277344,82528000
2011-02-23,71.5,71.9000015258789,70.5,71.0,47.730350494384766,78154000
2011-02-24,71.0,71.4000015258789,70.5,70.5,47.39421463012695,62708000
2011-02-25,70.5999984741211,71.0999984741211,69.9000015258789,70.5,47.39421463012695,78655000
2011-03-01,70.0,71.80000305175781,70.0,71.4000015258789,47.99925231933594,77441000
2011-03-02,70.80000305175781,71.0,70.4000015258789,70.4000015258789,47.326995849609375,52968000
2011-03-03,70.0999984741211,71.5999984741211,70.0999984741211,70.80000305175781,47.595882415771484,59349000
2011-03-04,71.5,72.0,71.30000305175781,71.80000305175781,48.26814651489258,55215000
2011-03-07,71.5999984741211,71.69999694824219,70.9000015258789,70.9000015258789,47.66312026977539,30090000
2011-03-08,70.5,71.80000305175781,70.5,71.5,48.06647491455078,49251000
2011-03-09,72.19999694824219,72.19999694824219,71.0999984741211,71.4000015258789,47.99925231933594,42715000
2011-03-10,72.0999984741211,72.0999984741211,70.0999984741211,70.5,47.39421463012695,61899000
2011-03-11,70.0,70.5999984741211,69.5,70.0,47.0580940246582,52528000
2011-03-14,70.30000305175781,70.5,69.0999984741211,70.30000305175781,47.25975799560547,47199000
2011-03-15,70.0,70.0999984741211,66.19999694824219,68.0,45.71356964111328,114456000
2011-03-16,68.80000305175781,69.0999984741211,68.0999984741211,68.5,46.0496940612793,60944000
2011-03-17,66.80000305175781,67.5,65.69999694824219,67.4000015258789,45.310203552246094,104629000
2011-03-18,67.80000305175781,68.4000015258789,67.19999694824219,68.30000305175781,45.915252685546875,55649000
2011-03-21,68.30000305175781,69.0999984741211,68.0,69.0,46.385833740234375,34725000
2011-03-22,69.5,69.5,68.4000015258789,68.5999984741211,46.116912841796875,31467000
2011-03-23,69.0999984741211,69.0999984741211,68.0999984741211,68.69999694824219,46.184139251708984,31189000
2011-03-24,69.0999984741211,70.0999984741211,69.0,69.4000015258789,46.65472412109375,44701000
2011-03-25,70.4000015258789,71.19999694824219,70.0,71.19999694824219,47.86478805541992,51518000
2011-03-28,70.5999984741211,71.0,70.30000305175781,71.0,47.730350494384766,28535000
2011-03-29,70.5999984741211,71.19999694824219,70.4000015258789,70.80000305175781,47.595882415771484,34785000
2011-03-30,70.30000305175781,70.80000305175781,70.0,70.30000305175781,47.25975799560547,60127000
2011-03-31,71.0,71.0,70.0,70.5999984741211,47.461429595947266,41950000
2011-04-01,70.69999694824219,70.80000305175781,70.0999984741211,70.69999694824219,47.52865219116211,26616000
2011-04-06,71.5,72.9000015258789,71.5,72.9000015258789,49.00762939453125,114050000
2011-04-07,73.0,73.0,72.30000305175781,72.80000305175781,48.94040298461914,45048000
2011-04-08,72.9000015258789,73.0,72.4000015258789,72.9000015258789,49.00762939453125,64884000
2011-04-11,73.0,73.0,70.9000015258789,71.0999984741211,47.79757308959961,42409000
2011-04-12,70.5,70.69999694824219,70.0999984741211,70.0999984741211,47.12530517578125,45901000
2011-04-13,70.0999984741211,70.80000305175781,70.0,70.69999694824219,47.52865219116211,27328000
2011-04-14,70.30000305175781,70.5,69.5999984741211,69.80000305175781,46.92363357543945,46816000
2011-04-15,70.0,70.0,69.0999984741211,69.19999694824219,46.520286560058594,51993000
2011-04-18,69.80000305175781,69.80000305175781,68.80000305175781,69.0,46.385833740234375,27120000
2011-04-19,68.5,68.5,68.0,68.0999984741211,45.78078842163086,42649000
2011-04-20,69.0,69.80000305175781,68.5,69.80000305175781,46.92363357543945,48039000
2011-04-21,70.69999694824219,71.30000305175781,70.30000305175781,70.69999694824219,47.52865219116211,50849000
2011-04-22,70.9000015258789,71.0,70.30000305175781,70.9000015258789,47.66312026977539,25299000
2011-04-25,71.0,71.0999984741211,70.0999984741211,70.30000305175781,47.25975799560547,22040000
2011-04-26,69.69999694824219,70.30000305175781,69.0999984741211,70.30000305175781,47.25975799560547,31838000
2011-04-27,71.5,72.69999694824219,71.5,72.30000305175781,48.604278564453125,58612000
2011-04-28,73.4000015258789,73.69999694824219,72.9000015258789,73.0,49.07485580444336,83054000
2011-04-29,73.69999694824219,73.9000015258789,72.9000015258789,73.19999694824219,49.209320068359375,92890000
2011-05-03,73.9000015258789,74.80000305175781,73.5999984741211,74.5999984741211,50.15046691894531,81495000
2011-05-04,74.4000015258789,74.4000015258789,73.0,73.80000305175781,49.6126594543457,46461000
2011-05-05,74.0,74.80000305175781,73.5999984741211,74.80000305175781,50.28492736816406,45326000
2011-05-06,75.0,75.5999984741211,74.4000015258789,75.0,50.419368743896484,53441000
2011-05-09,75.5999984741211,76.0999984741211,75.19999694824219,75.5,50.7555046081543,59843000
2011-05-10,75.5999984741211,75.5999984741211,74.4000015258789,74.4000015258789,50.01603698730469,43183000
2011-05-11,75.30000305175781,75.30000305175781,74.5999984741211,75.0,50.419368743896484,43103000
2011-05-12,74.19999694824219,76.0,74.0999984741211,75.69999694824219,50.88993453979492,58360000
2011-05-13,76.0,76.0999984741211,75.5,75.9000015258789,51.02439498901367,37218000
2011-05-16,75.9000015258789,75.9000015258789,74.69999694824219,74.9000015258789,50.352149963378906,25843000
2011-05-17,74.5999984741211,76.0,74.5999984741211,75.5999984741211,50.82273483276367,41026000
2011-05-18,75.30000305175781,75.80000305175781,74.9000015258789,75.30000305175781,50.621055603027344,27879000
2011-05-19,74.9000015258789,76.30000305175781,74.9000015258789,75.19999694824219,50.55382537841797,52635000
2011-05-20,76.0,76.0,74.9000015258789,75.5,50.7555046081543,32925000
2011-05-23,74.69999694824219,75.5,74.5,75.0999984741211,50.48659896850586,38984000
2011-05-24,74.9000015258789,75.0999984741211,74.19999694824219,74.80000305175781,50.28492736816406,34727000
2011-05-25,74.19999694824219,74.9000015258789,73.30000305175781,74.5,50.08323287963867,59534000
2011-05-26,75.0,75.0,74.0,74.19999694824219,49.881568908691406,33168000
2011-05-27,73.80000305175781,74.5,73.80000305175781,74.0,49.74711990356445,46500000
2011-05-30,74.0,75.30000305175781,74.0,75.0999984741211,50.48659896850586,33671000
2011-05-31,75.5,76.9000015258789,75.4000015258789,76.69999694824219,51.56221008300781,62660000
2011-06-01,76.30000305175781,77.30000305175781,76.30000305175781,77.0,51.76388931274414,44950000
2011-06-02,76.30000305175781,77.4000015258789,76.30000305175781,76.4000015258789,51.36053466796875,61778000
2011-06-03,77.0,77.19999694824219,76.0999984741211,77.19999694824219,51.89834213256836,35389000
2011-06-07,77.19999694824219,78.19999694824219,76.5999984741211,77.5,52.10002136230469,40816000
2011-06-08,77.0999984741211,78.0,77.0999984741211,77.5,52.10002136230469,58158000
2011-06-09,78.0,78.0,76.80000305175781,76.9000015258789,51.6966667175293,33565000
2011-06-10,77.0,77.5,75.0999984741211,75.30000305175781,50.621055603027344,55263000
2011-06-13,74.5,75.0,73.9000015258789,74.69999694824219,50.21769332885742,68652000
2011-06-14,74.5,76.4000015258789,74.5,76.19999694824219,51.22608184814453,52699000
2011-06-15,77.0,77.4000015258789,76.0999984741211,77.0,51.76388931274414,85237000
2011-06-16,76.0,76.19999694824219,75.4000015258789,75.5,50.7555046081543,62276000
2011-06-17,75.0,75.0999984741211,74.0999984741211,74.19999694824219,49.881568908691406,79539000
2011-06-20,74.5999984741211,75.4000015258789,74.0999984741211,74.9000015258789,50.352149963378906,31713000
2011-06-21,75.4000015258789,76.19999694824219,75.30000305175781,75.9000015258789,51.02439498901367,40800000
2011-06-22,76.30000305175781,76.30000305175781,74.5999984741211,75.0,50.419368743896484,45315000
2011-06-23,74.69999694824219,74.9000015258789,73.80000305175781,74.19999694824219,49.881568908691406,53121000
2011-06-24,73.5999984741211,73.5999984741211,71.9000015258789,72.9000015258789,49.00762939453125,68685000
2011-06-27,72.0,72.0999984741211,71.5999984741211,72.0,48.40259552001953,64884000
2011-06-28,72.0999984741211,72.5999984741211,71.80000305175781,72.5,48.738731384277344,95586000
2011-06-29,70.9000015258789,72.0999984741211,70.4000015258789,71.4000015258789,50.07080841064453,93038000
2011-06-30,71.4000015258789,72.19999694824219,71.30000305175781,72.19999694824219,50.631832122802734,48764000
2011-07-01,72.19999694824219,73.0,72.0,72.80000305175781,51.05258560180664,40514000
2011-07-04,73.9000015258789,73.9000015258789,73.0999984741211,73.5,51.54347229003906,39959000
2011-07-05,73.19999694824219,73.30000305175781,72.4000015258789,73.19999694824219,51.33310317993164,34203000
2011-07-06,73.19999694824219,73.4000015258789,72.5,72.80000305175781,51.05258560180664,42991000
2011-07-07,72.0999984741211,72.30000305175781,71.5,71.5999984741211,50.2110595703125,47655000
2011-07-08,72.0999984741211,72.80000305175781,72.0,72.5,50.842201232910156,52356000
2011-07-11,72.5999984741211,72.5999984741211,70.19999694824219,71.30000305175781,50.00068664550781,47105000
2011-07-12,70.5999984741211,70.80000305175781,70.0999984741211,70.30000305175781,49.29941177368164,39821000
2011-07-13,70.5,72.5,70.0999984741211,72.19999694824219,50.631832122802734,69016000
2011-07-14,70.5,71.4000015258789,70.0999984741211,70.69999694824219,49.57990264892578,54343000
2011-07-15,70.0,70.19999694824219,69.5,69.9000015258789,49.01890563964844,88064000
2011-07-18,69.69999694824219,70.19999694824219,69.4000015258789,69.69999694824219,48.87864303588867,34351000
2011-07-19,69.5999984741211,69.80000305175781,68.5,68.5,48.03712844848633,57401000
2011-07-20,69.69999694824219,71.69999694824219,69.4000015258789,71.5999984741211,50.2110595703125,55120000
2011-07-21,71.4000015258789,71.5999984741211,70.5999984741211,71.5999984741211,50.2110595703125,32798000
2011-07-22,72.4000015258789,72.4000015258789,71.69999694824219,72.0,50.49156188964844,37196000
2011-07-25,72.4000015258789,72.5,71.4000015258789,72.0,50.49156188964844,32490000
2011-07-26,72.30000305175781,73.69999694824219,72.30000305175781,73.69999694824219,51.68372344970703,52821000
2011-07-27,73.69999694824219,73.9000015258789,73.0,73.4000015258789,51.47334289550781,35569000
2011-07-28,72.80000305175781,73.4000015258789,72.30000305175781,73.0,51.192832946777344,33682000
2011-07-29,71.80000305175781,72.4000015258789,71.30000305175781,72.0,50.49156188964844,60614000
2011-08-01,72.0,72.80000305175781,72.0,72.5999984741211,50.91231918334961,41072000
2011-08-02,72.0,72.0999984741211,71.19999694824219,71.4000015258789,50.07080841064453,33350000
2011-08-03,70.0999984741211,70.5,69.80000305175781,70.0999984741211,49.15914535522461,45976000
2011-08-04,69.5999984741211,70.69999694824219,69.5999984741211,70.0,49.089027404785156,43900000
2011-08-05,66.0,68.0,66.0,66.5999984741211,46.7047004699707,89615000
2011-08-08,66.0,67.4000015258789,64.0,65.19999694824219,45.7229118347168,97375000
2011-08-09,62.5,65.0999984741211,62.20000076293945,63.29999923706055,44.39049530029297,115504000
2011-08-10,65.0999984741211,67.0,65.0,65.80000305175781,46.1436882019043,109734000
2011-08-11,64.5999984741211,66.80000305175781,64.0,66.4000015258789,46.5644416809082,54267000
2011-08-12,67.19999694824219,67.5999984741211,65.0999984741211,65.0999984741211,45.65279006958008,61038000
2011-08-15,66.9000015258789,66.9000015258789,65.9000015258789,66.80000305175781,46.84495162963867,39616000
2011-08-16,66.80000305175781,66.80000305175781,66.0,66.0,46.283939361572266,38915000
2011-08-17,66.0,66.19999694824219,65.30000305175781,65.80000305175781,46.1436882019043,35809000
2011-08-18,65.80000305175781,65.80000305175781,63.29999923706055,64.4000015258789,45.16190719604492,73212000
2011-08-19,63.099998474121094,63.900001525878906,63.0,63.900001525878906,44.8112678527832,43186000
2011-08-22,63.599998474121094,65.5,63.0,65.0,45.582664489746094,46280000
2011-08-23,65.0,67.0999984741211,65.0,66.80000305175781,46.84495162963867,46451000
2011-08-24,67.69999694824219,67.69999694824219,66.4000015258789,67.5,47.335845947265625,48112000
2011-08-25,67.4000015258789,67.5999984741211,66.4000015258789,67.0,46.98521041870117,30837000
2011-08-26,67.0999984741211,68.30000305175781,67.0,67.9000015258789,47.61635208129883,40454000
2011-08-29,68.5999984741211,69.9000015258789,68.0999984741211,69.4000015258789,48.66825866699219,38554000
2011-08-30,70.30000305175781,70.30000305175781,68.5999984741211,69.0,48.387760162353516,33717000
2011-08-31,69.0999984741211,69.4000015258789,67.80000305175781,69.4000015258789,48.66825866699219,47445000
2011-09-01,69.4000015258789,69.80000305175781,68.5999984741211,68.5999984741211,48.107234954833984,47910000
2011-09-02,69.5,69.5,67.0999984741211,67.5,47.335845947265625,42191000
2011-09-05,66.0999984741211,67.0999984741211,65.9000015258789,66.5999984741211,46.7047004699707,49750000
2011-09-06,66.5,67.19999694824219,66.0999984741211,66.0999984741211,46.354068756103516,38972000
2011-09-07,67.0,68.5999984741211,66.80000305175781,68.5999984741211,48.107234954833984,40017000
2011-09-08,69.5999984741211,69.5999984741211,68.4000015258789,68.69999694824219,48.177364349365234,42602000
2011-09-09,69.5,70.0999984741211,68.9000015258789,69.30000305175781,48.59813690185547,38210000
2011-09-13,69.5999984741211,70.0,68.4000015258789,68.4000015258789,47.966983795166016,34863000
2011-09-14,69.5,69.5999984741211,66.9000015258789,67.19999694824219,47.12546920776367,60617000
2011-09-15,69.0,69.80000305175781,68.5,69.0999984741211,48.45787811279297,42178000
2011-09-16,70.4000015258789,72.0,70.30000305175781,71.0999984741211,49.86042785644531,76993000
2011-09-19,71.4000015258789,71.69999694824219,70.69999694824219,71.19999694824219,49.930545806884766,28682000
2011-09-20,71.0,71.69999694824219,69.69999694824219,70.5,49.43966293334961,46860000
2011-09-21,71.0,72.0999984741211,70.9000015258789,72.0,50.49156188964844,52306000
2011-09-22,70.19999694824219,70.5,69.0,69.0,48.387760162353516,64836000
2011-09-23,68.19999694824219,68.9000015258789,67.4000015258789,67.5,47.335845947265625,85391000
2011-09-26,67.4000015258789,67.4000015258789,67.19999694824219,67.19999694824219,47.12546920776367,26574000
2011-09-27,68.9000015258789,70.19999694824219,68.69999694824219,69.9000015258789,49.01890563964844,56625000
2011-09-28,70.80000305175781,70.9000015258789,69.80000305175781,70.30000305175781,49.29941177368164,42230000
2011-09-29,69.5999984741211,70.9000015258789,69.30000305175781,70.30000305175781,49.29941177368164,39894000
2011-09-30,70.30000305175781,70.80000305175781,69.0,70.0,49.089027404785156,60198000
2011-10-03,70.0,70.0,68.0999984741211,68.5999984741211,48.107234954833984,33871000
2011-10-04,70.0,70.0,68.19999694824219,69.0999984741211,48.45787811279297,35690000
2011-10-05,68.9000015258789,69.69999694824219,68.69999694824219,69.0999984741211,48.45787811279297,30824000
2011-10-06,69.69999694824219,69.9000015258789,68.69999694824219,69.0,48.387760162353516,57224000
2011-10-07,69.0999984741211,69.0999984741211,69.0999984741211,69.0999984741211,48.45787811279297,13073000
2011-10-11,70.0,70.4000015258789,69.5999984741211,70.0,49.089027404785156,55155000
2011-10-12,70.5,70.5,69.5999984741211,70.4000015258789,49.36954116821289,41221000
2011-10-13,69.80000305175781,70.4000015258789,68.80000305175781,70.4000015258789,49.36954116821289,58272000
2011-10-14,70.80000305175781,70.80000305175781,69.9000015258789,70.30000305175781,49.29941177368164,35631000
2011-10-17,70.80000305175781,71.0999984741211,70.5,71.0999984741211,49.86042785644531,38911000
2011-10-18,70.0999984741211,70.69999694824219,70.0,70.69999694824219,49.57990264892578,25527000
2011-10-19,71.0,71.0999984741211,70.19999694824219,71.0999984741211,49.86042785644531,31141000
2011-10-20,70.5,70.69999694824219,69.5999984741211,69.69999694824219,48.87864303588867,25687000
2011-10-21,70.69999694824219,70.69999694824219,69.5999984741211,70.30000305175781,49.29941177368164,17897000
2011-10-24,71.19999694824219,71.9000015258789,71.19999694824219,71.69999694824219,50.28118133544922,50063000
2011-10-25,71.80000305175781,72.0,71.0,71.5,50.14093780517578,40816000
2011-10-26,71.4000015258789,72.0,71.0999984741211,71.9000015258789,50.421443939208984,25653000
2011-10-27,72.0,72.19999694824219,71.4000015258789,71.9000015258789,50.421443939208984,38771000
2011-10-28,73.5,74.0,72.0999984741211,73.0999984741211,51.26296615600586,90679000
2011-10-31,73.5,73.80000305175781,73.0999984741211,73.5999984741211,51.61359786987305,46670000
2011-11-01,73.5,74.0,73.0,73.80000305175781,51.75385665893555,37063000
2011-11-02,73.0999984741211,73.9000015258789,72.4000015258789,73.9000015258789,51.82398986816406,34533000
2011-11-03,74.19999694824219,74.19999694824219,72.30000305175781,73.5,51.54347229003906,36408000
2011-11-04,74.5,74.9000015258789,73.9000015258789,74.5999984741211,52.31488037109375,56744000
2011-11-07,75.0,75.19999694824219,74.30000305175781,75.0,52.59537887573242,28458000
2011-11-08,75.0,75.0,74.0,74.5,52.24473571777344,21447000
2011-11-09,74.9000015258789,74.9000015258789,74.0999984741211,74.0999984741211,51.964237213134766,17538000
2011-11-10,72.5,73.4000015258789,72.5,72.5999984741211,50.91231918334961,45120000
2011-11-11,73.5,73.5999984741211,72.5999984741211,73.4000015258789,51.47334289550781,27464000
2011-11-14,74.9000015258789,76.0,74.5999984741211,75.9000015258789,53.22651672363281,63557000
2011-11-15,75.5,76.0,75.0,76.0,53.296661376953125,35895000
2011-11-16,76.0,76.0,74.9000015258789,75.4000015258789,52.87590026855469,38931000
2011-11-17,75.19999694824219,76.0,74.80000305175781,75.69999694824219,53.08625793457031,34876000
2011-11-18,75.0,75.19999694824219,73.69999694824219,74.19999694824219,52.034366607666016,52324000
2011-11-21,73.19999694824219,73.9000015258789,73.0,73.30000305175781,51.40322494506836,21320000
2011-11-22,75.19999694824219,75.19999694824219,73.80000305175781,74.0,51.89411544799805,42423000
2011-11-23,74.0,74.5,73.0999984741211,73.4000015258789,51.47334289550781,42823000
2011-11-24,72.9000015258789,73.19999694824219,72.5999984741211,72.80000305175781,51.05258560180664,46889000
2011-11-25,73.0,73.30000305175781,71.30000305175781,71.5999984741211,50.2110595703125,36741000
2011-11-28,71.5999984741211,74.4000015258789,71.5999984741211,73.5999984741211,51.61359786987305,34892000
2011-11-29,73.80000305175781,74.19999694824219,72.9000015258789,73.5999984741211,51.61359786987305,42495000
2011-11-30,74.0,74.5999984741211,73.0,74.5999984741211,52.31488037109375,51206000
2011-12-01,75.5,76.5999984741211,75.5,76.5999984741211,53.7174186706543,78257000
2011-12-02,76.5999984741211,76.80000305175781,75.4000015258789,76.0,53.296661376953125,35285000
2011-12-05,76.0,76.30000305175781,75.4000015258789,76.30000305175781,53.50703430175781,28821000
2011-12-06,76.30000305175781,76.30000305175781,75.30000305175781,75.4000015258789,52.87590026855469,40835000
2011-12-07,76.5,76.5,75.4000015258789,76.4000015258789,53.5771598815918,40811000
2011-12-08,76.69999694824219,76.69999694824219,75.30000305175781,76.30000305175781,53.50703430175781,31661000
2011-12-09,76.0,76.0,73.5,74.0999984741211,51.964237213134766,41947000
2011-12-12,75.0999984741211,75.19999694824219,74.0999984741211,75.0,52.59537887573242,28286000
2011-12-13,73.69999694824219,75.19999694824219,73.69999694824219,75.19999694824219,52.73563766479492,29883000
2011-12-14,75.0999984741211,75.0999984741211,73.9000015258789,74.5,52.24473571777344,27551000
2011-12-15,74.0999984741211,74.0999984741211,72.5,72.5,50.842201232910156,35609000
2011-12-16,72.80000305175781,73.4000015258789,72.5,72.69999694824219,50.982444763183594,20783000
2011-12-19,73.5,73.5,72.0,72.5,50.842201232910156,24429000
2011-12-20,72.9000015258789,72.9000015258789,72.0,72.80000305175781,51.05258560180664,26756000
2011-12-21,74.9000015258789,76.0,74.0999984741211,76.0,53.296661376953125,52799000
2011-12-22,75.30000305175781,75.5,74.4000015258789,75.0,52.59537887573242,25805000
2011-12-23,75.80000305175781,75.80000305175781,74.5999984741211,75.4000015258789,52.87590026855469,28697000
2011-12-26,75.4000015258789,75.5,74.69999694824219,75.0,52.59537887573242,11293000
2011-12-27,74.80000305175781,75.5,74.69999694824219,75.5,52.946014404296875,14575000
2011-12-28,75.30000305175781,75.69999694824219,74.9000015258789,75.69999694824219,53.08625793457031,19957000
2011-12-29,75.4000015258789,75.9000015258789,75.19999694824219,75.80000305175781,53.15640640258789,24738000
2011-12-30,75.69999694824219,75.9000015258789,74.9000015258789,75.80000305175781,53.15640640258789,32240000
2012-01-02,75.0,75.4000015258789,69.80000305175781,69.80000305175781,48.94877624511719,26261000
2012-01-03,75.5,75.9000015258789,70.5,70.5,49.43966293334961,56936000
2012-01-04,76.0999984741211,76.0999984741211,70.5,70.5,49.43966293334961,56684000
2012-01-05,76.0,76.0,75.30000305175781,76.0,53.296661376953125,56718000
2012-01-06,75.9000015258789,75.9000015258789,74.9000015258789,75.5999984741211,53.016143798828125,29866000
2012-01-09,75.19999694824219,75.5999984741211,74.5999984741211,75.5999984741211,53.016143798828125,27627000
2012-01-10,76.0,76.5,75.80000305175781,76.5,53.647281646728516,56436000
2012-01-11,76.80000305175781,77.0,76.0999984741211,76.5,53.647281646728516,41075000
2012-01-12,76.69999694824219,77.0999984741211,76.5,77.0,53.997928619384766,55391000
2012-01-13,77.19999694824219,78.0,77.0,77.5,54.348567962646484,57301000
2012-01-16,76.0999984741211,76.9000015258789,74.5999984741211,75.30000305175781,52.80576705932617,37659000
2012-01-17,75.9000015258789,75.9000015258789,74.9000015258789,75.5999984741211,53.016143798828125,43605000
2012-01-18,75.9000015258789,76.69999694824219,75.5999984741211,76.69999694824219,53.787540435791016,56756000
2012-01-30,78.0,79.5,77.19999694824219,78.69999694824219,55.19008255004883,134364000
2012-01-31,78.0999984741211,78.5,76.30000305175781,78.5,55.04983139038086,84114000
2012-02-01,77.5,77.69999694824219,76.69999694824219,77.0,53.997928619384766,46150000
2012-02-02,77.5,77.5,76.0999984741211,76.80000305175781,53.857669830322266,53946000
2012-02-03,76.30000305175781,76.4000015258789,75.5999984741211,76.19999694824219,53.43690872192383,47741000
2012-02-06,77.30000305175781,77.5,76.5999984741211,77.4000015258789,54.27843475341797,47544000
2012-02-07,77.5,77.5,76.80000305175781,77.4000015258789,54.27843475341797,29943000
2012-02-08,77.5,77.5,76.9000015258789,77.5,54.348567962646484,34702000
2012-02-09,77.0,78.0,76.5,78.0,54.69919204711914,54953000
2012-02-10,78.0,78.0,76.69999694824219,76.9000015258789,53.927799224853516,42117000
2012-02-13,76.4000015258789,77.0999984741211,76.19999694824219,76.5999984741211,53.7174186706543,36380000
2012-02-14,77.0999984741211,77.4000015258789,76.19999694824219,77.30000305175781,54.20831298828125,41995000
2012-02-15,77.5999984741211,78.5,77.5999984741211,78.5,55.04983139038086,70978000
2012-02-16,78.5,78.9000015258789,78.0,78.5,55.04983139038086,57944000
2012-02-17,79.5,81.0999984741211,79.4000015258789,80.0,56.101741790771484,63929000
2012-02-20,80.5999984741211,80.80000305175781,79.69999694824219,80.0,56.101741790771484,31043000
2012-02-21,80.0,80.0,79.30000305175781,80.0,56.101741790771484,27443000
2012-02-22,79.9000015258789,80.0,79.0,79.69999694824219,55.89134979248047,41090000
2012-02-23,79.0,79.4000015258789,77.69999694824219,78.0999984741211,54.769317626953125,59936000
2012-02-24,77.5,79.0999984741211,77.19999694824219,79.0999984741211,55.47060012817383,39386000
2012-02-29,80.19999694824219,81.0999984741211,79.4000015258789,81.0999984741211,56.873146057128906,77948000
2012-03-01,81.0,81.0,80.0999984741211,80.0999984741211,56.1718635559082,21169000
2012-03-02,80.0,80.0999984741211,79.19999694824219,80.0,56.101741790771484,23782000
2012-03-05,78.69999694824219,79.5999984741211,78.5,78.9000015258789,55.33034896850586,22782000
2012-03-06,79.5999984741211,79.5999984741211,78.30000305175781,79.5,55.751102447509766,27703000
2012-03-07,79.0,79.30000305175781,78.69999694824219,79.0999984741211,55.47060012817383,30305000
2012-03-08,79.80000305175781,80.19999694824219,79.19999694824219,79.69999694824219,55.89134979248047,36169000
2012-03-09,79.5,80.0,78.80000305175781,80.0,56.101741790771484,22702000
2012-03-12,80.19999694824219,80.5,79.5999984741211,80.0,56.101741790771484,28913000
2012-03-13,80.5999984741211,81.30000305175781,80.0999984741211,81.30000305175781,57.013397216796875,47221000
2012-03-14,82.4000015258789,83.19999694824219,82.0,83.19999694824219,58.34581756591797,60618000
2012-03-15,83.19999694824219,83.19999694824219,82.5,83.19999694824219,58.34581756591797,30072000
2012-03-16,83.19999694824219,83.80000305175781,81.0999984741211,81.0999984741211,56.873146057128906,29079000
2012-03-19,83.69999694824219,84.19999694824219,82.4000015258789,83.69999694824219,58.69645309448242,37321000
2012-03-20,84.0,84.0999984741211,82.80000305175781,83.19999694824219,58.34581756591797,29232000
2012-03-21,84.80000305175781,85.19999694824219,83.80000305175781,84.9000015258789,59.5379524230957,61534000
2012-03-22,85.0,85.69999694824219,84.30000305175781,85.19999694824219,59.74835205078125,37740000
2012-03-23,85.0,85.4000015258789,84.4000015258789,85.4000015258789,59.88862609863281,29341000
2012-03-26,85.0999984741211,85.0999984741211,82.5,83.5999984741211,58.62632751464844,58830000
2012-03-27,85.0,85.80000305175781,84.30000305175781,85.80000305175781,60.16913986206055,34236000
2012-03-28,86.5,86.5,84.5999984741211,85.5,59.958740234375,28246000
2012-03-29,84.5,84.5,83.4000015258789,84.0999984741211,58.976959228515625,49391000
2012-03-30,83.69999694824219,84.9000015258789,82.9000015258789,84.9000015258789,59.5379524230957,43730000
2012-04-02,84.80000305175781,85.19999694824219,84.0,85.0999984741211,59.67823028564453,23624000
2012-04-03,85.0,85.0,83.80000305175781,85.0,59.60810470581055,31241000
2012-04-05,83.30000305175781,84.0,83.0999984741211,83.0999984741211,58.27568054199219,42645000
2012-04-06,84.0,84.0,83.0999984741211,83.80000305175781,58.766571044921875,34072000
2012-04-09,82.0,83.5999984741211,82.0,83.0,58.20556640625,23209000
2012-04-10,83.0999984741211,83.5,81.80000305175781,82.0,57.504295349121094,33332000
2012-04-11,82.0,83.5,81.69999694824219,82.4000015258789,57.78480529785156,40711000
2012-04-12,82.5,82.69999694824219,81.5,82.5999984741211,57.92503356933594,36673000
2012-04-13,83.4000015258789,85.0,82.69999694824219,84.9000015258789,59.5379524230957,44685000
2012-04-16,84.5999984741211,85.0,83.80000305175781,84.9000015258789,59.5379524230957,19461000
2012-04-17,84.9000015258789,84.9000015258789,83.4000015258789,83.80000305175781,58.766571044921875,29423000
2012-04-18,85.0,85.0,84.4000015258789,85.0,59.60810470581055,32325000
2012-04-19,84.5,85.80000305175781,84.30000305175781,85.80000305175781,60.16913986206055,31398000
2012-04-20,85.0,85.69999694824219,84.0999984741211,84.30000305175781,59.11721420288086,27633000
2012-04-23,84.19999694824219,84.5999984741211,83.4000015258789,84.30000305175781,59.11721420288086,20301000
2012-04-24,83.80000305175781,84.5999984741211,83.5999984741211,84.5999984741211,59.327579498291016,24868000
2012-04-25,84.9000015258789,84.9000015258789,83.9000015258789,84.19999694824219,59.04706954956055,31076000
2012-04-26,84.19999694824219,84.19999694824219,83.5,84.0,58.906822204589844,21008000
2012-04-27,87.0,89.80000305175781,86.0,86.0,60.30936050415039,116673000
2012-04-30,86.30000305175781,87.4000015258789,85.69999694824219,86.80000305175781,60.870391845703125,47549000
2012-05-02,87.0,88.9000015258789,86.80000305175781,88.4000015258789,61.992431640625,47424000
2012-05-03,88.4000015258789,89.0,87.9000015258789,88.9000015258789,62.34307098388672,27641000
2012-05-04,86.69999694824219,88.0,86.69999694824219,87.5999984741211,61.4314079284668,37633000
2012-05-07,86.5,86.5,85.0,85.5999984741211,60.02886199951172,46464000
2012-05-08,86.0,86.0,84.4000015258789,84.4000015258789,59.187355041503906,45605000
2012-05-09,83.9000015258789,85.19999694824219,83.5,84.5999984741211,59.327579498291016,40753000
2012-05-10,85.0,85.69999694824219,84.30000305175781,85.30000305175781,59.8184814453125,28381000
2012-05-11,85.69999694824219,85.69999694824219,84.5,85.5,59.958740234375,33565000
2012-05-14,84.80000305175781,85.5,84.80000305175781,85.4000015258789,59.88862609863281,13924000
2012-05-15,85.4000015258789,85.69999694824219,84.0999984741211,85.5,59.958740234375,30654000
2012-05-16,84.19999694824219,84.5,83.4000015258789,83.4000015258789,58.486061096191406,64877000
2012-05-17,84.80000305175781,85.0999984741211,84.0999984741211,85.0999984741211,59.67823028564453,33612000
2012-05-18,83.9000015258789,83.9000015258789,81.80000305175781,81.80000305175781,57.36404037475586,57538000
2012-05-21,81.0,82.80000305175781,81.0,82.5,57.854915618896484,32372000
2012-05-22,82.69999694824219,82.9000015258789,82.19999694824219,82.19999694824219,57.64455795288086,33935000
2012-05-23,81.0,81.19999694824219,79.0,79.0999984741211,55.47060012817383,62853000
2012-05-24,78.9000015258789,80.5999984741211,78.0999984741211,80.5999984741211,56.522491455078125,40831000
2012-05-25,79.80000305175781,80.5,79.19999694824219,80.0,56.101741790771484,28205000
2012-05-28,80.0,81.69999694824219,79.80000305175781,81.5999984741211,57.223758697509766,28830000
2012-05-29,82.5,83.19999694824219,82.0,82.30000305175781,57.71464920043945,40599000
2012-05-30,81.5999984741211,82.0,80.30000305175781,81.69999694824219,57.29389953613281,75216000
2012-05-31,80.5,85.0999984741211,79.69999694824219,85.0999984741211,59.67823028564453,81199000
2012-06-01,81.69999694824219,81.69999694824219,79.9000015258789,79.9000015258789,56.031612396240234,66832000
2012-06-04,76.5,77.0999984741211,76.0999984741211,76.5,53.647281646728516,65908000
2012-06-05,77.5,78.19999694824219,77.19999694824219,78.19999694824219,54.839447021484375,37461000
2012-06-06,78.19999694824219,78.5999984741211,77.5,77.80000305175781,54.5589485168457,33650000
2012-06-07,79.4000015258789,79.80000305175781,78.5999984741211,79.80000305175781,55.96149444580078,47636000
2012-06-08,77.0,78.69999694824219,77.0,77.9000015258789,54.629066467285156,34628000
2012-06-11,79.9000015258789,80.5,79.5999984741211,80.4000015258789,56.382266998291016,36966000
2012-06-12,78.5,79.80000305175781,78.5,79.4000015258789,55.68096923828125,38319000
2012-06-13,80.80000305175781,80.80000305175781,79.5,80.0,56.101741790771484,32241000
2012-06-14,80.0,80.19999694824219,79.0999984741211,79.19999694824219,55.540714263916016,30382000
2012-06-15,79.19999694824219,79.5,78.0999984741211,78.0999984741211,54.769317626953125,83325000
2012-06-18,80.0,81.0,80.0,80.80000305175781,56.662757873535156,33626000
2012-06-19,80.9000015258789,80.9000015258789,80.0,80.5,56.4523811340332,28864000
2012-06-20,81.30000305175781,81.5999984741211,80.5,81.5999984741211,57.223758697509766,28945000
2012-06-21,80.5,81.0,80.30000305175781,80.5999984741211,56.522491455078125,27004000
2012-06-22,80.0,81.0,79.9000015258789,80.0999984741211,56.1718635559082,30162000
2012-06-25,80.80000305175781,80.80000305175781,79.0999984741211,79.5999984741211,55.82123565673828,39476000
2012-06-26,79.0,79.0999984741211,78.30000305175781,78.69999694824219,55.19008255004883,36877000
2012-06-27,78.30000305175781,79.5,78.19999694824219,79.30000305175781,55.610870361328125,31889000
2012-06-28,80.0,80.30000305175781,79.5,79.9000015258789,56.031612396240234,33067000
2012-06-29,79.5999984741211,81.30000305175781,79.30000305175781,81.30000305175781,57.013397216796875,47813000
2012-07-02,81.5,83.69999694824219,81.5,83.30000305175781,58.41594696044922,61179000
2012-07-03,83.5999984741211,84.9000015258789,83.4000015258789,84.19999694824219,59.04706954956055,59905000
2012-07-04,82.0999984741211,82.0999984741211,81.19999694824219,81.19999694824219,59.04671859741211,38922000
2012-07-05,82.0,82.0,80.69999694824219,81.0,58.901275634765625,26863000
2012-07-06,81.0,81.0,80.0999984741211,80.9000015258789,58.828548431396484,38090000
2012-07-09,79.9000015258789,80.30000305175781,79.5999984741211,80.0,58.174095153808594,45026000
2012-07-10,79.4000015258789,79.9000015258789,78.5999984741211,79.0999984741211,57.51963806152344,33429000
2012-07-11,78.0999984741211,78.30000305175781,77.4000015258789,78.0999984741211,56.792457580566406,58592000
2012-07-12,77.5,77.5,75.69999694824219,75.69999694824219,55.04722213745117,68200000
2012-07-13,74.9000015258789,76.0,74.5,75.80000305175781,55.11996078491211,51423000
2012-07-16,76.30000305175781,76.30000305175781,75.5,75.5,54.90179443359375,35444000
2012-07-17,74.5,75.19999694824219,74.5,74.80000305175781,54.392784118652344,51636000
2012-07-18,75.0,75.30000305175781,74.80000305175781,74.80000305175781,54.392784118652344,37193000
2012-07-19,76.80000305175781,78.0,76.80000305175781,77.5,56.35615921020508,61961000
2012-07-20,76.4000015258789,77.0,76.19999694824219,76.69999694824219,55.774410247802734,48352000
2012-07-23,75.0999984741211,75.0999984741211,73.80000305175781,74.30000305175781,54.0291862487793,57404000
2012-07-24,74.30000305175781,74.80000305175781,74.19999694824219,74.80000305175781,54.392784118652344,39904000
2012-07-25,75.0,75.19999694824219,74.4000015258789,74.5999984741211,54.24734878540039,52097000
2012-07-26,75.69999694824219,76.69999694824219,75.19999694824219,76.30000305175781,55.48354721069336,46806000
2012-07-27,77.9000015258789,79.4000015258789,77.19999694824219,79.30000305175781,57.665096282958984,72384000
2012-07-30,80.0,80.4000015258789,78.80000305175781,79.0,57.446922302246094,37840000
2012-07-31,78.5,81.0,78.5,81.0,58.901275634765625,67536000
2012-08-01,80.0999984741211,80.5,79.4000015258789,80.0,58.174095153808594,35881000
2012-08-02,80.0,80.0,80.0,80.0,58.174095153808594,0
2012-08-03,79.5,80.0999984741211,79.19999694824219,79.80000305175781,58.02867126464844,46567000
2012-08-06,80.9000015258789,81.5,80.69999694824219,80.9000015258789,58.828548431396484,58403000
2012-08-07,81.30000305175781,81.4000015258789,80.69999694824219,81.4000015258789,59.19214630126953,40024000
2012-08-08,81.9000015258789,81.9000015258789,80.0999984741211,80.5,58.53768539428711,39881000
2012-08-09,81.30000305175781,82.30000305175781,81.30000305175781,82.30000305175781,59.84658432006836,54211000
2012-08-10,82.30000305175781,82.4000015258789,81.19999694824219,82.0,59.628456115722656,29859000
2012-08-13,83.80000305175781,83.80000305175781,82.5,82.69999694824219,60.13745880126953,30234000
2012-08-14,83.0,83.80000305175781,82.80000305175781,83.19999694824219,60.50106430053711,33268000
2012-08-15,83.69999694824219,83.69999694824219,82.5,83.0,60.355628967285156,27260000
2012-08-16,83.0,83.4000015258789,82.5,82.9000015258789,60.28290557861328,27999000
2012-08-17,83.0,83.19999694824219,82.0,82.0,59.628456115722656,27049000
2012-08-20,82.69999694824219,82.69999694824219,81.9000015258789,82.4000015258789,59.91933059692383,20997000
2012-08-21,82.69999694824219,83.9000015258789,82.69999694824219,83.5999984741211,60.79193878173828,36814000
2012-08-22,83.0999984741211,83.4000015258789,81.9000015258789,82.4000015258789,59.91933059692383,33548000
2012-08-23,82.4000015258789,82.80000305175781,82.19999694824219,82.69999694824219,60.13745880126953,22336000
2012-08-24,82.30000305175781,82.30000305175781,81.69999694824219,82.0,59.628456115722656,25460000
2012-08-27,82.9000015258789,83.5,82.4000015258789,83.0,60.355628967285156,25691000
2012-08-28,82.30000305175781,83.4000015258789,82.0,82.4000015258789,59.91933059692383,31760000
2012-08-29,82.5999984741211,83.0,82.0999984741211,82.69999694824219,60.13745880126953,18411000
2012-08-30,82.30000305175781,83.19999694824219,82.30000305175781,82.69999694824219,60.13745880126953,45455000
2012-08-31,82.4000015258789,83.30000305175781,82.4000015258789,83.30000305175781,60.57379150390625,13487000
2012-09-03,83.5,83.9000015258789,82.80000305175781,83.9000015258789,61.01007843017578,20728000
2012-09-04,84.0,84.0,83.5,84.0,61.082794189453125,21632000
2012-09-05,83.0,83.30000305175781,81.9000015258789,82.0,59.628456115722656,43274000
2012-09-06,82.80000305175781,82.80000305175781,81.0,81.0999984741211,58.973995208740234,25755000
2012-09-07,83.0,83.9000015258789,82.80000305175781,83.80000305175781,60.93735885620117,44441000
2012-09-10,83.30000305175781,83.5999984741211,83.19999694824219,83.5,60.71920394897461,16875000
2012-09-11,84.19999694824219,84.69999694824219,84.0,84.4000015258789,61.37369155883789,31566000
2012-09-12,84.5,84.9000015258789,84.5,84.5,61.44638442993164,37428000
2012-09-13,84.5,85.0,84.5,85.0,61.80998229980469,29565000
2012-09-14,85.5999984741211,86.5,85.5,86.5,62.9007453918457,51715000
2012-09-17,86.9000015258789,87.0,85.80000305175781,86.5,62.9007453918457,24786000
2012-09-18,86.5,86.5,85.4000015258789,85.69999694824219,62.31898880004883,35483000
2012-09-19,85.9000015258789,86.4000015258789,85.0999984741211,86.0,62.53713607788086,41915000
2012-09-20,86.0,86.0,85.0999984741211,85.30000305175781,62.02812576293945,24807000
2012-09-21,86.0,86.5,85.30000305175781,85.69999694824219,62.31898880004883,50990000
2012-09-24,85.69999694824219,86.4000015258789,85.0999984741211,86.0999984741211,62.609867095947266,30299000
2012-09-25,85.80000305175781,86.19999694824219,85.69999694824219,85.9000015258789,62.464447021484375,35885000
2012-09-26,85.4000015258789,86.4000015258789,85.0,86.4000015258789,62.82805252075195,36796000
2012-09-27,86.80000305175781,87.80000305175781,86.19999694824219,87.5999984741211,63.70063018798828,53924000
2012-09-28,88.5999984741211,89.80000305175781,88.5,89.80000305175781,65.30043029785156,58535000
2012-10-01,89.19999694824219,89.19999694824219,88.30000305175781,88.9000015258789,64.6459732055664,38119000
2012-10-02,89.19999694824219,89.80000305175781,88.9000015258789,89.5999984741211,65.15499877929688,23575000
2012-10-03,89.5999984741211,89.9000015258789,89.30000305175781,89.80000305175781,65.30043029785156,26330000
2012-10-04,89.9000015258789,90.5999984741211,89.5,90.5999984741211,65.8821792602539,36462000
2012-10-05,91.0,91.30000305175781,90.4000015258789,91.0,66.17303466796875,35197000
2012-10-08,91.0,91.0,89.0,89.0999984741211,64.79138946533203,38011000
2012-10-09,87.19999694824219,88.5,87.0999984741211,87.0999984741211,63.337039947509766,60022000
2012-10-11,85.0999984741211,85.69999694824219,84.80000305175781,85.5,62.17356872558594,74170000
2012-10-12,85.5999984741211,86.30000305175781,85.30000305175781,86.30000305175781,62.75530242919922,23657000
2012-10-15,86.0999984741211,86.4000015258789,85.4000015258789,86.4000015258789,62.82805252075195,19093000
2012-10-16,86.69999694824219,87.5,86.69999694824219,87.5,63.62791061401367,29187000
2012-10-17,87.80000305175781,88.0,86.5,87.4000015258789,63.55520248413086,34739000
2012-10-18,87.0,88.19999694824219,87.0,88.0999984741211,64.0642318725586,20400000
2012-10-19,86.19999694824219,87.30000305175781,86.19999694824219,86.69999694824219,63.04616165161133,27597000
2012-10-22,86.30000305175781,86.30000305175781,85.5999984741211,86.0,62.53713607788086,20015000
2012-10-23,85.9000015258789,86.30000305175781,85.5999984741211,85.69999694824219,62.31898880004883,16134000
2012-10-24,85.0999984741211,86.4000015258789,85.0999984741211,85.4000015258789,62.10086441040039,28246000
2012-10-25,85.4000015258789,85.5999984741211,84.5,84.80000305175781,61.664546966552734,36358000
2012-10-26,86.5,88.30000305175781,86.30000305175781,87.30000305175781,63.48248291015625,65197000
2012-10-29,88.30000305175781,89.0999984741211,87.5999984741211,88.0999984741211,64.0642318725586,36010000
2012-10-30,88.80000305175781,89.0,87.69999694824219,88.0,63.99150848388672,30286000
2012-10-31,88.0,88.80000305175781,87.9000015258789,88.69999694824219,64.50051879882812,25911000
2012-11-01,88.5999984741211,89.19999694824219,87.69999694824219,89.19999694824219,64.86412048339844,35973000
2012-11-02,90.0,90.0999984741211,89.5,89.9000015258789,65.37313842773438,38858000
2012-11-05,89.9000015258789,90.30000305175781,88.80000305175781,90.30000305175781,65.66401672363281,31435000
2012-11-06,90.5999984741211,90.5999984741211,89.69999694824219,90.4000015258789,65.73673248291016,26333000
2012-11-07,90.5,91.0,90.0,91.0,66.17303466796875,22025000
2012-11-08,90.80000305175781,90.9000015258789,89.9000015258789,90.5,65.80943298339844,39566000
2012-11-09,90.30000305175781,90.9000015258789,89.5,90.80000305175781,66.0276107788086,36639000
2012-11-12,91.0,91.80000305175781,90.5999984741211,91.30000305175781,66.39118194580078,29882000
2012-11-13,91.0,91.0,89.30000305175781,90.30000305175781,65.66401672363281,37000000
2012-11-14,90.0,90.9000015258789,89.5,90.5,65.80943298339844,30190000
2012-11-15,89.9000015258789,90.5999984741211,89.0,90.19999694824219,65.59129333496094,25043000
2012-11-16,89.19999694824219,90.30000305175781,89.19999694824219,90.19999694824219,65.59129333496094,32472000
2012-11-19,89.69999694824219,90.5,89.69999694824219,90.0,65.44585418701172,23037000
2012-11-20,90.0,90.4000015258789,89.80000305175781,90.4000015258789,65.73673248291016,21424000
2012-11-21,90.30000305175781,90.9000015258789,89.19999694824219,90.5,65.80943298339844,30032000
2012-11-22,90.30000305175781,91.30000305175781,90.30000305175781,91.30000305175781,66.39118194580078,20745000
2012-11-23,91.5999984741211,95.5,91.5,95.5,69.44532775878906,63873000
2012-11-26,95.5,95.5999984741211,94.9000015258789,95.30000305175781,69.29988098144531,34282000
2012-11-27,94.5999984741211,96.30000305175781,94.30000305175781,96.30000305175781,70.0270767211914,48731000
2012-11-28,95.80000305175781,96.0999984741211,95.30000305175781,95.9000015258789,69.7362060546875,54692000
2012-11-29,96.0,97.30000305175781,95.5,96.5,70.17249298095703,48637000
2012-11-30,96.0,98.80000305175781,95.9000015258789,98.69999694824219,71.77229309082031,74919000
2012-12-03,98.30000305175781,98.5999984741211,96.80000305175781,97.9000015258789,71.1905517578125,41656000
2012-12-04,96.9000015258789,97.19999694824219,95.30000305175781,96.5999984741211,70.2452163696289,41419000
2012-12-05,94.5999984741211,97.0999984741211,94.5999984741211,96.9000015258789,70.46339416503906,60447000
2012-12-06,96.5999984741211,96.9000015258789,96.0999984741211,96.5999984741211,70.2452163696289,33074000
2012-12-07,97.0999984741211,98.5,97.0999984741211,98.0999984741211,71.33599090576172,37005000
2012-12-10,97.9000015258789,98.0,96.5,96.5,70.17249298095703,28995000
2012-12-11,97.30000305175781,98.30000305175781,96.69999694824219,98.30000305175781,71.48143005371094,40565000
2012-12-12,98.30000305175781,98.5,97.19999694824219,98.4000015258789,71.55413818359375,32453000
2012-12-13,98.30000305175781,99.4000015258789,97.9000015258789,99.19999694824219,72.13587951660156,39860000
2012-12-14,98.19999694824219,98.5999984741211,97.5,98.4000015258789,71.55413818359375,32975000
2012-12-17,96.4000015258789,97.69999694824219,96.19999694824219,97.0,70.53607940673828,46575000
2012-12-18,95.0,96.69999694824219,95.0,96.69999694824219,70.31793212890625,35265000
2012-12-19,96.69999694824219,97.30000305175781,96.19999694824219,97.30000305175781,70.75424194335938,27857000
2012-12-20,96.0999984741211,96.9000015258789,95.0999984741211,96.0,69.80892181396484,35458000
2012-12-21,95.0999984741211,96.5,94.5999984741211,94.80000305175781,68.93630981445312,34230000
2012-12-24,96.0,96.4000015258789,95.0999984741211,95.19999694824219,69.22718048095703,16019000
2012-12-25,96.0,97.30000305175781,95.5999984741211,96.5,70.17249298095703,15925000
2012-12-26,96.5,97.30000305175781,96.0,96.0,69.80892181396484,11988000
2012-12-27,96.19999694824219,96.69999694824219,95.5,95.5999984741211,69.51803588867188,24172000
2012-12-28,96.80000305175781,97.0,95.9000015258789,97.0,70.53607940673828,25594000
2013-01-02,97.5999984741211,99.9000015258789,97.0999984741211,99.5999984741211,72.42676544189453,40527000
2013-01-03,100.5,102.0,100.0,101.0,73.4448013305664,44107000
2013-01-04,100.5,101.5,100.0,101.5,73.80840301513672,39278000
2013-01-07,101.0,101.0,99.0999984741211,100.5,73.08121490478516,40288000
2013-01-08,99.5999984741211,100.0,98.9000015258789,99.69999694824219,72.49945068359375,31090000
2013-01-09,100.5,100.5,99.19999694824219,100.0,72.71763610839844,26137000
2013-01-10,99.9000015258789,101.0,99.5,101.0,73.4448013305664,35738000
2013-01-11,101.5,101.5,100.5,101.0,73.4448013305664,22418000
2013-01-14,101.0,102.0,100.0,102.0,74.17198181152344,23448000
2013-01-15,102.0,102.0,99.80000305175781,100.5,73.08121490478516,35617000
2013-01-16,100.5,100.5,99.19999694824219,99.19999694824219,72.13587951660156,34626000
2013-01-17,100.5,101.0,98.5,99.30000305175781,72.20861053466797,33698000
2013-01-18,101.5,101.5,100.5,101.5,73.80840301513672,49737000
2013-01-21,101.0,101.0,100.0,100.5,73.08121490478516,17257000
2013-01-22,101.0,101.0,99.9000015258789,101.0,73.4448013305664,21797000
2013-01-23,101.5,101.5,100.0,101.0,73.4448013305664,23184000
2013-01-24,100.0,100.5,99.19999694824219,99.9000015258789,72.64490509033203,39614000
2013-01-25,99.9000015258789,99.9000015258789,98.0,99.0,71.99044036865234,47836000
2013-01-28,98.69999694824219,99.5,98.5999984741211,99.30000305175781,72.20861053466797,29117000
2013-01-29,100.0,101.5,99.69999694824219,101.0,73.4448013305664,35346000
2013-01-30,102.0,102.0,100.5,101.5,73.80840301513672,27884000
2013-01-31,100.5,101.5,100.0,101.5,73.80840301513672,39667000
2013-02-01,101.5,101.5,100.5,101.5,73.80840301513672,22085000
2013-02-04,102.0,103.0,102.0,103.0,74.89913940429688,33911000
2013-02-05,103.0,103.0,101.5,103.0,74.89913940429688,17175000
2013-02-06,103.5,105.0,103.0,105.0,76.35347747802734,30600000
2013-02-18,107.0,108.5,106.5,107.0,77.807861328125,63701000
2013-02-19,108.5,108.5,106.5,107.0,77.807861328125,21802000
2013-02-20,108.5,109.5,108.0,109.0,79.26219940185547,40532000
2013-02-21,108.5,108.5,107.0,107.0,77.807861328125,30260000
2013-02-22,106.0,106.5,105.0,105.5,76.71709442138672,39344000
2013-02-25,106.5,107.0,105.0,105.0,76.35347747802734,35913000
2013-02-26,103.5,105.0,102.5,103.5,75.26274108886719,38440000
2013-02-27,102.0,104.5,101.0,104.5,75.98992156982422,80851000
2013-03-01,103.0,105.0,102.5,105.0,76.35347747802734,31408000
2013-03-04,104.5,104.5,101.5,102.0,74.17198181152344,50033000
2013-03-05,103.5,104.0,102.5,104.0,75.62633514404297,53913000
2013-03-06,104.0,104.5,103.0,104.0,75.62633514404297,35977000
2013-03-07,103.5,104.0,103.0,103.0,74.89913940429688,20518000
2013-03-08,103.0,104.5,102.0,103.5,75.26274108886719,44571000
2013-03-11,102.0,104.0,102.0,102.0,74.17198181152344,35709000
2013-03-12,102.0,103.0,101.5,102.5,74.53556060791016,29992000
2013-03-13,102.5,105.0,102.0,104.5,75.98992156982422,57399000
2013-03-14,104.0,104.5,103.0,104.0,75.62633514404297,32329000
2013-03-15,105.0,105.0,103.0,103.0,74.89913940429688,34424000
2013-03-18,102.0,102.0,100.5,100.5,73.08121490478516,43902000
2013-03-19,101.0,101.5,99.5999984741211,100.0,72.71763610839844,47215000
2013-03-20,99.5,99.5,98.80000305175781,98.80000305175781,71.84500885009766,61605000
2013-03-21,98.80000305175781,100.5,98.69999694824219,98.69999694824219,71.77229309082031,56415000
2013-03-22,98.5999984741211,99.0999984741211,98.0,98.0,71.26327514648438,44822000
2013-03-25,99.9000015258789,100.5,99.19999694824219,99.5,72.35404205322266,24203000
2013-03-26,99.19999694824219,99.4000015258789,98.80000305175781,99.0,71.99044036865234,27183000
2013-03-27,99.0,100.5,98.80000305175781,100.5,73.08121490478516,25674000
2013-03-28,100.0,100.5,99.30000305175781,100.0,72.71763610839844,27872000
2013-03-29,100.0,101.0,99.80000305175781,100.5,73.08121490478516,18943000
2013-04-01,101.0,102.0,100.5,101.0,73.4448013305664,15964000
2013-04-02,100.5,101.0,99.80000305175781,100.5,73.08121490478516,22291000
2013-04-03,101.5,101.5,100.0,100.5,73.08121490478516,26312000
2013-04-08,99.0,99.5,98.5,98.5,71.6268539428711,53948000
2013-04-09,98.0,98.5,97.5,97.5,70.89967346191406,40543000
2013-04-10,98.80000305175781,98.80000305175781,97.69999694824219,98.30000305175781,71.48143005371094,34877000
2013-04-11,99.0,101.5,98.80000305175781,101.5,73.80840301513672,54072000
2013-04-12,101.5,101.5,100.0,100.5,73.08121490478516,18954000
2013-04-15,100.5,101.0,99.0999984741211,99.4000015258789,72.28131103515625,23233000
2013-04-16,98.19999694824219,101.0,98.19999694824219,100.5,73.08121490478516,33395000
2013-04-17,101.5,101.5,99.69999694824219,100.0,72.71763610839844,35304000
2013-04-18,100.0,101.0,99.4000015258789,99.9000015258789,72.64490509033203,32242000
2013-04-19,105.5,106.5,105.5,106.5,77.44425964355469,66723000
2013-04-22,108.5,109.5,107.5,108.5,78.89861297607422,72170000
2013-04-23,106.5,107.5,105.5,106.0,77.08067321777344,45835000
2013-04-24,106.5,107.0,104.5,106.0,77.08067321777344,35383000
2013-04-25,106.0,107.0,105.5,107.0,77.807861328125,26145000
2013-04-26,107.0,109.0,107.0,108.5,78.89861297607422,36420000
2013-04-29,108.5,108.5,107.5,108.0,78.5350341796875,21008000
2013-04-30,108.5,109.5,108.5,109.5,79.62579345703125,34314000
2013-05-02,110.0,111.0,109.0,110.5,80.35296630859375,37313000
2013-05-03,111.5,112.5,110.0,110.0,79.9893798828125,36502000
2013-05-06,111.5,111.5,110.5,111.5,81.08016204833984,19268000
2013-05-07,112.0,113.0,111.0,112.5,81.80732727050781,19273000
2013-05-08,112.5,115.0,112.5,114.5,83.26168823242188,40914000
2013-05-09,116.0,116.0,114.5,115.0,83.62525939941406,27151000
2013-05-10,115.0,115.0,113.5,114.5,83.26168823242188,27413000
2013-05-13,115.0,115.5,114.0,114.5,83.26168823242188,18197000
2013-05-14,115.5,116.5,115.0,115.5,83.98884582519531,27714000
2013-05-15,115.0,116.0,113.5,115.0,83.62525939941406,25970000
2013-05-16,115.0,116.0,113.0,113.5,82.53450775146484,44164000
2013-05-17,112.0,113.5,111.5,113.5,82.53450775146484,19214000
2013-05-20,112.5,114.0,112.5,114.0,82.89808654785156,14472000
2013-05-21,113.0,113.5,112.0,112.5,81.80732727050781,17184000
2013-05-22,112.5,113.5,111.0,112.0,81.44371795654297,31200000
2013-05-23,110.5,111.5,108.0,108.0,78.5350341796875,46370000
2013-05-24,109.5,110.5,108.5,109.5,79.62579345703125,26614000
2013-05-27,109.5,112.0,109.5,112.0,81.44371795654297,19085000
2013-05-28,112.0,112.5,109.5,109.5,79.62579345703125,21209000
2013-05-29,110.5,112.0,110.5,111.0,80.71654510498047,16736000
2013-05-30,111.0,111.5,109.5,110.0,79.9893798828125,36088000
2013-05-31,111.5,111.5,109.0,109.5,79.62579345703125,37162000
2013-06-03,108.0,108.5,106.5,107.5,78.17144012451172,35739000
2013-06-04,109.0,110.0,107.5,109.0,79.26219940185547,27446000
2013-06-05,109.5,110.5,108.5,109.5,79.62579345703125,23334000
2013-06-06,108.5,109.5,107.0,107.5,78.17144012451172,31641000
2013-06-07,108.0,109.5,108.0,108.5,78.89861297607422,32987000
2013-06-10,110.0,110.0,108.0,108.5,78.89861297607422,21045000
2013-06-11,110.0,110.0,108.0,108.0,78.5350341796875,34785000
2013-06-13,106.0,107.0,104.0,104.5,75.98992156982422,60275000
2013-06-14,105.0,106.0,104.5,106.0,77.08067321777344,41147000
2013-06-17,105.5,106.0,105.0,106.0,77.08067321777344,22921000
2013-06-18,105.0,106.5,104.5,106.5,77.44425964355469,29969000
2013-06-19,106.0,106.5,105.0,105.5,76.71709442138672,21991000
2013-06-20,105.0,105.5,103.5,104.0,75.62633514404297,29951000
2013-06-21,102.0,103.5,101.5,103.5,75.26274108886719,38787000
2013-06-24,102.5,102.5,100.0,101.0,73.4448013305664,53521000
2013-06-25,101.0,103.0,101.0,101.0,73.4448013305664,32319000
2013-06-26,103.0,104.0,101.5,101.5,73.80840301513672,54819000
2013-06-27,103.0,105.0,103.0,104.5,75.98992156982422,45541000
2013-06-28,106.0,111.0,105.0,111.0,80.71654510498047,74198000
2013-07-01,109.0,109.5,108.0,108.0,78.5350341796875,51539000
2013-07-02,109.0,110.0,108.5,110.0,79.9893798828125,44320000
2013-07-03,107.0,107.0,105.5,107.0,79.98905181884766,44593000
2013-07-04,106.5,107.0,106.0,107.0,79.98905181884766,24252000
2013-07-05,107.5,109.5,107.0,109.0,81.48419189453125,28230000
2013-07-08,107.0,108.0,104.5,105.0,78.49393463134766,32729000
2013-07-09,104.5,106.5,103.5,106.0,79.2414779663086,34261000
2013-07-10,104.5,107.0,104.5,106.0,79.2414779663086,22045000
2013-07-11,107.5,109.5,107.5,109.5,81.85795593261719,55975000
2013-07-12,109.5,110.0,108.5,110.0,82.23171997070312,31046000
2013-07-15,108.5,109.5,108.0,109.5,81.85795593261719,33099000
2013-07-16,108.5,109.0,107.0,108.0,80.73661804199219,35863000
2013-07-17,108.0,109.0,107.0,109.0,81.48419189453125,36386000
2013-07-18,107.5,108.0,105.5,105.5,78.86770629882812,43963000
2013-07-19,99.4000015258789,99.69999694824219,98.19999694824219,98.19999694824219,73.41049194335938,117410000
2013-07-22,98.0,98.4000015258789,96.9000015258789,97.0,72.513427734375,86924000
2013-07-23,98.5,101.5,98.5,100.0,74.75611877441406,85529000
2013-07-24,100.5,103.0,100.0,102.0,76.25125122070312,58261000
2013-07-25,102.0,103.5,101.0,102.5,76.6250228881836,36398000
2013-07-26,103.0,103.0,101.0,102.5,76.6250228881836,31781000
2013-07-29,100.0,101.5,100.0,100.0,74.75611877441406,38265000
2013-07-30,100.5,102.5,100.5,102.0,76.25125122070312,33818000
2013-07-31,101.5,103.0,101.0,102.5,76.6250228881836,36945000
2013-08-01,102.0,102.0,100.0,100.5,75.12992095947266,27849000
2013-08-02,102.5,103.0,100.0,100.5,75.12992095947266,27947000
2013-08-05,100.0,101.5,99.9000015258789,100.5,75.12992095947266,23349000
2013-08-06,100.5,100.5,98.5999984741211,98.80000305175781,73.85905456542969,42742000
2013-08-07,98.5,98.5,97.0,97.0,72.513427734375,45468000
2013-08-08,96.0,97.0999984741211,95.30000305175781,96.4000015258789,72.06491088867188,55550000
2013-08-09,100.0,100.0,96.4000015258789,96.4000015258789,72.06491088867188,47046000
2013-08-12,96.4000015258789,96.69999694824219,95.5999984741211,96.0,71.76587677001953,33389000
2013-08-13,96.0,97.4000015258789,96.0,97.19999694824219,72.66295623779297,34361000
2013-08-14,96.0,97.30000305175781,95.80000305175781,96.80000305175781,72.3639144897461,41618000
2013-08-15,96.4000015258789,96.4000015258789,95.30000305175781,96.0,71.76587677001953,42647000
2013-08-16,95.4000015258789,97.5,95.19999694824219,96.5,72.13963317871094,37509000
2013-08-19,95.5,96.0999984741211,95.30000305175781,95.5,71.39208984375,49081000
2013-08-20,95.19999694824219,95.4000015258789,94.4000015258789,94.4000015258789,70.56977844238281,41635000
2013-08-22,93.0,94.9000015258789,92.9000015258789,94.5,70.64453887939453,60185000
2013-08-23,95.69999694824219,97.30000305175781,95.5,97.0,72.513427734375,44276000
2013-08-26,97.5999984741211,97.5999984741211,96.0999984741211,96.80000305175781,72.3639144897461,18663000
2013-08-27,96.0,96.80000305175781,95.5999984741211,95.5999984741211,71.46685791015625,22435000
2013-08-28,95.5999984741211,97.30000305175781,95.0999984741211,96.80000305175781,72.3639144897461,34586000
2013-08-29,96.9000015258789,98.9000015258789,96.9000015258789,98.69999694824219,73.78428649902344,36841000
2013-08-30,99.5999984741211,100.5,98.80000305175781,100.5,75.12992095947266,37275000
2013-09-02,100.0,102.0,99.5999984741211,102.0,76.25125122070312,30751000
2013-09-03,103.0,103.0,101.5,102.0,76.25125122070312,31074000
2013-09-04,100.5,101.5,100.0,100.5,75.12992095947266,25183000
2013-09-05,100.5,101.5,100.0,101.5,75.87745666503906,30002000
2013-09-06,102.0,102.0,101.0,102.0,76.25125122070312,24631000
2013-09-09,102.5,103.0,101.0,103.0,76.99879455566406,32515000
2013-09-10,103.0,104.5,102.5,104.5,78.12014770507812,37304000
2013-09-11,103.0,104.5,102.5,104.5,78.12014770507812,40290000
2013-09-12,103.0,104.5,103.0,103.5,77.37261962890625,32814000
2013-09-13,102.5,103.0,102.0,102.5,76.6250228881836,22273000
2013-09-16,104.0,105.5,104.0,105.5,78.86770629882812,40590000
2013-09-17,105.5,105.5,104.5,105.5,78.86770629882812,25402000
2013-09-18,105.0,105.5,103.0,103.0,76.99879455566406,28113000
2013-09-23,103.0,106.0,102.5,105.5,78.86770629882812,51403000
2013-09-24,105.0,105.5,104.0,105.0,78.49393463134766,28633000
2013-09-25,104.5,104.5,103.0,103.0,76.99879455566406,31708000
2013-09-26,103.5,103.5,101.5,101.5,75.87745666503906,23012000
2013-09-27,103.5,103.5,102.0,103.0,76.99879455566406,26146000
2013-09-30,100.5,102.0,100.0,100.5,75.12992095947266,45308000
2013-10-01,100.5,102.5,100.5,101.5,75.87745666503906,22557000
2013-10-02,103.5,103.5,102.0,103.0,76.99879455566406,14186000
2013-10-03,103.5,106.0,103.0,105.0,78.49393463134766,50622000
2013-10-04,104.5,105.0,103.5,104.0,77.74636840820312,19872000
2013-10-07,103.5,104.0,102.0,103.0,76.99879455566406,20847000
2013-10-08,103.5,105.5,103.0,105.0,78.49393463134766,21082000
2013-10-09,104.0,105.5,103.0,105.0,78.49393463134766,22183000
2013-10-11,105.0,107.5,105.0,106.5,79.61526489257812,56367000
2013-10-14,106.5,106.5,105.0,105.0,78.49393463134766,18568000
2013-10-15,106.5,107.0,106.0,107.0,79.98905181884766,21383000
2013-10-16,108.0,108.0,106.0,106.0,79.2414779663086,18482000
2013-10-17,107.5,108.0,107.0,107.0,79.98905181884766,28095000
2013-10-18,108.5,110.0,108.5,110.0,82.23171997070312,58487000
2013-10-21,111.0,111.5,109.5,110.0,82.23171997070312,40443000
2013-10-22,110.0,111.5,109.5,111.5,83.35306549072266,38261000
2013-10-23,111.0,111.5,110.0,111.0,82.97930908203125,21861000
2013-10-24,109.0,110.0,108.5,110.0,82.23171997070312,21193000
2013-10-25,108.5,109.0,106.5,107.0,79.98905181884766,36027000
2013-10-28,108.0,109.5,107.5,109.5,81.85795593261719,21177000
2013-10-29,108.5,109.5,108.0,109.5,81.85795593261719,21491000
2013-10-30,109.0,110.0,109.0,110.0,82.23171997070312,16582000
2013-10-31,108.5,109.5,108.0,109.5,81.85795593261719,22472000
2013-11-01,110.5,110.5,108.5,109.5,81.85795593261719,10837000
2013-11-04,108.0,109.0,108.0,109.0,81.48419189453125,9601000
2013-11-05,108.5,109.0,106.5,106.5,79.61526489257812,20304000
2013-11-06,106.5,107.5,106.5,107.0,79.98905181884766,16437000
2013-11-07,107.0,107.5,106.0,107.0,79.98905181884766,15925000
2013-11-08,105.0,106.5,105.0,106.0,79.2414779663086,30518000
2013-11-11,105.0,106.0,104.5,104.5,78.12014770507812,21451000
2013-11-12,106.0,106.0,104.5,105.0,78.49393463134766,31600000
2013-11-13,105.0,105.0,103.0,103.0,76.99879455566406,26650000
2013-11-14,104.0,104.5,103.5,103.5,77.37261962890625,29904000
2013-11-15,103.5,104.5,103.5,104.0,77.74636840820312,19182000
2013-11-18,104.5,105.0,104.0,104.0,77.74636840820312,25261000
2013-11-19,104.5,105.5,104.0,105.0,78.49393463134766,34470000
2013-11-20,104.0,104.0,102.5,103.0,76.99879455566406,45380000
2013-11-21,102.0,103.0,100.5,101.0,75.50367736816406,56509000
2013-11-22,100.0,101.5,100.0,100.0,74.75611877441406,56921000
2013-11-25,101.0,102.5,101.0,101.0,75.50367736816406,30887000
2013-11-26,102.0,105.0,101.5,103.5,77.37261962890625,44922000
2013-11-27,105.0,105.5,104.5,105.0,78.49393463134766,21779000
2013-11-28,105.0,105.5,104.5,105.0,78.49393463134766,22729000
2013-11-29,104.5,105.0,104.0,105.0,78.49393463134766,34425000
2013-12-02,105.0,105.5,104.0,104.5,78.12014770507812,18860000
2013-12-03,104.0,105.0,103.5,104.0,77.74636840820312,21820000
2013-12-04,103.5,105.5,103.5,105.0,78.49393463134766,23415000
2013-12-05,105.0,105.0,103.5,104.0,77.74636840820312,25185000
2013-12-06,103.0,104.5,103.0,103.0,76.99879455566406,25116000
2013-12-09,104.0,105.0,104.0,105.0,78.49393463134766,23911000
2013-12-10,104.5,105.0,104.0,104.0,77.74636840820312,22217000
2013-12-11,103.5,105.0,103.5,105.0,78.49393463134766,24563000
2013-12-12,104.5,104.5,103.0,103.0,76.99879455566406,18272000
2013-12-13,102.5,103.5,102.5,102.5,76.6250228881836,28244000
2013-12-16,102.5,103.0,102.0,102.0,76.25125122070312,18669000
2013-12-17,103.0,104.5,103.0,103.5,77.37261962890625,26199000
2013-12-18,102.5,103.0,101.0,101.0,75.50367736816406,55359000
2013-12-19,102.0,103.0,101.5,102.5,76.6250228881836,27684000
2013-12-20,101.5,103.5,101.5,102.0,76.25125122070312,37568000
2013-12-23,103.0,104.5,103.0,104.0,77.74636840820312,28261000
2013-12-24,104.0,104.0,103.0,103.0,76.99879455566406,13997000
2013-12-25,102.5,103.5,102.5,103.0,76.99879455566406,9762000
2013-12-26,103.0,104.0,103.0,104.0,77.74636840820312,6738000
2013-12-27,103.5,104.5,103.0,104.5,78.12014770507812,24086000
2013-12-30,104.0,106.0,104.0,106.0,79.2414779663086,44182000
2013-12-31,105.5,106.0,105.0,105.5,78.86770629882812,24400000
2014-01-02,105.0,105.5,103.5,104.5,78.12014770507812,15071000
2014-01-03,103.0,103.0,102.0,102.5,76.6250228881836,38599000
2014-01-06,102.0,103.0,102.0,102.5,76.6250228881836,23706000
2014-01-07,102.5,103.0,102.0,102.0,76.25125122070312,15836000
2014-01-08,103.0,104.5,102.5,104.0,77.74636840820312,30218000
2014-01-09,102.5,103.0,100.5,101.0,75.50367736816406,63998000
2014-01-10,102.0,102.5,101.5,102.0,76.25125122070312,33266000
2014-01-13,103.0,103.5,102.5,103.0,76.99879455566406,19545000
2014-01-14,102.5,103.5,102.0,103.5,77.37261962890625,21639000
2014-01-15,104.0,106.0,104.0,105.0,78.49393463134766,54299000
2014-01-16,106.0,107.5,106.0,107.0,79.98905181884766,49437000
2014-01-17,108.0,108.5,107.0,107.5,80.36282348632812,53446000
2014-01-20,107.0,108.5,107.0,107.5,80.36282348632812,24245000
2014-01-21,108.5,108.5,106.0,106.5,79.61526489257812,24568000
2014-01-22,106.0,107.5,106.0,107.5,80.36282348632812,28698000
2014-01-23,108.5,108.5,107.5,107.5,80.36282348632812,27910000
2014-01-24,107.0,108.5,107.0,108.0,80.73661804199219,33999000
2014-01-27,106.0,106.5,104.0,105.0,78.49393463134766,64827000
2014-02-05,102.0,102.0,100.5,100.5,75.12992095947266,145517000
2014-02-06,101.0,103.0,101.0,102.0,76.25125122070312,71895000
2014-02-07,103.5,104.5,103.0,104.0,77.74636840820312,54104000
2014-02-10,104.0,104.5,103.0,103.0,76.99879455566406,26221000
2014-02-11,104.5,105.0,104.0,104.5,78.12014770507812,21030000
2014-02-12,105.0,105.5,104.5,105.0,78.49393463134766,22692000
2014-02-13,105.0,106.0,105.0,105.0,78.49393463134766,19561000
2014-02-14,106.5,107.5,106.5,107.5,80.36282348632812,42658000
2014-02-17,108.0,108.5,107.5,108.5,81.1103744506836,33403000
2014-02-18,108.5,108.5,107.5,108.0,80.73661804199219,22196000
2014-02-19,108.0,108.0,107.0,108.0,80.73661804199219,26867000
2014-02-20,106.5,107.0,106.0,106.5,79.61526489257812,28429000
2014-02-21,107.0,107.5,107.0,107.5,80.36282348632812,31448000
2014-02-24,107.5,108.0,106.0,107.0,79.98905181884766,32033000
2014-02-25,107.5,108.0,106.5,108.0,80.73661804199219,31499000
2014-02-26,107.5,108.0,107.0,107.5,80.36282348632812,34908000
2014-02-27,107.5,108.0,107.5,108.0,80.73661804199219,48583000
2014-03-03,108.0,108.0,106.5,108.0,80.73661804199219,51435000
2014-03-04,108.0,108.0,107.5,107.5,80.36282348632812,47911000
2014-03-05,108.5,110.0,108.5,110.0,82.23171997070312,54846000
2014-03-06,110.0,113.5,110.0,113.0,84.47441101074219,69737000
2014-03-07,114.0,115.0,113.5,114.5,85.59576416015625,65651000
2014-03-10,114.5,114.5,112.5,113.0,84.47441101074219,37846000
2014-03-11,113.5,114.5,113.5,114.0,85.22197723388672,28415000
2014-03-12,112.5,113.0,112.0,113.0,84.47441101074219,18376000
2014-03-13,116.5,117.5,115.5,116.5,87.09088134765625,56987000
2014-03-14,115.0,115.5,114.0,115.0,85.96952819824219,44655000
2014-03-17,114.5,115.0,113.0,114.0,85.22197723388672,33845000
2014-03-18,114.5,115.0,113.5,114.5,85.59576416015625,37464000
2014-03-19,114.5,115.0,113.5,114.5,85.59576416015625,32171000
2014-03-20,113.0,113.5,112.0,112.0,83.72686004638672,45292000
2014-03-21,114.0,114.0,112.0,112.5,84.10063934326172,60088000
2014-03-24,111.5,112.5,111.5,112.5,84.10063934326172,28463000
2014-03-25,111.5,113.5,111.5,113.5,84.84819793701172,38029000
2014-03-26,115.5,116.0,114.5,115.5,86.34332275390625,43314000
2014-03-27,114.5,116.0,114.0,116.0,86.71710205078125,30745000
2014-03-28,116.0,117.5,115.5,117.5,87.83842468261719,43654000
2014-03-31,118.0,118.5,116.5,118.5,88.58598327636719,46921000
2014-04-01,119.0,119.5,118.5,119.5,89.33356475830078,40015000
2014-04-02,120.5,121.0,119.0,120.0,89.70735168457031,43151000
2014-04-03,118.5,119.0,117.5,118.5,88.58598327636719,36937000
2014-04-07,117.5,118.0,116.5,117.5,87.83842468261719,45015000
2014-04-08,117.0,119.5,117.0,119.0,88.95977783203125,39873000
2014-04-09,119.5,120.0,119.0,119.0,88.95977783203125,28578000
2014-04-10,119.0,119.5,118.5,119.5,89.33356475830078,25612000
2014-04-11,118.5,120.0,118.0,120.0,89.70735168457031,34449000
2014-04-14,120.0,121.0,120.0,120.5,90.08112335205078,30297000
2014-04-15,121.5,122.5,121.0,122.5,91.57626342773438,28525000
2014-04-16,121.5,122.5,121.0,121.0,90.45491790771484,49971000
2014-04-17,120.5,121.5,119.0,120.0,89.70735168457031,35783000
2014-04-18,122.5,123.0,121.0,123.0,91.95001983642578,32741000
2014-04-21,122.0,122.0,121.0,121.5,90.82867431640625,21736000
2014-04-22,121.0,122.5,120.5,121.5,90.82867431640625,22674000
2014-04-23,123.0,123.0,120.5,121.0,90.45491790771484,31054000
2014-04-24,121.0,121.0,120.0,121.0,90.45491790771484,24389000
2014-04-25,121.0,121.0,118.0,118.5,88.58598327636719,49361000
2014-04-28,118.5,120.0,117.5,119.0,88.95977783203125,28017000
2014-04-29,120.5,121.0,119.0,120.5,90.08112335205078,21769000
2014-04-30,120.0,120.5,117.0,118.5,88.58598327636719,43654000
2014-05-02,119.0,119.5,117.0,118.0,88.21221160888672,42629000
2014-05-05,117.5,118.0,116.0,117.0,87.46465301513672,28604000
2014-05-06,117.0,119.0,116.5,118.0,88.21221160888672,27491000
2014-05-07,118.0,119.0,117.5,118.5,88.58598327636719,33234000
2014-05-08,119.5,120.0,119.0,119.5,89.33356475830078,27052000
2014-05-09,120.0,120.0,119.0,120.0,89.70735168457031,22485000
2014-05-12,119.5,120.0,117.5,118.5,88.58598327636719,35472000
2014-05-13,120.0,121.0,119.5,120.5,90.08112335205078,24007000
2014-05-14,121.0,122.0,120.5,122.0,91.20246124267578,32763000
2014-05-15,121.0,122.0,120.5,122.0,91.20246124267578,16779000
2014-05-16,122.0,123.0,121.0,122.0,91.20246124267578,28390000
2014-05-19,122.0,122.5,121.0,121.0,90.45491790771484,18373000
2014-05-20,122.0,122.0,121.0,121.0,90.45491790771484,25192000
2014-05-21,122.0,122.0,120.5,120.5,90.08112335205078,24178000
2014-05-22,121.5,122.0,121.0,122.0,91.20246124267578,26290000
2014-05-23,121.0,122.5,121.0,122.0,91.20246124267578,31726000
2014-05-26,123.0,123.5,122.0,123.0,91.95001983642578,19792000
2014-05-27,122.5,124.0,122.5,123.5,92.32381439208984,18012000
2014-05-28,124.0,124.0,122.5,124.0,92.69760131835938,36670000
2014-05-29,123.5,124.0,121.5,122.0,91.20246124267578,43028000
2014-05-30,122.0,122.5,119.5,119.5,89.33356475830078,69042000
2014-06-03,120.0,122.5,120.0,122.5,91.57626342773438,37556000
2014-06-04,123.5,124.0,123.0,123.5,92.32381439208984,33407000
2014-06-05,123.0,123.5,121.5,123.0,91.95001983642578,19524000
2014-06-06,123.5,123.5,122.0,122.5,91.57626342773438,19230000
2014-06-09,122.5,123.5,122.5,123.0,91.95001983642578,19684000
2014-06-10,123.0,124.5,122.5,124.5,93.07136535644531,25050000
2014-06-11,124.0,125.0,123.5,125.0,93.44515991210938,27770000
2014-06-12,124.0,124.0,123.0,123.5,92.32381439208984,22138000
2014-06-13,123.0,123.5,122.5,123.0,91.95001983642578,17160000
2014-06-16,122.5,124.0,122.5,124.0,92.69760131835938,13550000
2014-06-17,124.0,125.0,123.0,125.0,93.44515991210938,19795000
2014-06-18,125.0,126.5,124.0,125.5,93.81893157958984,37238000
2014-06-19,124.5,126.0,124.5,126.0,94.19268035888672,17873000
2014-06-20,126.5,127.0,124.0,124.5,93.07136535644531,30094000
2014-06-23,125.0,125.5,123.0,123.0,91.95001983642578,25096000
2014-06-24,123.0,123.5,122.0,123.0,91.95001983642578,33225000
2014-06-25,123.0,124.5,123.0,123.5,92.32381439208984,30757000
2014-06-26,124.5,125.0,123.5,124.5,93.07136535644531,30279000
2014-06-27,125.0,126.5,124.0,125.5,93.81893157958984,44396000
2014-06-30,126.0,127.0,125.0,126.5,94.56648254394531,33280000
2014-07-01,126.5,128.5,126.0,128.0,95.68782806396484,32922000
2014-07-02,129.5,132.5,129.0,132.5,99.05186462402344,51457000
2014-07-03,131.5,135.0,130.5,134.5,100.54700469970703,40176000
2014-07-04,133.5,136.0,132.0,135.0,100.9207534790039,44006000
2014-07-07,134.5,136.0,132.5,136.0,101.6683349609375,32123000
2014-07-08,135.5,136.0,134.0,134.5,100.54700469970703,36117000
2014-07-09,133.5,135.0,133.5,134.0,100.1732177734375,39145000
2014-07-10,134.5,136.0,134.5,134.5,100.54700469970703,47098000
2014-07-11,136.0,138.0,135.5,136.5,102.0420913696289,43144000
2014-07-14,134.5,134.5,132.5,132.5,101.27767944335938,46321000
2014-07-15,133.0,134.0,132.5,133.0,101.65985107421875,36989000
2014-07-16,133.0,133.5,130.0,130.5,99.74895477294922,39065000
2014-07-17,125.0,125.5,123.0,124.5,95.16279602050781,136198000
2014-07-18,121.5,124.0,121.5,123.5,94.3984375,95711000
2014-07-21,124.0,124.5,122.5,123.5,94.3984375,56612000
2014-07-22,123.5,125.0,122.5,124.5,95.16279602050781,53220000
2014-07-23,124.5,124.5,124.5,124.5,95.16279602050781,0
2014-07-24,124.5,125.0,124.0,125.0,95.54497528076172,65602000
2014-07-25,124.5,125.0,122.5,123.0,94.0162582397461,31299000
2014-07-28,122.0,122.5,121.0,121.5,92.86971282958984,43425000
2014-07-29,122.5,124.0,122.0,124.0,94.78063201904297,37994000
2014-07-30,123.5,125.0,123.0,124.5,95.16279602050781,32381000
2014-07-31,124.0,124.0,121.0,121.0,92.48754119873047,44748000
2014-08-01,120.0,121.0,119.5,120.0,91.7231674194336,52455000
2014-08-04,120.0,123.5,120.0,123.5,94.3984375,39633000
2014-08-05,122.5,122.5,119.5,119.5,91.34099578857422,61184000
2014-08-06,119.0,121.5,119.0,120.5,92.10536193847656,34561000
2014-08-07,120.5,121.5,119.5,121.5,92.86971282958984,29493000
2014-08-08,120.5,121.0,119.5,120.5,92.10536193847656,35075000
2014-08-11,120.0,121.0,119.5,120.5,92.10536193847656,42890000
2014-08-12,121.0,122.0,120.5,121.5,92.86971282958984,32237000
2014-08-13,121.0,123.5,120.5,122.5,93.63408660888672,39756000
2014-08-14,123.5,124.0,123.0,124.0,94.78063201904297,32907000
2014-08-15,124.5,125.0,123.0,124.0,94.78063201904297,19151000
2014-08-18,124.0,124.0,122.5,123.0,94.0162582397461,14578000
2014-08-19,124.0,125.0,123.5,124.0,94.78063201904297,31575000
2014-08-20,125.0,125.5,124.5,125.5,95.92715454101562,28876000
2014-08-21,126.0,126.0,124.0,124.5,95.16279602050781,22562000
2014-08-22,124.5,126.0,123.5,125.5,95.92715454101562,42715000
2014-08-25,125.5,126.0,125.0,125.0,95.54497528076172,20077000
2014-08-26,125.0,125.5,124.0,124.5,95.16279602050781,28801000
2014-08-27,125.5,126.0,124.5,125.5,95.92715454101562,36779000
2014-08-28,126.0,126.0,124.5,125.0,95.54497528076172,21587000
2014-08-29,124.5,125.0,124.0,124.0,94.78063201904297,28324000
2014-09-01,125.0,128.5,125.0,128.5,98.2202377319336,36304000
2014-09-02,128.0,128.0,125.5,126.0,96.30933380126953,19182000
2014-09-03,127.0,128.0,125.5,128.0,97.83804321289062,24561000
2014-09-04,128.0,128.0,126.0,127.5,97.45585632324219,21641000
2014-09-05,128.5,128.5,125.5,127.0,97.07369232177734,20096000
2014-09-09,127.5,127.5,126.5,127.0,97.07369232177734,22090000
2014-09-10,126.0,126.0,124.0,125.0,95.54497528076172,29294000
2014-09-11,126.0,126.0,125.0,125.0,95.54497528076172,22827000
2014-09-12,124.5,125.0,123.0,123.0,94.0162582397461,19798000
2014-09-15,122.5,123.5,122.0,123.5,94.3984375,19518000
2014-09-16,123.0,123.0,122.0,122.5,93.63408660888672,19187000
2014-09-17,123.5,125.0,123.0,124.5,95.16279602050781,23504000
2014-09-18,124.5,125.0,123.5,125.0,95.54497528076172,14726000
2014-09-19,125.5,126.0,125.0,125.0,95.54497528076172,30603000
2014-09-22,124.0,124.0,122.0,122.0,93.25190734863281,39365000
2014-09-23,123.0,123.5,122.0,122.5,93.63408660888672,15286000
2014-09-24,122.0,124.0,122.0,123.0,94.0162582397461,27613000
2014-09-25,123.0,124.0,121.5,122.0,93.25190734863281,23213000
2014-09-26,121.0,121.5,120.5,121.0,92.48754119873047,23545000
2014-09-29,122.0,122.0,120.0,120.5,92.10536193847656,54783000
2014-09-30,120.0,121.0,119.0,120.0,91.7231674194336,44070000
2014-10-01,120.0,122.0,120.0,121.5,92.86971282958984,42211000
2014-10-02,121.0,122.5,120.5,121.0,92.48754119873047,30761000
2014-10-03,122.5,125.0,122.0,124.5,95.16279602050781,52003000
2014-10-06,125.0,126.0,124.0,126.0,96.30933380126953,37186000
2014-10-07,125.0,125.5,123.5,125.0,95.54497528076172,39986000
2014-10-08,123.5,125.0,122.5,122.5,93.63408660888672,29221000
2014-10-09,124.0,125.0,123.5,125.0,95.54497528076172,35347000
2014-10-13,119.0,121.5,118.0,120.5,92.10536193847656,69183000
2014-10-14,120.0,121.5,119.5,121.0,92.48754119873047,31862000
2014-10-15,121.5,123.0,121.0,121.5,92.86971282958984,43922000
2014-10-16,121.5,124.0,120.0,121.5,92.86971282958984,45527000
2014-10-17,125.0,125.5,123.5,123.5,94.3984375,91597000
2014-10-20,125.0,126.0,124.5,126.0,96.30933380126953,38276000
2014-10-21,126.0,126.0,124.5,125.0,95.54497528076172,25582000
2014-10-22,127.5,129.0,127.5,129.0,98.60242462158203,64167000
2014-10-23,128.0,128.5,127.5,127.5,97.45585632324219,26374000
2014-10-24,127.0,127.5,125.0,125.5,95.92715454101562,42082000
2014-10-27,126.5,128.0,126.5,128.0,97.83804321289062,25119000
2014-10-28,129.0,129.5,127.5,128.0,97.83804321289062,34984000
2014-10-29,129.0,129.5,128.0,129.0,98.60242462158203,34583000
2014-10-30,128.5,129.0,127.0,128.5,98.2202377319336,35688000
2014-10-31,128.0,130.5,127.5,130.5,99.74895477294922,41983000
2014-11-03,132.0,132.5,130.5,131.0,100.13111877441406,44912000
2014-11-04,132.0,132.0,131.0,132.0,100.8954849243164,32171000
2014-11-05,131.5,132.0,131.0,132.0,100.8954849243164,22440000
2014-11-06,132.5,132.5,131.5,132.0,100.8954849243164,28374000
2014-11-07,131.5,131.5,130.5,131.0,100.13111877441406,16709000
2014-11-10,132.5,134.5,132.0,134.5,102.806396484375,42569000
2014-11-11,135.0,135.0,133.0,134.0,102.42422485351562,20451000
2014-11-12,134.5,134.5,131.5,132.0,100.8954849243164,27373000
2014-11-13,133.5,134.5,132.5,134.0,102.42422485351562,24882000
2014-11-14,134.0,135.0,133.5,135.0,103.18856811523438,23655000
2014-11-17,135.0,135.5,132.5,133.0,101.65985107421875,23562000
2014-11-18,134.0,134.5,131.0,131.5,100.5133056640625,42688000
2014-11-19,133.0,136.5,132.5,136.0,103.95294189453125,70920000
2014-11-20,137.5,139.0,137.0,139.0,106.24600219726562,44092000
2014-11-21,139.5,139.5,137.5,138.5,105.86383056640625,30388000
2014-11-24,140.0,140.5,138.0,138.5,105.86383056640625,33292000
2014-11-25,138.5,140.0,138.5,139.0,106.24600219726562,42648000
2014-11-26,138.5,139.0,138.0,139.0,106.24600219726562,23137000
2014-11-27,140.0,142.0,140.0,140.0,107.01038360595703,26123000
2014-11-28,139.0,141.5,139.0,141.5,108.15692138671875,35681000
2014-12-01,139.0,142.0,138.5,140.0,107.01038360595703,41250000
2014-12-02,139.5,139.5,137.5,137.5,105.09950256347656,45913000
2014-12-03,137.5,139.0,136.5,138.0,105.48164367675781,38940000
2014-12-04,139.0,140.0,138.5,139.0,106.24600219726562,28226000
2014-12-05,138.5,139.5,137.0,137.5,105.09950256347656,27050000
2014-12-08,138.0,138.5,137.0,138.0,105.48164367675781,19595000
2014-12-09,138.0,139.0,137.5,138.0,105.48164367675781,31770000
2014-12-10,138.0,139.0,136.0,136.0,103.95294189453125,39726000
2014-12-11,135.0,136.0,134.5,134.5,102.806396484375,32283000
2014-12-12,135.0,136.0,134.5,135.0,103.18856811523438,31433000
2014-12-15,134.5,136.5,134.5,136.0,103.95294189453125,44381000
2014-12-16,134.5,135.5,133.0,133.0,101.65985107421875,41199000
2014-12-17,133.0,133.0,130.0,130.5,99.74895477294922,70497000
2014-12-18,132.0,133.0,131.0,131.5,100.5133056640625,50410000
2014-12-19,134.5,138.0,134.0,138.0,105.48164367675781,44362000
2014-12-22,137.5,140.0,137.0,138.5,105.86383056640625,34577000
2014-12-23,139.0,140.0,137.0,137.5,105.09950256347656,19122000
2014-12-24,136.0,138.0,136.0,138.0,105.48164367675781,16679000
2014-12-25,137.0,138.0,137.0,137.5,105.09950256347656,7358000
2014-12-26,138.0,139.0,137.0,139.0,106.24600219726562,13112000
2014-12-29,138.0,141.0,138.0,141.0,107.77473449707031,34993000
2014-12-30,141.0,141.5,139.0,140.0,107.01038360595703,21789000
2014-12-31,139.0,141.0,139.0,141.0,107.77473449707031,18306000
2015-01-05,140.5,140.5,137.5,139.5,106.62818908691406,32046000
2015-01-06,137.5,137.5,133.0,133.5,102.04200744628906,66778000
2015-01-07,133.5,135.0,133.5,134.0,102.42422485351562,43703000
2015-01-08,136.5,138.0,136.0,138.0,105.48164367675781,42491000
2015-01-09,135.0,135.5,133.0,134.0,102.42422485351562,61558000
2015-01-12,132.5,133.5,132.0,132.0,100.8954849243164,30338000
2015-01-13,131.0,133.0,130.5,132.5,101.27767944335938,37818000
2015-01-14,132.5,133.0,130.0,130.0,99.36678314208984,48740000
2015-01-15,131.5,133.0,131.5,131.5,100.5133056640625,40607000
2015-01-16,140.0,140.0,136.0,137.0,104.71729278564453,124042000
2015-01-19,138.5,139.5,137.5,139.0,106.24600219726562,49986000
2015-01-20,139.0,139.0,137.5,138.0,105.48164367675781,32739000
2015-01-21,139.5,141.0,139.5,141.0,107.77473449707031,70464000
2015-01-22,141.5,142.0,139.5,140.0,107.01038360595703,43846000
2015-01-23,142.5,145.0,142.5,145.0,110.83218383789062,82089000
2015-01-26,145.5,145.5,143.5,145.0,110.83218383789062,46716000
2015-01-27,145.5,147.0,144.5,147.0,112.36087799072266,52805000
2015-01-28,146.5,147.0,145.5,146.5,111.97871398925781,45898000
2015-01-29,144.0,145.0,143.0,143.5,109.68563079833984,34459000
2015-01-30,145.0,145.5,141.0,141.0,107.77473449707031,43666000
2015-02-02,140.5,143.0,140.5,142.5,108.9212646484375,29181000
2015-02-03,143.0,144.5,142.0,144.5,110.44998168945312,27160000
2015-02-04,144.5,146.5,144.0,146.0,111.59650421142578,40416000
2015-02-05,145.5,146.0,143.5,145.5,111.21434020996094,23363000
2015-02-06,145.5,145.5,143.0,143.0,109.30345153808594,27301000
2015-02-09,143.0,143.5,141.5,142.0,108.53912353515625,26315000
2015-02-10,142.0,143.0,141.5,142.5,108.9212646484375,33294000
2015-02-11,146.0,149.0,146.0,148.0,113.1252670288086,71259000
2015-02-12,149.5,149.5,147.5,148.5,113.50743103027344,33577000
2015-02-13,148.5,150.0,148.0,148.5,113.50743103027344,37815000
2015-02-24,149.0,152.0,148.5,151.0,115.41834259033203,72531000
2015-02-25,152.5,154.5,152.5,154.5,118.09362030029297,48183000
2015-02-26,153.5,154.0,150.5,150.5,115.03614807128906,55574000
2015-03-02,151.5,153.0,148.5,149.0,113.88961029052734,41388000
2015-03-03,150.0,151.0,148.5,150.5,115.03614807128906,29134000
2015-03-04,150.0,151.5,149.0,150.5,115.03614807128906,32627000
2015-03-05,150.0,151.0,148.5,150.0,114.6539535522461,28872000
2015-03-06,149.0,149.5,148.5,149.0,113.88961029052734,31316000
2015-03-09,147.5,147.5,145.0,145.5,111.21434020996094,67163000
2015-03-10,145.0,145.0,144.0,144.0,110.06781768798828,46809000
2015-03-11,143.5,148.0,143.0,146.0,111.59650421142578,51795000
2015-03-12,147.0,148.5,146.5,148.0,113.1252670288086,32183000
2015-03-13,148.0,149.5,147.0,149.0,113.88961029052734,45451000
2015-03-16,149.0,149.5,146.0,146.0,111.59650421142578,36912000
2015-03-17,148.5,150.0,148.5,149.0,113.88961029052734,55718000
2015-03-18,151.0,154.0,150.0,153.5,117.32920837402344,70808000
2015-03-19,152.5,155.0,152.5,154.0,117.71141052246094,43070000
2015-03-20,151.5,154.0,151.5,154.0,117.71141052246094,37536000
2015-03-23,154.0,154.0,152.5,153.5,117.32920837402344,26285000
2015-03-24,153.5,153.5,151.5,151.5,115.800537109375,36086000
2015-03-25,152.0,152.5,150.5,151.0,115.41834259033203,44424000
2015-03-26,145.5,147.0,144.5,145.5,111.21434020996094,157081000
2015-03-27,144.0,145.5,142.5,142.5,108.9212646484375,106610000
2015-03-30,142.5,144.0,142.0,142.5,108.9212646484375,59832000
2015-03-31,144.0,145.5,143.0,145.5,111.21434020996094,56539000
2015-04-01,145.0,145.0,143.5,144.0,110.06781768798828,38697000
2015-04-02,145.0,148.0,144.5,147.0,112.36087799072266,49213000
2015-04-07,146.5,147.5,145.0,146.0,111.59650421142578,33362000
2015-04-08,145.5,146.0,143.0,143.0,109.30345153808594,47500000
2015-04-09,144.0,145.5,143.0,143.0,109.30345153808594,46493000
2015-04-10,146.0,147.0,145.0,147.0,112.36087799072266,33819000
2015-04-13,146.5,147.5,146.0,147.0,112.36087799072266,23821000
2015-04-14,145.0,145.5,143.5,144.0,110.06781768798828,41528000
2015-04-15,143.5,144.5,141.5,143.0,109.30345153808594,71481000
2015-04-16,145.0,147.0,144.5,147.0,112.36087799072266,54354000
2015-04-17,143.0,144.0,142.5,142.5,108.9212646484375,76708000
2015-04-20,142.0,144.0,141.5,143.0,109.30345153808594,34341000
2015-04-21,142.0,143.5,141.5,142.5,108.9212646484375,36209000
2015-04-22,143.5,145.0,143.0,143.5,109.68563079833984,40606000
2015-04-23,145.5,147.0,145.0,147.0,112.36087799072266,46931000
2015-04-24,149.0,152.5,148.5,152.5,116.56488800048828,122689000
2015-04-27,153.0,153.0,150.0,151.5,115.800537109375,57529000
2015-04-28,153.5,153.5,150.5,151.5,115.800537109375,43177000
2015-04-29,150.0,151.0,148.0,148.5,113.50743103027344,37363000
2015-04-30,147.0,148.5,146.5,147.0,112.36087799072266,48913000
2015-05-04,148.5,148.5,146.0,147.5,112.74307250976562,30811000
2015-05-05,147.5,148.0,146.0,147.0,112.36087799072266,27559000
2015-05-06,145.5,148.0,145.5,147.5,112.74307250976562,18784000
2015-05-07,146.0,147.5,146.0,146.5,111.97871398925781,21826000
2015-05-08,146.0,147.5,146.0,146.5,111.97871398925781,19987000
2015-05-11,149.0,149.0,147.0,148.5,113.50743103027344,20326000
2015-05-12,147.0,148.5,147.0,147.5,112.74307250976562,20509000
2015-05-13,147.5,149.0,147.0,148.0,113.1252670288086,18844000
2015-05-14,148.0,148.5,146.0,146.0,111.59650421142578,38700000
2015-05-15,147.0,147.0,145.0,146.5,111.97871398925781,24295000
2015-05-18,147.0,147.0,145.0,146.5,111.97871398925781,22879000
2015-05-19,145.5,147.5,145.0,146.5,111.97871398925781,26257000
2015-05-20,146.5,147.0,146.0,146.5,111.97871398925781,26920000
2015-05-21,146.0,146.5,144.5,145.5,111.21434020996094,40819000
2015-05-22,146.0,147.0,145.0,145.5,111.21434020996094,22074000
2015-05-25,146.5,147.5,145.5,147.5,112.74307250976562,16253000
2015-05-26,148.5,148.5,146.5,146.5,111.97871398925781,15545000
2015-05-27,145.5,147.0,145.0,145.0,110.83218383789062,23825000
2015-05-28,147.0,147.5,146.0,147.0,112.36087799072266,35891000
2015-05-29,147.0,147.5,145.5,146.0,111.59650421142578,56616000
2015-06-01,145.5,146.0,144.0,145.0,110.83218383789062,31570000
2015-06-02,144.5,144.5,143.5,144.0,110.06781768798828,33317000
2015-06-03,143.5,144.5,143.0,143.0,109.30345153808594,29870000
2015-06-04,142.0,142.5,140.0,141.0,107.77473449707031,58172000
2015-06-05,139.5,140.5,139.0,140.0,107.01038360595703,42648000
2015-06-08,139.5,140.0,138.5,138.5,105.86383056640625,45469000
2015-06-09,138.5,140.0,138.0,139.0,106.24600219726562,31575000
2015-06-10,141.0,141.5,139.5,139.5,106.62818908691406,37077000
2015-06-11,141.0,144.0,141.0,143.5,109.68563079833984,44613000
2015-06-12,144.0,144.5,142.5,144.5,110.44998168945312,31448000
2015-06-15,144.5,144.5,142.5,143.0,109.30345153808594,23608000
2015-06-16,143.0,143.0,141.0,142.0,108.53912353515625,27272000
2015-06-17,143.0,143.5,142.0,142.5,108.9212646484375,31326000
2015-06-18,142.0,143.0,142.0,142.0,108.53912353515625,28591000
2015-06-22,142.0,143.5,142.0,142.0,108.53912353515625,28278000
2015-06-23,143.0,145.0,142.5,144.5,110.44998168945312,37230000
2015-06-24,144.5,145.0,143.5,145.0,110.83218383789062,18555000
2015-06-25,145.0,147.0,145.0,146.5,111.97871398925781,43496000
2015-06-26,147.0,147.5,145.5,146.0,111.59650421142578,33561000
2015-06-29,140.5,141.0,138.5,138.5,109.23043823242188,53014000
2015-06-30,139.0,140.5,138.5,140.5,110.80777740478516,45261000
2015-07-01,140.0,142.5,139.0,141.0,111.2021255493164,32546000
2015-07-02,140.5,142.0,140.5,141.5,111.5964126586914,23908000
2015-07-03,141.5,142.5,140.0,142.5,112.38508605957031,16093000
2015-07-06,141.0,141.5,140.5,140.5,110.80777740478516,20617000
2015-07-07,141.0,142.0,140.5,140.5,110.80777740478516,26349000
2015-07-08,140.5,141.0,138.0,138.0,108.83610534667969,51986000
2015-07-09,134.0,138.0,134.0,136.5,107.65309143066406,53233000
2015-07-10,136.5,136.5,136.5,136.5,107.65309143066406,0
2015-07-13,137.0,139.5,137.0,138.5,109.23043823242188,34518000
2015-07-14,139.5,140.5,138.0,138.5,109.23043823242188,27536000
2015-07-15,139.0,139.5,138.0,138.5,109.23043823242188,23295000
2015-07-16,140.0,140.0,135.5,136.5,107.65309143066406,36999000
2015-07-17,138.0,140.0,138.0,140.0,110.41344451904297,55781000
2015-07-20,141.5,142.0,138.5,139.0,109.624755859375,27655000
2015-07-21,141.0,141.5,139.5,140.5,110.80777740478516,19431000
2015-07-22,139.0,139.5,138.0,139.0,109.624755859375,24620000
2015-07-23,137.0,137.5,136.0,136.0,107.25878143310547,36389000
2015-07-24,138.0,138.0,136.0,137.0,108.04741668701172,38194000
2015-07-27,135.0,135.5,134.0,134.0,105.68143463134766,43371000
2015-07-28,135.0,136.5,134.0,134.0,105.68143463134766,34219000
2015-07-29,135.0,136.0,134.5,135.5,106.86443328857422,29871000
2015-07-30,136.0,139.0,136.0,138.5,109.23043823242188,36097000
2015-07-31,140.5,140.5,137.5,139.5,110.0191421508789,39992000
2015-08-03,138.5,138.5,134.5,134.5,106.07577514648438,33631000
2015-08-04,135.0,136.5,134.5,136.5,107.65309143066406,26546000
2015-08-05,135.5,135.5,134.0,134.0,105.68143463134766,28491000
2015-08-06,136.0,136.0,132.0,134.0,105.68143463134766,38414000
2015-08-07,133.0,133.5,131.5,133.0,104.89277648925781,30554000
2015-08-10,131.0,131.0,125.5,129.0,101.73810577392578,63646000
2015-08-11,133.5,133.5,130.5,130.5,102.92109680175781,64344000
2015-08-12,129.5,130.0,127.5,128.5,101.34375,41642000
2015-08-13,129.0,130.0,127.5,128.0,100.94941711425781,35943000
2015-08-14,128.0,128.5,125.0,126.0,99.37208557128906,39413000
2015-08-17,125.5,125.5,123.0,124.0,97.79474639892578,37847000
2015-08-18,125.0,126.5,125.0,126.0,99.37208557128906,40722000
2015-08-19,127.5,127.5,124.0,125.0,98.58341979980469,41301000
2015-08-20,124.5,126.0,123.5,126.0,99.37208557128906,38012000
2015-08-21,123.0,124.5,121.0,121.0,95.42877197265625,59694000
2015-08-24,120.0,121.0,112.5,115.0,90.69674682617188,116158000
2015-08-25,118.0,124.0,117.5,123.5,97.40042114257812,94960000
2015-08-26,121.0,124.5,119.5,122.5,96.61175537109375,64879000
2015-08-27,125.0,125.0,122.0,124.0,97.79474639892578,53388000
2015-08-28,127.0,127.0,124.5,125.0,98.58341979980469,41466000
2015-08-31,126.0,129.0,123.5,129.0,101.73810577392578,56941000
2015-09-01,127.5,127.5,124.0,124.0,97.79474639892578,42340000
2015-09-02,123.0,127.0,123.0,125.5,98.97775268554688,36973000
2015-09-03,127.5,127.5,125.0,127.0,100.1607437133789,24004000
2015-09-04,126.5,127.0,123.5,125.0,98.58341979980469,22006000
2015-09-07,124.5,126.0,122.0,122.5,96.61175537109375,25891000
2015-09-08,122.5,123.5,122.0,123.0,97.00608825683594,15090000
2015-09-09,126.5,129.0,126.5,129.0,101.73810577392578,53588000
2015-09-10,127.0,128.0,125.0,125.0,98.58341979980469,32912000
2015-09-11,125.5,127.5,124.0,127.5,100.55508422851562,20525000
2015-09-14,128.0,129.0,126.0,127.5,100.55508422851562,25508000
2015-09-15,127.5,128.0,125.5,126.0,99.37208557128906,21658000
2015-09-16,128.0,130.0,127.5,129.5,102.13240814208984,39923000
2015-09-17,130.5,131.5,130.0,131.0,103.31541442871094,49472000
2015-09-18,129.5,131.5,129.0,131.5,103.70975494384766,31937000
2015-09-21,130.0,130.0,128.5,129.5,102.13240814208984,29930000
2015-09-22,130.0,130.0,128.5,129.0,101.73810577392578,17636000
2015-09-23,127.0,127.5,124.5,124.5,98.1890869140625,32905000
2015-09-24,127.0,128.0,125.5,127.0,100.1607437133789,43432000
2015-09-25,127.0,127.5,125.0,127.0,100.1607437133789,24630000
2015-09-29,127.0,127.0,127.0,127.0,100.1607437133789,0
2015-09-30,128.0,131.0,127.0,130.0,102.52676391601562,67112000
2015-10-01,131.0,134.0,129.5,133.5,105.28706359863281,49600000
2015-10-02,132.5,132.5,131.5,132.0,104.10409545898438,25216000
2015-10-05,133.0,133.5,131.5,132.5,104.4984359741211,30276000
2015-10-06,135.0,135.5,132.5,133.0,104.89277648925781,48613000
2015-10-07,133.5,135.0,133.0,135.0,106.4700927734375,31784000
2015-10-08,137.0,137.0,135.0,136.0,107.25878143310547,31144000
2015-10-12,137.0,139.0,136.5,138.5,109.23043823242188,46971000
2015-10-13,138.5,138.5,136.0,137.5,108.4417724609375,36108000
2015-10-14,136.5,137.5,136.0,136.5,107.65309143066406,18007000
2015-10-15,139.0,141.0,139.0,140.0,110.41344451904297,57142000
2015-10-16,137.0,137.5,136.0,137.5,108.4417724609375,36196000
2015-10-19,138.5,139.0,137.0,138.0,108.83610534667969,26150000
2015-10-20,139.0,139.0,137.5,139.0,109.624755859375,27462000
2015-10-21,139.5,140.0,137.5,138.5,109.23043823242188,17976000
2015-10-22,138.0,138.5,137.0,137.5,108.4417724609375,15149000
2015-10-23,140.0,140.5,139.0,140.0,110.41344451904297,35644000
2015-10-26,140.5,140.5,139.0,140.0,110.41344451904297,24382000
2015-10-27,138.5,140.0,137.5,139.0,109.624755859375,26012000
2015-10-28,137.0,139.0,137.0,138.0,108.83610534667969,22522000
2015-10-29,139.0,139.5,136.5,136.5,107.65309143066406,20428000
2015-10-30,137.0,137.5,136.0,136.5,107.65309143066406,27844000
2015-11-02,138.5,138.5,135.5,137.5,108.4417724609375,21663000
2015-11-03,138.5,140.0,138.0,139.5,110.0191421508789,33082000
2015-11-04,141.5,144.5,141.0,144.5,113.96241760253906,75144000
2015-11-05,144.0,144.5,142.5,142.5,112.38508605957031,35773000
2015-11-06,144.0,144.0,139.0,140.0,110.41344451904297,45683000
2015-11-09,141.0,143.0,140.5,142.0,111.99077606201172,24833000
2015-11-10,141.5,141.5,139.0,139.5,110.0191421508789,23307000
2015-11-11,140.5,140.5,136.5,137.5,108.4417724609375,29412000
2015-11-12,138.5,139.0,138.0,138.5,109.23043823242188,16474000
2015-11-13,137.5,139.0,136.0,136.0,107.25878143310547,21639000
2015-11-16,134.0,135.5,134.0,135.0,106.4700927734375,32110000
2015-11-17,138.0,140.0,137.5,138.5,109.23043823242188,28188000
2015-11-18,139.5,140.0,136.5,137.0,108.04741668701172,29074000
2015-11-19,138.5,140.5,138.0,140.5,110.80777740478516,27426000
2015-11-20,140.5,141.0,140.0,141.0,111.2021255493164,20271000
2015-11-23,141.0,141.5,140.0,141.0,111.2021255493164,17170000
2015-11-24,140.0,141.5,139.5,139.5,110.0191421508789,21843000
2015-11-25,139.5,141.0,138.5,141.0,111.2021255493164,27099000
2015-11-26,141.0,142.5,140.0,142.5,112.38508605957031,31976000
2015-11-27,143.0,143.0,139.0,139.0,109.624755859375,23135000
2015-11-30,136.5,139.0,136.0,139.0,109.624755859375,108490000
2015-12-01,140.5,142.5,138.5,142.5,112.38508605957031,46117000
2015-12-02,144.0,144.0,142.0,142.5,112.38508605957031,31609000
2015-12-03,141.5,143.0,141.5,142.5,112.38508605957031,18825000
2015-12-04,141.0,142.5,140.5,140.5,110.80777740478516,30869000
2015-12-07,142.0,144.5,142.0,143.5,113.17375946044922,40284000
2015-12-08,143.5,144.0,141.0,142.5,112.38508605957031,32173000
2015-12-09,142.0,142.0,140.5,140.5,110.80777740478516,26751000
2015-12-10,140.5,141.5,139.0,141.0,111.2021255493164,41414000
2015-12-11,141.0,142.0,139.0,139.5,110.0191421508789,29914000
2015-12-14,137.5,139.5,137.5,139.0,109.624755859375,32656000
2015-12-15,139.5,140.5,138.0,138.0,108.83610534667969,23558000
2015-12-16,142.0,144.0,141.0,143.5,113.17375946044922,56401000
2015-12-17,144.5,145.0,143.0,145.0,114.35676574707031,34462000
2015-12-18,143.0,145.0,142.0,142.0,111.99077606201172,36298000
2015-12-21,141.5,142.5,140.5,141.5,111.5964126586914,26847000
2015-12-22,141.0,142.0,140.5,142.0,111.99077606201172,17085000
2015-12-23,141.0,143.0,140.5,141.5,111.5964126586914,18064000
2015-12-24,143.0,143.5,142.0,142.0,111.99077606201172,13471000
2015-12-25,142.0,143.5,142.0,143.0,112.77944946289062,6126000
2015-12-28,143.5,144.0,143.0,143.5,113.17375946044922,10797000
2015-12-29,143.5,144.0,141.5,142.0,111.99077606201172,12801000
2015-12-30,142.5,144.0,142.0,142.5,112.38508605957031,14578000
2015-12-31,142.0,144.0,141.0,143.0,112.77944946289062,18336000
2016-01-04,142.5,143.5,139.0,139.5,110.0191421508789,39169000
2016-01-05,139.0,140.0,137.0,138.0,108.83610534667969,46381000
2016-01-06,138.0,138.0,135.0,135.5,106.86443328857422,53617000
2016-01-07,134.5,135.0,130.5,133.0,104.89277648925781,62539000
2016-01-08,132.0,135.0,132.0,134.0,105.68143463134766,50123000
2016-01-11,133.0,134.5,130.5,133.0,104.89277648925781,48345000
2016-01-12,133.0,134.0,131.5,133.0,104.89277648925781,34688000
2016-01-13,133.5,135.5,133.0,133.5,105.28706359863281,37717000
2016-01-14,130.5,132.0,130.5,131.5,103.70975494384766,39253000
2016-01-15,137.5,138.0,135.5,137.0,108.04741668701172,79464000
2016-01-18,135.0,138.0,134.5,137.0,108.04741668701172,36757000
2016-01-19,137.5,138.0,136.0,138.0,108.83610534667969,23737000
2016-01-20,137.5,137.5,133.5,134.5,106.07577514648438,43839000
2016-01-21,134.0,136.5,134.0,135.0,106.4700927734375,31933000
2016-01-22,136.5,138.5,136.0,138.5,109.23043823242188,33889000
2016-01-25,140.0,140.0,139.0,139.5,110.0191421508789,27184000
2016-01-26,137.5,139.0,137.0,137.5,108.4417724609375,24049000
2016-01-27,139.0,139.5,138.5,139.5,110.0191421508789,24029000
2016-01-28,138.0,140.5,138.0,140.0,110.41344451904297,37867000
2016-01-29,138.5,143.0,138.0,143.0,112.77944946289062,55616000
2016-02-01,144.0,144.0,141.5,144.0,113.56809997558594,40943000
2016-02-02,144.0,144.5,141.5,142.5,112.38508605957031,25380000
2016-02-03,145.0,146.0,144.5,146.0,115.14541625976562,70465000
2016-02-15,142.0,146.5,142.0,145.0,114.35676574707031,72875000
2016-02-16,146.0,148.0,145.5,147.5,116.32846069335938,55006000
2016-02-17,149.0,149.0,147.0,148.0,116.7227783203125,38453000
2016-02-18,150.0,151.0,149.5,151.0,119.08882141113281,61657000
2016-02-19,149.0,151.0,149.0,151.0,119.08882141113281,35668000
2016-02-22,149.5,152.5,149.5,151.0,119.08882141113281,27003000
2016-02-23,150.5,151.0,149.0,149.5,117.90575408935547,22302000
2016-02-24,149.5,150.5,147.0,148.0,116.7227783203125,22026000
2016-02-25,149.0,151.0,148.5,150.5,118.6944580078125,25202000
2016-02-26,151.0,151.5,148.0,149.0,117.51143646240234,37655000
2016-03-01,148.5,152.0,148.5,152.0,119.87744903564453,38629000
2016-03-02,154.0,154.5,153.0,153.0,120.66609954833984,36010000
2016-03-03,154.0,154.5,153.0,154.0,121.45478057861328,28822000
2016-03-04,153.0,153.5,151.5,152.5,120.27177429199219,32794000
2016-03-07,152.5,153.5,151.0,152.0,119.87744903564453,23906000
2016-03-08,151.0,152.0,149.5,152.0,119.87744903564453,35683000
2016-03-09,152.0,153.0,150.5,153.0,120.66609954833984,24004000
2016-03-10,153.0,154.5,151.5,154.5,121.84911346435547,28302000
2016-03-11,154.5,155.0,153.0,155.0,122.24344635009766,29566000
2016-03-14,156.5,157.5,155.5,156.0,123.03208923339844,32751000
2016-03-15,155.0,156.5,153.0,154.5,121.84911346435547,28689000
2016-03-16,155.5,156.0,154.0,156.0,123.03208923339844,30962000
2016-03-17,159.5,160.0,157.5,158.5,125.00377655029297,48193000
2016-03-18,158.5,159.5,158.5,159.5,125.79247283935547,55975000
2016-03-21,160.0,160.0,158.0,160.0,126.18673706054688,26100000
2016-03-22,159.5,159.5,157.0,158.5,125.00377655029297,25809000
2016-03-23,158.5,159.5,158.0,159.5,125.79247283935547,27478000
2016-03-24,158.0,159.0,157.0,158.5,125.00377655029297,24853000
2016-03-25,158.5,159.0,157.0,158.0,124.60943603515625,10175000
2016-03-28,158.0,159.0,157.0,159.0,125.39810180664062,15268000
2016-03-29,158.5,159.5,158.0,159.0,125.39810180664062,18977000
2016-03-30,158.5,162.0,158.5,161.5,127.36976623535156,43616000
2016-03-31,162.0,163.0,159.0,162.0,127.76410675048828,49433000
2016-04-01,161.0,161.0,157.5,158.5,125.00377655029297,31564000
2016-04-06,155.5,156.0,153.5,153.5,121.06046295166016,58134000
2016-04-07,155.0,155.0,152.5,154.5,121.84911346435547,35238000
2016-04-08,154.0,158.0,154.0,157.5,124.21511840820312,41032000
2016-04-11,156.0,159.0,155.5,158.5,125.00377655029297,21758000
2016-04-12,157.5,159.5,157.5,158.5,125.00377655029297,14859000
2016-04-13,160.0,162.0,159.5,161.5,127.36976623535156,39611000
2016-04-14,162.0,162.5,160.0,161.5,127.36976623535156,31338000
2016-04-15,157.0,160.0,156.0,159.5,125.79247283935547,48779000
2016-04-18,158.0,158.5,157.5,158.0,124.60943603515625,20279000
2016-04-19,160.0,161.0,157.0,157.5,124.21511840820312,26577000
2016-04-20,157.5,158.0,154.0,154.0,121.45478057861328,40996000
2016-04-21,156.0,157.0,154.0,157.0,123.8207778930664,29723000
2016-04-22,155.5,158.0,155.0,156.5,123.42643737792969,28990000
2016-04-25,156.5,157.5,156.0,157.5,124.21511840820312,14306000
2016-04-26,156.5,158.5,156.5,158.0,124.60943603515625,18119000
2016-04-27,156.0,157.5,155.5,156.5,123.42643737792969,28845000
2016-04-28,157.5,158.0,153.0,153.0,120.66609954833984,48915000
2016-04-29,151.0,151.0,149.0,150.0,118.30011749267578,66445000
2016-05-03,148.0,148.5,146.5,147.5,116.32846069335938,68550000
2016-05-04,147.0,149.0,146.5,147.0,115.93409729003906,52973000
2016-05-05,147.5,148.5,146.0,147.5,116.32846069335938,38269000
2016-05-06,148.5,148.5,147.0,148.0,116.7227783203125,36510000
2016-05-09,148.5,149.0,146.5,147.5,116.32846069335938,38478000
2016-05-10,147.0,148.0,146.5,147.0,115.93409729003906,29785000
2016-05-11,148.5,149.0,146.5,147.0,115.93409729003906,40057000
2016-05-12,147.0,148.0,146.0,146.0,115.14541625976562,23749000
2016-05-13,145.0,145.5,143.0,144.0,113.56809997558594,60038000
2016-05-16,143.0,145.5,143.0,144.5,113.96241760253906,31133000
2016-05-17,145.5,147.0,145.0,147.0,115.93409729003906,30277000
2016-05-18,146.0,147.0,145.0,147.0,115.93409729003906,31057000
2016-05-19,148.0,148.5,145.5,147.0,115.93409729003906,35132000
2016-05-20,147.5,149.5,147.0,148.5,117.11709594726562,36306000
2016-05-23,150.5,154.5,149.5,154.0,121.45478057861328,50127000
2016-05-24,152.5,153.5,151.0,151.0,119.08882141113281,24470000
2016-05-25,153.5,155.0,152.5,154.5,121.84911346435547,30719000
2016-05-26,154.5,155.0,153.5,155.0,122.24344635009766,17196000
2016-05-27,156.0,156.5,154.5,156.5,123.42643737792969,22992000
2016-05-30,157.0,158.0,155.0,157.0,123.8207778930664,36339000
2016-05-31,156.5,157.5,155.0,156.5,123.42643737792969,69656000
2016-06-01,156.0,159.0,156.0,159.0,125.39810180664062,26926000
2016-06-02,159.0,160.0,158.0,159.0,125.39810180664062,21977000
2016-06-03,159.0,160.5,159.0,160.5,126.58112335205078,31853000
2016-06-06,161.0,162.0,160.0,161.0,126.97544860839844,28757000
2016-06-07,161.5,163.5,161.0,162.0,127.76410675048828,47046000
2016-06-08,164.0,166.0,163.5,165.5,130.52444458007812,45214000
2016-06-13,161.0,162.5,161.0,162.0,127.76410675048828,48750000
2016-06-14,161.0,163.0,161.0,162.0,127.76410675048828,27509000
2016-06-15,162.0,163.0,161.0,163.0,128.5527801513672,29270000
2016-06-16,161.5,162.5,159.5,160.5,126.58112335205078,24408000
2016-06-17,162.5,164.5,162.0,163.0,128.5527801513672,30633000
2016-06-20,164.5,165.0,163.0,163.0,128.5527801513672,24911000
2016-06-21,164.0,165.5,163.5,165.5,130.52444458007812,27970000
2016-06-22,164.5,166.0,163.5,166.0,130.91879272460938,30359000
2016-06-23,165.5,166.0,164.0,164.0,129.34146118164062,22494000
2016-06-24,164.0,164.0,154.5,159.0,125.39810180664062,86547000
2016-06-27,154.5,156.0,154.0,155.5,127.44709777832031,42874000
2016-06-28,155.5,157.5,155.0,157.0,128.67649841308594,1327000
2016-06-29,158.5,160.0,158.0,159.0,130.31570434570312,31514000
2016-06-30,161.0,163.0,159.5,162.5,133.1842498779297,42398000
2016-07-01,164.5,166.0,163.5,166.0,136.05284118652344,36212000
2016-07-04,165.5,166.5,164.5,166.0,136.05284118652344,25724000
2016-07-05,165.0,165.5,164.0,164.0,134.41366577148438,16346000
2016-07-06,163.0,163.0,160.5,161.5,132.36463928222656,34803000
2016-07-07,163.5,165.0,163.0,164.5,134.82342529296875,23769000
2016-07-08,164.5,164.5,164.5,164.5,134.82342529296875,0
2016-07-11,170.0,170.5,168.5,170.0,139.33123779296875,50643000
2016-07-12,171.0,171.5,169.5,171.0,140.1508331298828,41961000
2016-07-13,169.5,170.0,167.0,168.5,138.1018524169922,50653000
2016-07-14,167.0,170.0,167.0,169.0,138.51162719726562,34790000
2016-07-15,168.0,169.5,166.5,169.5,138.9214324951172,41546000
2016-07-18,168.0,170.0,168.0,169.5,138.9214324951172,24749000
2016-07-19,170.5,170.5,169.0,170.5,139.7410125732422,42456000
2016-07-20,170.0,170.5,169.0,170.0,139.33123779296875,38053000
2016-07-21,171.0,172.0,170.0,172.0,140.97042846679688,33130000
2016-07-22,172.0,172.0,170.5,171.0,140.1508331298828,28504000
2016-07-25,172.0,173.0,169.0,171.5,140.56063842773438,27145000
2016-07-26,172.0,173.0,171.5,173.0,141.79002380371094,32685000
2016-07-27,175.0,176.0,174.5,175.0,143.4292449951172,34117000
2016-07-28,175.0,176.5,173.0,176.5,144.6586151123047,31071000
2016-07-29,177.0,177.0,172.5,172.5,141.3802032470703,29795000
2016-08-01,175.0,177.0,174.5,177.0,145.06838989257812,34188000
2016-08-02,177.5,177.5,175.5,176.0,144.2488250732422,15250000
2016-08-03,172.5,174.0,172.0,172.5,141.3802032470703,21627000
2016-08-04,173.0,174.5,172.5,174.5,143.01943969726562,13612000
2016-08-05,175.0,177.5,174.0,177.0,145.06838989257812,25759000
2016-08-08,178.0,178.0,176.5,178.0,145.8879852294922,16200000
2016-08-09,178.5,179.5,177.0,178.5,146.29779052734375,16413000
2016-08-10,179.0,179.5,178.0,179.5,147.11737060546875,19279000
2016-08-11,177.5,178.0,175.5,176.5,144.6586151123047,28180000
2016-08-12,178.5,178.5,177.0,177.5,145.47821044921875,22947000
2016-08-15,178.5,179.0,177.5,179.0,146.70761108398438,12020000
2016-08-16,178.0,179.0,175.0,175.5,143.83901977539062,34260000
2016-08-17,177.0,177.5,176.0,177.0,145.06838989257812,21487000
2016-08-18,176.0,176.5,175.0,176.0,144.2488250732422,27253000
2016-08-19,177.0,177.5,174.0,174.5,143.01943969726562,23470000
2016-08-22,173.0,174.0,171.5,172.5,141.3802032470703,21337000
2016-08-23,174.0,175.0,173.5,175.0,143.4292449951172,20888000
2016-08-24,175.0,175.5,173.5,173.5,142.19984436035156,12092000
2016-08-25,175.0,177.0,174.5,176.5,144.6586151123047,23892000
2016-08-26,175.0,177.0,175.0,177.0,145.06838989257812,15076000
2016-08-29,175.0,177.0,174.0,176.0,144.2488250732422,16975000
2016-08-30,176.0,176.5,174.0,174.0,142.609619140625,19471000
2016-08-31,176.5,177.0,174.5,176.5,144.6586151123047,38524000
2016-09-01,176.0,176.0,173.0,174.0,142.609619140625,22692000
2016-09-02,176.5,176.5,174.0,174.0,142.609619140625,16999000
2016-09-05,176.5,177.5,176.5,177.0,145.06838989257812,22381000
2016-09-06,177.0,179.0,176.5,178.0,145.8879852294922,26024000
2016-09-07,180.5,185.0,180.0,185.0,151.6251678466797,49761000
2016-09-08,182.5,184.5,182.5,183.0,149.9860076904297,30204000
2016-09-09,181.0,181.0,179.5,180.5,147.93699645996094,29793000
2016-09-12,177.5,177.5,174.0,175.5,143.83901977539062,43036000
2016-09-13,176.5,176.5,173.5,175.5,143.83901977539062,36834000
2016-09-14,174.0,176.0,173.5,174.0,142.609619140625,52877000
2016-09-19,179.5,183.0,178.5,183.0,149.9860076904297,57055000
2016-09-20,182.0,183.5,181.5,183.5,150.39581298828125,23641000
2016-09-21,181.0,184.0,180.5,184.0,150.8055419921875,25008000
2016-09-22,185.0,185.5,183.5,185.0,151.6251678466797,20980000
2016-09-23,185.0,187.5,184.5,187.0,153.26437377929688,23213000
2016-09-26,183.5,185.0,183.0,183.5,150.39581298828125,24225000
2016-09-27,183.5,183.5,183.5,183.5,150.39581298828125,0
2016-09-28,183.5,183.5,183.5,183.5,150.39581298828125,0
2016-09-29,185.5,187.5,185.5,187.0,153.26437377929688,54272000
2016-09-30,185.5,186.5,182.5,184.0,150.8055419921875,42592000
2016-10-03,186.0,186.5,184.5,186.0,152.44479370117188,17742000
2016-10-04,185.0,187.0,185.0,187.0,153.26437377929688,16859000
2016-10-05,186.0,186.0,184.5,186.0,152.44479370117188,19148000
2016-10-06,185.0,187.5,185.0,187.5,153.67413330078125,15524000
2016-10-07,188.0,188.0,186.0,188.0,154.0839385986328,15380000
2016-10-11,191.0,191.0,186.0,187.5,153.67413330078125,30294000
2016-10-12,186.5,190.0,186.0,189.5,155.31333923339844,22604000
2016-10-13,190.5,191.0,187.0,188.5,154.4937286376953,37642000
2016-10-14,187.0,189.0,186.5,188.0,154.0839385986328,33248000
2016-10-17,186.5,187.5,185.0,186.5,152.8545379638672,37340000
2016-10-18,186.5,187.0,185.5,187.0,153.26437377929688,38150000
2016-10-19,187.5,189.5,187.5,189.5,155.31333923339844,33272000
2016-10-20,189.5,190.5,189.0,190.5,156.13296508789062,13226000
2016-10-21,191.0,192.0,188.5,188.5,154.4937286376953,21936000
2016-10-24,191.0,191.0,189.5,191.0,156.54273986816406,13459000
2016-10-25,192.0,193.0,191.0,193.0,158.18191528320312,18878000
2016-10-26,190.5,192.5,190.5,191.5,156.95254516601562,21043000
2016-10-27,191.5,191.5,188.5,188.5,154.4937286376953,26231000
2016-10-28,189.5,190.0,188.5,189.5,155.31333923339844,24348000
2016-10-31,189.0,190.5,186.5,188.5,154.4937286376953,25330000
2016-11-01,188.5,189.5,187.5,189.5,155.31333923339844,14290000
2016-11-02,187.5,188.0,186.0,186.0,152.44479370117188,16488000
2016-11-03,185.5,186.5,184.5,184.5,151.2154083251953,25038000
2016-11-04,184.5,186.0,184.0,184.5,151.2154083251953,14860000
2016-11-07,186.5,189.0,186.0,189.0,154.90353393554688,21332000
2016-11-08,190.0,190.0,188.0,188.5,154.4937286376953,15437000
2016-11-09,190.0,190.5,182.0,182.0,149.1663818359375,55541000
2016-11-10,187.0,188.0,185.5,185.5,152.0349884033203,38234000
2016-11-11,181.5,183.0,181.0,181.5,148.756591796875,67603000
2016-11-14,181.0,182.0,180.0,180.5,147.93699645996094,47989000
2016-11-15,179.5,182.0,179.0,180.0,147.52719116210938,33505000
2016-11-16,180.5,183.0,180.0,180.0,147.52719116210938,34833000
2016-11-17,182.0,182.5,180.5,181.5,148.756591796875,22434000
2016-11-18,181.5,181.5,180.0,181.0,148.34678649902344,22474000
2016-11-21,180.5,181.5,180.0,181.0,148.34678649902344,15600000
2016-11-22,182.0,185.0,181.5,184.0,150.8055419921875,27599000
2016-11-23,184.5,186.5,184.0,185.5,152.0349884033203,22128000
2016-11-24,184.0,185.0,183.0,183.0,149.9860076904297,14980000
2016-11-25,182.5,183.5,182.0,182.0,149.1663818359375,10116000
2016-11-28,181.5,184.0,181.5,184.0,150.8055419921875,19096000
2016-11-29,183.5,185.0,182.0,182.0,149.1663818359375,24408000
2016-11-30,181.5,183.0,181.5,183.0,149.9860076904297,39671000
2016-12-01,182.0,183.0,181.5,183.0,149.9860076904297,13908000
2016-12-02,179.0,179.5,178.0,178.0,145.8879852294922,53836000
2016-12-05,178.0,180.0,178.0,179.0,146.70761108398438,29191000
2016-12-06,181.0,183.0,180.5,182.0,149.1663818359375,27309000
2016-12-07,183.0,183.5,181.5,181.5,148.756591796875,14110000
2016-12-08,184.0,185.5,183.0,185.5,152.0349884033203,27257000
2016-12-09,186.0,186.0,184.5,186.0,152.44479370117188,24867000
2016-12-12,186.0,187.0,184.0,185.0,151.6251678466797,18796000
2016-12-13,186.5,186.5,184.5,186.0,152.44479370117188,23591000
2016-12-14,186.5,187.5,185.5,187.5,153.67413330078125,16571000
2016-12-15,185.0,187.5,184.5,187.0,153.26437377929688,22803000
2016-12-16,185.5,187.0,185.0,185.0,151.6251678466797,35985000
2016-12-19,184.0,184.5,182.5,182.5,149.57620239257812,20535000
2016-12-20,181.0,182.5,180.0,182.5,149.57620239257812,24139000
2016-12-21,181.0,182.0,180.0,180.0,147.52719116210938,29690000
2016-12-22,180.0,180.5,179.0,179.0,146.70761108398438,26269000
2016-12-23,179.0,180.0,178.5,178.5,146.29779052734375,22961000
2016-12-26,179.0,180.0,179.0,179.5,147.11737060546875,5675000
2016-12-27,180.0,180.5,179.5,180.0,147.52719116210938,8252000
2016-12-28,181.0,182.0,180.5,182.0,149.1663818359375,21226000
2016-12-29,180.0,181.5,180.0,180.0,147.52719116210938,30200000
2016-12-30,181.0,182.5,180.0,181.5,148.756591796875,36610000
2017-01-03,181.5,183.5,181.0,183.0,149.9860076904297,22630000
2017-01-04,183.0,184.0,181.5,183.0,149.9860076904297,24369000
2017-01-05,182.0,183.5,181.5,183.5,150.39581298828125,20979000
2017-01-06,184.0,184.5,183.5,184.0,150.8055419921875,22443000
2017-01-09,184.0,185.0,183.0,184.0,150.8055419921875,18569000
2017-01-10,184.5,185.5,183.5,184.0,150.8055419921875,20198000
2017-01-11,185.0,185.0,181.5,182.0,149.1663818359375,29107000
2017-01-12,182.5,185.5,182.5,184.5,151.2154083251953,41130000
2017-01-13,180.5,182.5,180.5,181.5,148.756591796875,52352000
2017-01-16,180.0,180.5,179.0,179.5,147.11737060546875,30756000
2017-01-17,180.5,181.0,179.5,181.0,148.34678649902344,13159000
2017-01-18,180.5,181.0,179.5,181.0,148.34678649902344,23693000
2017-01-19,179.5,181.0,179.5,180.5,147.93699645996094,24627000
2017-01-20,181.0,181.5,180.5,181.0,148.34678649902344,23429000
2017-01-23,182.5,185.0,182.5,185.0,151.6251678466797,36992000
2017-01-24,185.0,186.5,184.5,185.5,152.0349884033203,55022000
2017-02-02,188.0,188.5,184.0,184.5,151.2154083251953,94089000
2017-02-03,186.0,186.0,183.5,184.5,151.2154083251953,29518000
2017-02-06,184.5,185.5,184.0,184.5,151.2154083251953,24779000
2017-02-07,183.5,185.0,183.0,184.5,151.2154083251953,23616000
2017-02-08,183.5,184.5,183.0,183.5,150.39581298828125,29168000
2017-02-09,184.0,185.5,183.5,184.0,150.8055419921875,18967000
2017-02-10,184.5,185.5,184.0,185.5,152.0349884033203,34747000
2017-02-13,186.5,188.0,186.5,187.5,153.67413330078125,25124000
2017-02-14,189.0,190.0,187.5,187.5,153.67413330078125,45696000
2017-02-15,187.0,189.5,186.5,189.0,154.90353393554688,39347000
2017-02-16,190.0,190.5,188.0,189.0,154.90353393554688,27018000
2017-02-17,190.0,190.5,189.0,189.5,155.31333923339844,20389000
2017-02-20,190.0,190.5,189.5,190.0,155.7231903076172,13254000
2017-02-21,190.0,190.0,188.5,190.0,155.7231903076172,31159000
2017-02-22,190.5,191.0,188.5,188.5,154.4937286376953,25677000
2017-02-23,188.0,189.5,187.0,188.5,154.4937286376953,35725000
2017-02-24,187.5,190.5,187.5,189.0,154.90353393554688,22766000
2017-03-01,188.5,188.5,186.0,186.0,152.44479370117188,46186000
2017-03-02,188.0,188.5,185.0,186.0,152.44479370117188,39980000
2017-03-03,184.5,185.0,184.0,184.0,150.8055419921875,28197000
2017-03-06,184.0,184.5,183.5,183.5,150.39581298828125,12531000
2017-03-07,184.0,185.5,184.0,185.5,152.0349884033203,18812000
2017-03-08,186.0,188.0,185.5,187.0,153.26437377929688,31791000
2017-03-09,185.5,186.0,184.0,184.5,151.2154083251953,28489000
2017-03-10,184.0,184.5,183.0,183.5,150.39581298828125,20053000
2017-03-13,185.0,186.5,185.0,186.5,152.8545379638672,10487000
2017-03-14,188.0,188.0,186.0,186.0,152.44479370117188,22245000
2017-03-15,185.5,187.0,185.5,186.5,152.8545379638672,14131000
2017-03-16,188.0,190.0,188.0,190.0,155.7231903076172,31507000
2017-03-17,189.5,191.5,189.0,191.5,156.95254516601562,33764000
2017-03-20,191.5,191.5,189.5,191.5,156.95254516601562,16215000
2017-03-21,192.0,195.0,191.5,195.0,159.82110595703125,32246000
2017-03-22,192.5,193.5,191.5,193.5,158.59170532226562,27396000
2017-03-23,192.0,193.5,192.0,193.5,158.59170532226562,18472000
2017-03-24,192.0,193.0,192.0,192.5,157.7721405029297,17541000
2017-03-27,194.5,194.5,192.0,193.0,158.18191528320312,29251000
2017-03-28,195.0,195.0,192.5,194.5,159.4113311767578,38259000
2017-03-29,194.5,194.5,191.0,191.5,156.95254516601562,33374000
2017-03-30,192.5,193.0,190.5,191.5,156.95254516601562,28302000
2017-03-31,191.0,192.0,189.0,189.0,154.90353393554688,33635000
2017-04-05,189.5,193.0,189.5,193.0,158.18191528320312,43748000
2017-04-06,193.0,193.0,191.0,191.5,156.95254516601562,16173000
2017-04-07,192.0,192.0,188.5,191.0,156.54273986816406,18911000
2017-04-10,191.0,191.5,189.5,190.0,155.7231903076172,17024000
2017-04-11,190.0,191.0,189.0,191.0,156.54273986816406,8441000
2017-04-12,190.5,191.5,190.0,191.0,156.54273986816406,17283000
2017-04-13,189.5,192.0,189.5,191.5,156.95254516601562,14771000
2017-04-14,189.5,189.5,188.0,189.0,154.90353393554688,30701000
2017-04-17,189.0,189.0,187.5,187.5,153.67413330078125,17096000
2017-04-18,188.0,189.5,187.5,188.0,154.0839385986328,25063000
2017-04-19,187.5,187.5,186.5,186.5,152.8545379638672,30477000
2017-04-20,186.5,188.0,186.5,187.0,153.26437377929688,21488000
2017-04-21,187.5,190.0,187.5,190.0,155.7231903076172,17373000
2017-04-24,191.0,191.5,188.5,190.0,155.7231903076172,19317000
2017-04-25,190.5,192.0,189.5,192.0,157.36233520507812,31932000
2017-04-26,192.0,192.0,190.5,191.0,156.54273986816406,29909000
2017-04-27,192.0,193.0,190.5,193.0,158.18191528320312,27940000
2017-04-28,193.5,194.5,193.0,194.5,159.4113311767578,34852000
2017-05-02,198.5,199.0,195.5,196.5,161.05052185058594,44119000
2017-05-03,198.0,198.5,197.0,198.0,162.2799072265625,25723000
2017-05-04,198.5,199.0,197.0,198.0,162.2799072265625,22088000
2017-05-05,197.0,198.5,197.0,197.5,161.87013244628906,17036000
2017-05-08,199.0,202.5,199.0,202.5,165.9680938720703,36538000
2017-05-09,205.5,207.0,203.5,203.5,166.78768920898438,48077000
2017-05-10,204.0,206.0,204.0,205.5,168.42689514160156,28312000
2017-05-11,204.5,208.5,204.0,207.5,170.06605529785156,43718000
2017-05-12,205.0,207.0,205.0,206.0,168.836669921875,25009000
2017-05-15,204.0,206.0,204.0,206.0,168.836669921875,25666000
2017-05-16,205.0,205.0,203.5,204.5,167.60726928710938,33224000
2017-05-17,203.0,204.0,203.0,204.0,167.19749450683594,21567000
2017-05-18,202.5,204.0,201.5,203.5,166.78768920898438,22461000
2017-05-19,203.5,204.5,202.5,203.0,166.37786865234375,16492000
2017-05-22,203.5,205.0,203.0,205.0,168.01707458496094,13726000
2017-05-23,205.0,207.0,204.5,205.0,168.01707458496094,19991000
2017-05-24,205.0,206.0,205.0,205.5,168.42689514160156,13380000
2017-05-25,206.0,207.0,205.5,207.0,169.65628051757812,22328000
2017-05-26,205.0,207.0,205.0,207.0,169.65628051757812,32514000
2017-05-31,206.5,207.0,203.0,203.0,166.37786865234375,67475000
2017-06-01,205.0,207.0,204.5,207.0,169.65628051757812,27589000
2017-06-02,208.5,209.0,207.5,209.0,171.2954559326172,22573000
2017-06-05,209.5,212.0,209.0,212.0,173.75421142578125,21457000
2017-06-06,210.5,211.5,210.5,210.5,172.5248260498047,14912000
2017-06-07,212.0,212.5,210.0,211.5,173.34445190429688,29514000
2017-06-08,212.0,213.0,211.5,213.0,174.57386779785156,18437000
2017-06-09,214.5,215.0,212.0,212.0,173.75421142578125,31774000
2017-06-12,207.0,210.0,207.0,207.5,170.06605529785156,58256000
2017-06-13,207.0,208.5,206.5,208.0,170.47589111328125,43566000
2017-06-14,208.5,209.5,206.0,207.0,169.65628051757812,36293000
2017-06-15,207.5,208.0,207.0,208.0,170.47589111328125,17748000
2017-06-16,207.5,212.0,207.0,211.5,173.34445190429688,32816000
2017-06-19,211.0,213.0,210.5,213.0,174.57386779785156,15632000
2017-06-20,215.0,218.0,214.5,216.5,177.44241333007812,28630000
2017-06-21,216.0,217.0,214.5,215.5,176.62286376953125,44789000
2017-06-22,217.0,218.0,216.5,218.0,178.6717987060547,24139000
2017-06-23,218.0,218.5,217.0,217.0,177.85223388671875,39621000
2017-06-26,212.0,215.0,212.0,215.0,182.08677673339844,58686000
2017-06-27,214.0,214.0,211.0,211.5,179.12258911132812,43269000
2017-06-28,209.5,210.0,208.0,208.5,176.5818328857422,48568000
2017-06-29,210.5,210.5,208.5,210.0,177.85220336914062,26019000
2017-06-30,206.5,208.5,206.5,208.5,176.5818328857422,30867000
2017-07-03,207.5,209.0,207.0,209.0,177.0052947998047,19027000
2017-07-04,208.0,208.5,207.0,207.0,175.3114776611328,21132000
2017-07-05,207.0,208.5,206.5,208.5,176.5818328857422,23276000
2017-07-06,208.0,208.5,207.0,207.5,175.73492431640625,15242000
2017-07-07,207.0,207.5,205.5,206.0,174.4645538330078,20655000
2017-07-10,206.5,207.0,206.0,206.0,174.4645538330078,13292000
2017-07-11,208.0,212.0,207.5,212.0,179.5460205078125,33265000
2017-07-12,211.0,212.5,210.5,210.5,178.27565002441406,26426000
2017-07-13,212.0,216.0,211.5,214.5,181.663330078125,50090000
2017-07-14,213.0,214.5,212.0,213.0,180.3929901123047,22335000
2017-07-17,215.0,215.5,211.5,213.0,180.3929901123047,21372000
2017-07-18,213.0,214.0,212.0,214.0,181.23989868164062,18613000
2017-07-19,212.5,215.0,212.5,214.5,181.663330078125,20637000
2017-07-20,215.0,215.5,214.0,215.5,182.51028442382812,20770000
2017-07-21,214.0,215.0,213.5,214.0,181.23989868164062,15032000
2017-07-24,213.5,214.5,213.0,214.5,181.663330078125,19972000
2017-07-25,214.0,214.5,213.5,214.0,181.23989868164062,13344000
2017-07-26,215.0,215.0,212.5,213.0,180.3929901123047,14684000
2017-07-27,213.5,216.0,213.5,215.5,182.51028442382812,23013000
2017-07-28,213.0,214.0,212.5,213.0,180.3929901123047,19724000
2017-07-31,211.5,214.5,211.5,214.5,181.663330078125,19993000
2017-08-01,212.5,214.0,212.0,212.0,179.5460205078125,19704000
2017-08-02,214.0,216.0,214.0,216.0,182.93370056152344,27320000
2017-08-03,213.0,214.0,212.5,213.5,180.81642150878906,25694000
2017-08-04,213.5,214.0,212.5,213.0,180.3929901123047,21831000
2017-08-07,213.5,216.5,213.5,216.0,182.93370056152344,21564000
2017-08-08,217.5,219.0,216.0,217.5,184.20407104492188,25122000
2017-08-09,215.0,215.5,213.5,214.5,181.663330078125,28050000
2017-08-10,215.5,215.5,212.5,214.0,181.23989868164062,26273000
2017-08-11,211.0,213.5,210.5,212.5,179.9695281982422,41417000
2017-08-14,213.5,214.0,210.0,211.0,178.6991424560547,29299000
2017-08-15,213.0,214.5,213.0,214.0,181.23989868164062,13512000
2017-08-16,214.5,214.5,211.0,213.0,180.3929901123047,25176000
2017-08-17,213.5,214.0,213.0,214.0,181.23989868164062,8334000
2017-08-18,212.0,213.0,211.0,212.5,179.9695281982422,13711000
2017-08-21,212.5,213.0,211.5,211.5,179.12258911132812,11882499
2017-08-22,213.5,214.5,213.0,214.5,181.663330078125,14211415
2017-08-23,215.5,216.0,214.0,215.5,182.51028442382812,11589917
2017-08-24,216.0,217.0,215.5,217.0,183.7806396484375,15224842
2017-08-25,217.5,217.5,216.0,217.5,184.20407104492188,10125387
2017-08-28,215.0,216.5,215.0,216.0,182.93370056152344,15236159
2017-08-29,216.0,216.0,215.0,216.0,182.93370056152344,16160161
2017-08-30,216.0,218.0,216.0,217.5,184.20407104492188,19674310
2017-08-31,217.5,218.0,215.5,216.5,183.35716247558594,26434202
2017-09-01,215.0,217.5,215.0,216.5,183.35716247558594,17805405
2017-09-04,216.5,218.0,215.5,217.5,184.20407104492188,15023185
2017-09-05,218.0,218.0,216.5,218.0,184.6275177001953,17357347
2017-09-06,216.5,218.0,216.0,217.0,183.7806396484375,16012662
2017-09-07,218.0,218.5,216.0,217.0,183.7806396484375,19135540
2017-09-08,217.0,218.0,216.5,218.0,184.6275177001953,25512045
2017-09-11,219.0,219.5,216.5,217.0,183.7806396484375,19026886
2017-09-12,219.0,219.5,217.5,219.0,185.4744415283203,21588321
2017-09-13,217.5,219.0,217.5,218.0,184.6275177001953,17555541
2017-09-14,218.5,219.0,217.5,218.5,185.05099487304688,18315567
2017-09-15,218.5,219.0,217.0,218.5,185.05099487304688,44551103
2017-09-18,219.0,220.0,218.0,219.5,185.89788818359375,17654705
2017-09-19,221.5,221.5,220.0,221.5,187.59176635742188,23410233
2017-09-20,221.0,222.0,220.0,221.5,187.59176635742188,20320237
2017-09-21,221.0,223.0,220.0,221.0,187.16827392578125,18645565
2017-09-22,221.5,222.0,218.5,218.5,185.05099487304688,21557370
2017-09-25,217.5,218.5,217.0,217.0,183.7806396484375,16876286
2017-09-26,217.5,218.0,214.0,214.0,181.23989868164062,23070901
2017-09-27,217.5,217.5,215.0,215.0,182.08677673339844,22590510
2017-09-28,215.0,216.0,213.5,214.0,181.23989868164062,31616062
2017-09-29,216.0,217.5,215.5,216.5,183.35716247558594,21380708
2017-10-02,219.5,220.5,218.5,220.5,186.7447967529297,27983551
2017-10-03,219.0,223.0,219.0,222.5,188.43865966796875,36679938
2017-10-05,222.0,225.5,222.0,224.5,190.1324920654297,23349939
2017-10-06,225.0,225.5,223.5,224.5,190.1324920654297,15642516
2017-10-11,226.5,233.5,226.5,233.0,197.3312530517578,63667562
2017-10-12,235.0,237.5,234.5,237.5,201.14239501953125,42390186
2017-10-13,237.5,237.5,234.5,237.5,201.14239501953125,23145071
2017-10-16,237.5,238.0,236.0,238.0,201.5658416748047,19964072
2017-10-17,238.0,238.0,235.0,235.5,199.4485626220703,17652304
2017-10-18,239.5,239.5,237.0,237.5,201.14239501953125,28886850
2017-10-19,239.5,241.5,239.0,239.0,202.4127655029297,23481776
2017-10-20,238.0,239.5,237.5,237.5,201.14239501953125,24722035
2017-10-23,239.0,240.0,238.5,239.0,202.4127655029297,15772559
2017-10-24,240.0,240.0,238.0,238.0,201.5658416748047,14975093
2017-10-25,238.5,239.0,237.5,238.0,201.5658416748047,16880187
2017-10-26,237.0,238.0,236.0,236.0,199.8719940185547,12959717
2017-10-27,237.5,240.0,237.5,239.0,202.4127655029297,17773541
2017-10-30,242.0,245.0,241.5,243.0,205.80043029785156,27784990
2017-10-31,243.5,245.0,241.5,243.0,205.80043029785156,22582013
2017-11-01,243.5,245.0,241.5,242.5,205.376953125,20389054
2017-11-02,242.0,242.5,240.5,241.0,204.1066131591797,15810342
2017-11-03,240.5,241.0,238.5,239.0,202.4127655029297,16528682
2017-11-06,243.5,244.0,239.0,239.5,202.8362274169922,21029415
2017-11-07,242.0,244.0,241.5,244.0,206.6473388671875,20200261
2017-11-08,243.0,243.5,242.0,242.5,205.376953125,14129103
2017-11-09,240.5,243.0,240.0,241.0,204.1066131591797,20313949
2017-11-10,240.0,242.0,239.5,240.5,203.6831512451172,14121296
2017-11-13,240.0,241.5,239.5,239.5,202.8362274169922,12087858
2017-11-14,241.0,241.0,239.0,240.0,203.2596435546875,16880176
2017-11-15,239.0,239.5,236.0,237.5,201.14239501953125,28720308
2017-11-16,238.0,240.0,237.5,238.0,201.5658416748047,16487172
2017-11-17,240.5,242.5,240.5,241.5,204.53004455566406,18676825
2017-11-20,241.0,241.5,238.0,238.5,201.98931884765625,16265271
2017-11-21,240.0,243.0,239.5,243.0,205.80043029785156,20513024
2017-11-22,244.5,244.5,242.0,242.0,204.95352172851562,26626431
2017-11-23,242.0,243.5,241.5,242.5,205.376953125,9346763
2017-11-24,242.0,244.5,241.5,244.0,206.6473388671875,11154453
2017-11-27,240.0,240.0,237.0,237.0,200.71890258789062,32247324
2017-11-28,234.5,235.0,233.0,234.0,198.17816162109375,44803178
2017-11-29,235.0,236.0,234.5,234.5,198.6016082763672,25762797
2017-11-30,226.5,230.5,226.0,226.0,191.40284729003906,109231770
2017-12-01,228.5,233.5,227.5,231.0,195.63748168945312,37446265
2017-12-04,232.5,234.5,231.0,234.0,198.17816162109375,21635032
2017-12-05,231.0,231.0,228.5,229.5,194.36708068847656,29664765
2017-12-06,228.0,229.5,226.5,227.0,192.24978637695312,32371690
2017-12-07,226.5,226.5,222.5,226.5,191.8263397216797,41343903
2017-12-08,231.0,231.0,224.5,227.0,192.24978637695312,37959260
2017-12-11,228.5,229.0,227.0,227.5,192.67323303222656,20649609
2017-12-12,229.5,229.5,225.0,227.5,192.67323303222656,21796584
2017-12-13,227.5,228.0,226.5,227.0,192.24978637695312,17920331
2017-12-14,228.0,230.5,227.5,230.5,195.21397399902344,17193313
2017-12-15,228.5,230.0,226.5,230.0,194.79052734375,42625779
2017-12-18,227.0,228.0,226.5,227.0,192.24978637695312,14564664
2017-12-19,226.5,228.5,224.0,225.0,190.555908203125,25714129
2017-12-20,225.0,225.5,223.5,224.5,190.1324920654297,26289333
2017-12-21,226.5,227.0,224.5,225.0,190.555908203125,18558164
2017-12-22,225.0,227.5,224.0,227.5,192.67323303222656,19036483
2017-12-25,228.0,229.5,226.5,228.5,193.5201416015625,4579675
2017-12-26,229.0,229.0,225.0,226.0,191.40284729003906,13755843
2017-12-27,225.0,226.0,225.0,225.0,190.555908203125,12515245
2017-12-28,226.5,228.0,225.0,226.0,191.40284729003906,24304371
2017-12-29,227.5,230.0,226.5,229.5,194.36708068847656,25007443
2018-01-02,231.5,232.5,231.0,232.5,196.90777587890625,18055269
2018-01-03,236.0,238.0,235.5,237.0,200.71890258789062,29308091
2018-01-04,240.0,240.0,236.5,239.5,202.8362274169922,29096613
2018-01-05,240.0,240.0,238.0,240.0,203.2596435546875,22438255
2018-01-08,242.0,242.5,240.5,242.0,204.95352172851562,20233692
2018-01-09,242.0,242.0,239.5,242.0,204.95352172851562,19043123
2018-01-10,241.5,242.0,236.0,236.5,200.29547119140625,23631220
2018-01-11,235.0,236.0,232.5,235.0,199.02508544921875,30446338
2018-01-12,234.5,238.0,233.5,237.0,200.71890258789062,21513291
2018-01-15,240.0,240.0,238.0,240.0,203.2596435546875,27476533
2018-01-16,240.0,240.5,238.0,240.5,203.6831512451172,21691632
2018-01-17,240.5,243.0,239.0,242.0,204.95352172851562,38046119
2018-01-18,245.0,250.0,245.0,248.5,210.45846557617188,49896952
2018-01-19,253.5,255.5,251.5,255.5,216.3868408203125,50549292
2018-01-22,257.5,262.0,257.0,261.5,221.4683380126953,43400509
2018-01-23,262.5,266.0,262.5,266.0,225.2794647216797,33527444
2018-01-24,263.0,263.0,256.5,258.0,218.50413513183594,41874813
2018-01-25,258.0,264.0,256.5,258.0,218.50413513183594,44643756
2018-01-26,256.5,257.5,253.5,255.0,215.96339416503906,39555523
2018-01-29,259.0,261.5,255.0,258.5,218.92759704589844,30071234
2018-01-30,256.0,257.5,252.5,253.0,214.2695770263672,36860591
2018-01-31,253.0,257.5,252.0,255.0,215.96339416503906,44136808
2018-02-01,257.5,261.0,257.0,259.5,219.77452087402344,30559457
2018-02-02,259.0,260.0,255.0,259.5,219.77452087402344,25707560
2018-02-05,251.0,254.5,250.5,253.0,214.2695770263672,45594379
2018-02-06,242.5,243.5,234.0,239.0,202.4127655029297,102409048
2018-02-07,245.0,245.5,239.5,240.0,203.2596435546875,80063178
2018-02-08,239.5,242.0,238.0,238.5,201.98931884765625,30989550
2018-02-09,230.0,233.0,228.5,232.5,196.90777587890625,65735265
2018-02-12,235.5,237.5,235.0,236.5,200.29547119140625,35635236
2018-02-21,244.5,244.5,242.0,242.5,205.376953125,71504174
2018-02-22,244.0,244.0,239.0,239.5,202.8362274169922,39239993
2018-02-23,241.0,245.0,241.0,245.0,207.49427795410156,26985776
2018-02-26,247.0,247.5,245.0,246.5,208.76463317871094,35901810
2018-02-27,250.5,250.5,246.0,246.0,208.3411865234375,40818119
2018-03-01,244.0,245.0,242.0,243.0,205.80043029785156,39719984
2018-03-02,240.0,241.0,238.5,240.0,203.2596435546875,35139170
2018-03-05,242.5,243.0,240.5,241.5,204.53004455566406,27337846
2018-03-06,245.5,250.0,245.5,250.0,211.7288360595703,34890780
2018-03-07,248.0,248.5,246.0,247.0,209.18804931640625,30391219
2018-03-08,249.5,251.5,249.0,249.5,211.3053741455078,20645694
2018-03-09,250.0,251.0,248.5,250.5,212.1522674560547,19831063
2018-03-12,252.0,255.0,251.5,254.0,215.11647033691406,24492615
2018-03-13,255.5,259.0,255.0,259.0,219.35104370117188,33756883
2018-03-14,256.5,257.5,255.5,257.0,217.65724182128906,23772838
2018-03-15,258.0,258.0,255.0,255.0,215.96339416503906,19396493
2018-03-16,253.0,256.0,249.5,255.0,215.96339416503906,62929326
2018-03-19,252.5,255.5,251.0,255.0,215.96339416503906,21440766
2018-03-20,253.0,254.0,251.5,253.0,214.2695770263672,21840151
2018-03-21,255.0,255.0,251.0,252.5,213.8461151123047,28976737
2018-03-22,254.5,254.5,249.5,251.5,212.99917602539062,27000668
2018-03-23,245.0,247.0,244.0,245.0,207.49427795410156,52498390
2018-03-26,241.5,244.5,241.5,243.5,206.223876953125,36987945
2018-03-27,248.0,251.0,247.0,251.0,212.5757293701172,31008260
2018-03-28,247.5,248.0,244.0,245.0,207.49427795410156,29637411
2018-03-29,243.0,247.0,242.5,244.0,206.6473388671875,36165345
2018-03-30,247.5,249.5,246.0,246.0,208.3411865234375,16996346
2018-04-02,248.5,249.0,245.0,246.5,208.76463317871094,17696003
2018-04-03,243.0,244.5,242.0,244.0,206.6473388671875,35813944
2018-04-09,248.0,248.0,243.5,245.0,207.49427795410156,34694824
2018-04-10,244.5,249.0,243.5,245.5,207.91769409179688,25156994
2018-04-11,246.5,248.5,246.5,248.0,210.03500366210938,21607935
2018-04-12,248.5,248.5,244.0,245.0,207.49427795410156,20409657
2018-04-13,246.0,246.0,244.0,244.5,207.07078552246094,19742548
2018-04-16,243.0,244.0,242.0,243.5,206.223876953125,18350139
2018-04-17,243.0,243.5,237.5,238.0,201.5658416748047,42756389
2018-04-18,239.5,241.5,236.5,238.0,201.5658416748047,42500048
2018-04-19,242.0,244.5,241.0,244.5,207.07078552246094,31901989
2018-04-20,228.0,231.5,228.0,229.0,193.943603515625,128452087
2018-04-23,226.5,227.5,225.0,226.5,191.8263397216797,71009975
2018-04-24,225.0,227.5,225.0,227.0,192.24978637695312,40967892
2018-04-25,225.5,226.0,224.0,225.0,190.555908203125,46771110
2018-04-26,225.0,225.5,221.0,222.0,188.01522827148438,48023557
2018-04-27,225.0,225.5,221.0,223.5,189.2855682373047,34174459
2018-04-30,224.5,228.0,222.5,227.0,192.24978637695312,28500789
2018-05-02,227.0,227.5,222.5,223.0,188.86212158203125,38167942
2018-05-03,221.0,222.5,220.0,220.5,186.7447967529297,31690731
2018-05-04,221.0,224.0,220.5,223.0,188.86212158203125,27208722
2018-05-07,225.0,225.5,221.5,223.5,189.2855682373047,23268759
2018-05-08,224.0,228.5,223.5,228.0,193.09669494628906,40324763
2018-05-09,228.5,232.0,228.5,229.5,194.36708068847656,33778934
2018-05-10,231.0,231.5,229.0,229.5,194.36708068847656,27530377
2018-05-11,232.0,234.0,230.5,233.0,197.3312530517578,30693910
2018-05-14,234.5,234.5,232.5,233.0,197.3312530517578,19921437
2018-05-15,233.5,234.0,229.5,230.5,195.21397399902344,23771769
2018-05-16,229.5,230.5,228.5,230.5,195.21397399902344,14409556
2018-05-17,231.0,231.5,226.5,226.5,191.8263397216797,26852737
2018-05-18,225.5,227.5,223.5,223.5,189.2855682373047,27664541
2018-05-21,225.0,230.0,225.0,229.0,193.943603515625,16127815
2018-05-22,230.0,233.5,229.0,229.0,193.943603515625,22355097
2018-05-23,231.5,231.5,228.5,228.5,193.5201416015625,23062899
2018-05-24,229.5,230.0,228.5,229.0,193.943603515625,12996610
2018-05-25,228.5,229.5,228.0,228.5,193.5201416015625,15971294
2018-05-28,229.5,230.0,226.5,227.0,192.24978637695312,16373270
2018-05-29,226.5,226.5,223.5,225.0,190.555908203125,23764776
2018-05-30,224.0,224.0,220.5,221.0,187.16827392578125,49163788
2018-05-31,221.5,224.0,220.5,224.0,189.70904541015625,96069458
2018-06-01,224.5,226.5,224.0,224.0,189.70904541015625,27617994
2018-06-04,227.5,229.0,227.0,229.0,193.943603515625,25959480
2018-06-05,230.0,230.0,226.5,229.0,193.943603515625,26534884
2018-06-06,229.0,230.0,227.0,230.0,194.79052734375,24767441
2018-06-07,231.0,231.5,228.0,230.0,194.79052734375,24958266
2018-06-08,229.0,229.0,226.0,227.0,192.24978637695312,23548851
2018-06-11,226.5,227.0,225.0,226.0,191.40284729003906,21696933
2018-06-12,225.0,229.0,224.0,229.0,193.943603515625,29501260
2018-06-13,229.0,232.0,228.0,232.0,196.48434448242188,28944970
2018-06-14,230.0,230.0,226.5,226.5,191.8263397216797,33408041
2018-06-15,225.0,231.0,224.0,231.0,195.63748168945312,48059679
2018-06-19,225.5,226.0,224.0,225.0,190.555908203125,56889624
2018-06-20,224.5,227.5,223.5,226.0,191.40284729003906,40708701
2018-06-21,227.5,228.0,226.0,226.5,191.8263397216797,31242557
2018-06-22,224.5,227.5,224.0,227.5,192.67323303222656,43581409
2018-06-25,220.0,220.5,218.0,218.0,191.3565673828125,45025211
2018-06-26,215.5,216.0,212.5,214.5,188.28431701660156,38446346
2018-06-27,216.0,216.0,212.5,213.0,186.96766662597656,39888414
2018-06-28,211.0,214.5,210.0,212.0,186.08985900878906,37940780
2018-06-29,212.0,217.0,212.0,216.5,190.0398712158203,34313680
2018-07-02,218.5,219.0,214.0,214.0,187.84542846679688,32449442
2018-07-03,215.5,218.0,213.5,214.5,188.28431701660156,28323220
2018-07-04,217.0,217.5,215.5,216.0,189.60098266601562,15212295
2018-07-05,214.0,215.0,213.0,214.5,188.28431701660156,18225416
2018-07-06,217.5,217.5,215.0,217.0,190.47879028320312,29033762
2018-07-09,219.5,223.0,218.5,221.5,194.42880249023438,38734793
2018-07-10,223.0,224.0,222.0,222.0,194.86770629882812,20118957
2018-07-11,220.0,220.0,218.0,220.0,193.11215209960938,19854690
2018-07-12,218.0,222.0,218.0,220.5,193.55099487304688,23666051
2018-07-13,222.5,224.5,222.5,224.5,197.06219482421875,29716311
2018-07-16,224.5,225.0,223.5,223.5,196.18438720703125,15819254
2018-07-17,222.5,223.5,221.0,221.5,194.42880249023438,21548436
2018-07-18,223.0,224.0,222.0,223.0,195.74546813964844,39898658
2018-07-19,225.5,227.0,224.5,224.5,197.06219482421875,39661216
2018-07-20,235.0,237.5,233.0,237.5,208.47332763671875,97969023
2018-07-23,239.0,245.0,238.5,241.0,211.54556274414062,52256877
2018-07-24,240.0,241.5,238.5,241.0,211.54556274414062,27239267
2018-07-25,239.0,241.0,239.0,240.5,211.10670471191406,20962512
2018-07-26,241.0,242.5,239.5,241.0,211.54556274414062,30606388
2018-07-27,242.0,244.5,241.0,244.5,214.61778259277344,27129646
2018-07-30,244.5,245.5,244.0,245.5,215.49554443359375,22788730
2018-07-31,243.5,246.0,242.0,246.0,215.93447875976562,27059442
2018-08-01,247.0,248.0,246.5,248.0,217.69004821777344,29136161
2018-08-02,249.0,249.5,243.5,244.5,214.61778259277344,22402110
2018-08-03,246.0,248.0,245.0,247.0,216.812255859375,24719097
2018-08-06,245.0,247.0,244.0,245.5,215.49554443359375,22364568
2018-08-07,245.0,245.5,241.5,241.5,211.98446655273438,23992418
2018-08-08,245.0,247.5,244.5,247.5,217.2511444091797,24382432
2018-08-09,247.0,248.0,246.0,247.0,216.812255859375,15128655
2018-08-10,246.5,247.0,244.5,245.0,215.05667114257812,15890492
2018-08-13,241.5,243.0,239.0,240.5,211.10670471191406,17881194
2018-08-14,245.0,245.0,242.5,243.5,213.739990234375,17358913
2018-08-15,244.5,244.5,239.5,241.5,211.98446655273438,18473321
2018-08-16,238.0,241.5,238.0,239.0,209.7899627685547,19155966
2018-08-17,239.5,241.0,239.0,239.5,210.2288818359375,18324474
2018-08-20,239.5,240.0,238.0,239.5,210.2288818359375,16933437
2018-08-21,239.0,241.0,238.5,241.0,211.54556274414062,12014127
2018-08-22,241.5,242.5,240.5,242.0,212.42333984375,12614240
2018-08-23,243.0,244.5,243.0,244.5,214.61778259277344,14839240
2018-08-24,245.5,246.0,243.0,243.5,213.739990234375,14355943
2018-08-27,246.0,246.5,244.5,245.0,215.05667114257812,15152299
2018-08-28,248.5,250.0,248.0,249.5,219.0067138671875,36792531
2018-08-29,253.5,259.0,253.5,259.0,227.3456268310547,56993182
2018-08-30,264.5,268.0,262.5,263.5,231.2957000732422,48957808
2018-08-31,257.5,259.0,254.0,256.0,224.7122802734375,69069506
2018-09-03,259.0,260.0,256.5,257.0,225.590087890625,26720905
2018-09-04,258.5,259.5,255.5,257.5,226.02896118164062,34304615
2018-09-05,260.0,264.5,259.0,264.0,231.7345733642578,44864459
2018-09-06,268.0,268.0,261.0,261.0,229.1012420654297,35698488
2018-09-07,263.0,264.0,260.5,264.0,231.7345733642578,38663728
2018-09-10,266.5,266.5,262.5,264.5,232.17344665527344,41659795
2018-09-11,263.0,263.5,258.0,260.0,228.2234344482422,34350276
2018-09-12,261.0,262.0,258.0,260.5,228.6623077392578,37885965
2018-09-13,260.0,260.0,253.5,255.0,223.83448791503906,37576180
2018-09-14,257.0,261.5,257.0,261.0,229.1012420654297,37903219
2018-09-17,262.5,262.5,257.0,258.0,226.46786499023438,24765758
2018-09-18,256.5,257.0,254.0,254.5,223.39561462402344,33960152
2018-09-19,258.0,260.0,257.0,258.0,226.46786499023438,59227711
2018-09-20,261.5,261.5,257.5,260.0,228.2234344482422,29649071
2018-09-21,261.5,261.5,258.0,261.5,229.54006958007812,35012974
2018-09-25,261.5,264.0,260.5,263.5,231.2957000732422,24397062
2018-09-26,263.0,263.5,261.0,263.5,231.2957000732422,24859115
2018-09-27,264.0,266.0,262.0,265.0,232.6123504638672,38495371
2018-09-28,266.0,266.0,260.0,262.5,230.41786193847656,39626486
2018-10-01,262.0,264.0,261.0,263.0,230.85675048828125,22254380
2018-10-02,262.0,263.0,257.0,257.5,226.02896118164062,38391491
2018-10-03,257.5,260.0,257.0,260.0,228.2234344482422,25228536
2018-10-04,257.0,257.5,254.0,254.0,222.9567108154297,36408727
2018-10-05,250.0,253.0,248.5,250.0,219.4456024169922,40204660
2018-10-08,245.5,246.5,241.0,243.5,213.739990234375,50876958
2018-10-09,243.5,245.0,242.0,244.0,214.1789093017578,28905345
2018-10-11,233.5,233.5,227.0,227.5,199.6954803466797,94589657
2018-10-12,231.0,237.0,229.0,237.0,208.034423828125,47175769
2018-10-15,234.0,234.0,230.5,230.5,202.32882690429688,42168280
2018-10-16,229.5,237.0,229.0,237.0,208.034423828125,37818077
2018-10-17,241.5,243.0,238.0,238.5,209.35108947753906,42494858
2018-10-18,238.0,239.0,235.5,236.5,207.5955352783203,25676430
2018-10-19,231.0,236.5,230.0,236.0,207.15663146972656,28358460
2018-10-22,232.5,238.0,231.5,237.0,208.034423828125,29275777
2018-10-23,232.0,234.0,230.0,230.0,201.8899383544922,32827745
2018-10-24,230.0,231.0,227.0,229.5,201.45108032226562,44321950
2018-10-25,220.5,222.0,219.5,219.5,192.67320251464844,75524118
2018-10-26,223.0,224.0,217.0,221.0,193.9899139404297,38439644
2018-10-29,223.0,224.0,221.0,222.5,195.30654907226562,18463792
2018-10-30,221.0,225.0,220.5,223.0,195.74546813964844,28877931
2018-10-31,228.0,234.0,228.0,234.0,205.4010772705078,57283201
2018-11-01,236.0,237.0,233.0,235.5,206.71775817871094,41974797
2018-11-02,236.5,236.5,233.5,236.5,207.5955352783203,30722361
2018-11-05,233.0,235.5,232.0,235.0,206.2788848876953,25452065
2018-11-06,234.0,235.5,232.5,234.5,205.83993530273438,30468176
2018-11-07,233.0,236.0,232.5,234.0,205.4010772705078,34424652
2018-11-08,237.5,237.5,236.0,236.5,207.5955352783203,24739146
2018-11-09,234.5,234.5,231.0,231.0,202.76771545410156,23219081
2018-11-12,230.0,234.5,230.0,231.5,203.2066192626953,23228445
2018-11-13,224.5,228.0,224.5,227.5,199.6954803466797,36104127
2018-11-14,230.0,231.0,228.5,228.5,200.5732879638672,20028279
2018-11-15,229.5,232.0,228.5,231.0,202.76771545410156,22072228
2018-11-16,229.0,229.0,225.0,226.0,198.3788299560547,46738909
2018-11-19,225.0,225.0,221.0,222.0,194.86770629882812,48944754
2018-11-20,219.0,220.5,218.0,218.0,191.3565673828125,41569756
2018-11-21,214.5,220.0,214.0,219.0,192.2343292236328,35206343
2018-11-22,221.5,222.0,219.0,219.0,192.2343292236328,21929610
2018-11-23,220.5,220.5,217.0,218.5,191.79547119140625,14883334
2018-11-26,219.0,224.0,218.5,223.0,195.74546813964844,30599804
2018-11-27,220.0,224.5,219.0,224.0,196.6232452392578,26584349
2018-11-28,222.5,227.0,222.0,226.5,198.81773376464844,24429026
2018-11-29,231.5,231.5,229.0,229.0,201.01219177246094,44383207
2018-11-30,229.5,231.0,225.5,225.5,197.93994140625,55827957
2018-12-03,231.0,235.0,231.0,235.0,206.2788848876953,45333986
2018-12-04,233.0,234.5,231.0,234.0,205.4010772705078,39746162
2018-12-05,226.5,227.5,225.0,226.0,198.3788299560547,42835576
2018-12-06,220.0,222.0,219.5,220.0,193.11215209960938,40149112
2018-12-07,222.5,223.5,220.5,221.0,193.9899139404297,25063568
2018-12-10,219.5,220.0,218.5,219.0,192.2343292236328,19433461
2018-12-11,220.0,223.0,219.0,222.5,195.30654907226562,27375220
2018-12-12,223.5,227.0,222.5,226.5,198.81773376464844,26433846
2018-12-13,227.0,227.5,225.0,226.0,198.3788299560547,32087141
2018-12-14,223.0,223.5,220.5,222.5,195.30654907226562,38646159
2018-12-17,221.0,225.0,220.0,223.5,196.18438720703125,18938952
2018-12-18,221.0,223.0,220.5,222.5,195.30654907226562,30203541
2018-12-19,222.0,225.5,222.0,225.5,197.93994140625,23390082
2018-12-20,221.0,222.5,221.0,221.0,193.9899139404297,35027116
2018-12-21,219.0,224.0,219.0,223.5,196.18438720703125,43507532
2018-12-24,221.5,221.5,219.5,220.0,193.11215209960938,22976100
2018-12-25,215.5,218.0,215.0,217.5,190.91766357421875,19402777
2018-12-26,218.5,219.5,216.0,216.5,190.0398712158203,16463259
2018-12-27,222.0,224.0,220.5,223.0,195.74546813964844,21491484
2018-12-28,223.5,225.5,222.5,225.5,197.93994140625,29456773
2019-01-02,226.5,226.5,219.0,219.5,192.67320251464844,32900482
2019-01-03,214.0,218.0,214.0,215.5,189.16212463378906,34087620
2019-01-04,211.5,211.5,206.5,208.0,182.5787353515625,65943521
2019-01-07,212.0,214.0,211.0,213.0,186.96766662597656,35442176
2019-01-08,212.0,212.5,210.0,211.0,185.2120819091797,22694481
2019-01-09,212.0,216.5,211.0,215.5,189.16212463378906,46295446
2019-01-10,216.0,216.5,214.5,216.0,189.60098266601562,20754593
2019-01-11,219.0,220.5,218.0,220.5,193.55099487304688,28102288
2019-01-14,218.5,220.0,217.0,218.5,191.79547119140625,17612296
2019-01-15,216.5,221.0,215.5,221.0,193.9899139404297,38882923
2019-01-16,218.5,220.0,217.5,217.5,190.91766357421875,28978282
2019-01-17,218.0,221.0,218.0,220.5,193.55099487304688,21163986
2019-01-18,219.0,220.0,217.5,218.5,191.79547119140625,49627569
2019-01-21,220.0,223.0,220.0,221.0,193.9899139404297,29384866
2019-01-22,220.0,223.0,219.0,223.0,195.74546813964844,28926483
2019-01-23,221.5,222.0,220.0,220.5,193.55099487304688,16671213
2019-01-24,222.5,222.5,220.5,222.5,195.30654907226562,26417924
2019-01-25,226.5,227.0,225.0,226.0,198.3788299560547,46692764
2019-01-28,229.5,229.5,228.0,229.0,201.01219177246094,26026257
2019-01-29,222.5,225.0,222.0,222.5,195.30654907226562,41122520
2019-01-30,220.5,221.5,220.0,221.0,193.9899139404297,44755945
2019-02-11,228.0,229.0,226.5,228.0,200.13436889648438,78307106
2019-02-12,230.0,230.0,229.0,230.0,201.8899383544922,29406670
2019-02-13,232.0,232.0,228.5,229.0,201.01219177246094,28634925
2019-02-14,229.5,230.0,226.0,227.0,199.256591796875,23647751
2019-02-15,229.0,229.0,226.5,227.0,199.256591796875,22369799
2019-02-18,229.0,230.5,228.5,230.0,201.8899383544922,16978916
2019-02-19,230.0,230.5,229.0,229.0,201.01219177246094,16577023
2019-02-20,231.5,234.5,231.0,234.5,205.83993530273438,30479710
2019-02-21,235.5,236.5,234.5,236.5,207.5955352783203,33764489
2019-02-22,235.5,236.5,234.0,236.5,207.5955352783203,22032163
2019-02-25,237.5,239.0,236.0,238.0,208.91220092773438,24105138
2019-02-26,239.0,240.0,236.5,239.5,210.2288818359375,24522789
2019-02-27,238.5,239.5,237.0,239.0,209.7899627685547,35240889
2019-03-04,239.5,239.5,234.5,235.5,206.71775817871094,39655513
2019-03-05,234.0,234.5,232.5,233.0,204.52330017089844,22641407
2019-03-06,235.0,235.5,233.5,234.0,205.4010772705078,20433226
2019-03-07,235.0,235.0,233.0,234.0,205.4010772705078,17126192
2019-03-08,231.0,231.5,229.0,230.0,201.8899383544922,22190659
2019-03-11,228.0,230.5,227.5,230.5,202.32882690429688,23200793
2019-03-12,233.0,237.0,232.5,235.5,206.71775817871094,23588085
2019-03-13,234.0,237.0,234.0,237.0,208.034423828125,20500195
2019-03-14,239.0,239.0,234.0,234.5,205.83993530273438,17175356
2019-03-15,237.0,239.5,235.5,239.0,209.7899627685547,33649729
2019-03-18,239.5,241.0,239.0,241.0,211.54556274414062,26856532
2019-03-19,239.0,240.5,238.0,240.5,211.10670471191406,14479009
2019-03-20,242.0,242.0,239.5,242.0,212.42333984375,22975971
2019-03-21,242.5,245.5,241.0,245.5,215.49554443359375,26179502
2019-03-22,248.0,248.5,244.5,248.5,218.12893676757812,22931467
2019-03-25,240.5,243.5,240.5,241.5,211.98446655273438,19211254
2019-03-26,243.0,244.0,241.0,244.0,214.1789093017578,19920170
2019-03-27,242.0,242.5,240.5,241.5,211.98446655273438,22590089
2019-03-28,240.5,242.5,240.0,242.0,212.42333984375,13933054
2019-03-29,243.0,245.5,240.5,245.5,215.49554443359375,28220810
2019-04-01,251.0,251.0,245.0,245.5,215.49554443359375,35330656
2019-04-02,249.5,249.5,246.0,246.0,215.93447875976562,24105053
2019-04-03,249.0,249.0,246.5,246.5,216.37335205078125,24945323
2019-04-08,251.0,253.0,250.5,253.0,222.07891845703125,45184821
2019-04-09,253.0,254.0,252.0,254.0,222.9567108154297,22355674
2019-04-10,253.0,254.5,252.0,254.0,222.9567108154297,25849934
2019-04-11,253.0,254.0,251.5,252.0,221.201171875,24896840
2019-04-12,251.5,253.0,251.0,252.0,221.201171875,13548148
2019-04-15,255.0,256.0,254.0,255.5,224.27340698242188,17192002
2019-04-16,257.0,257.0,255.5,257.0,225.590087890625,19652648
2019-04-17,260.0,263.0,259.5,261.5,229.54006958007812,37864191
2019-04-18,264.0,266.0,263.5,264.5,232.17344665527344,38006795
2019-04-19,269.0,269.5,263.5,264.5,232.17344665527344,44658699
2019-04-22,266.5,267.5,265.0,266.0,233.4901123046875,24967393
2019-04-23,266.5,268.0,266.0,268.0,235.2456817626953,25336847
2019-04-24,270.0,270.0,267.5,269.0,236.12342834472656,26449755
2019-04-25,268.5,269.0,267.0,267.5,234.8068389892578,32386724
2019-04-26,262.0,263.0,257.5,260.0,228.2234344482422,47518804
2019-04-29,260.0,262.0,258.5,259.5,227.78451538085938,31126618
2019-04-30,260.0,260.5,258.0,259.0,227.3456268310547,33799419
2019-05-02,261.5,262.5,258.5,259.0,227.3456268310547,27091394
2019-05-03,262.0,265.0,260.5,265.0,232.6123504638672,29840246
2019-05-06,260.0,260.0,258.0,259.0,227.3456268310547,32823187
2019-05-07,259.5,263.0,259.0,262.5,230.41786193847656,25686126
2019-05-08,260.0,261.5,259.5,260.0,228.2234344482422,25542364
2019-05-09,259.5,259.5,256.0,256.5,225.15118408203125,33587574
2019-05-10,257.0,259.0,255.0,256.0,224.7122802734375,18617212
2019-05-13,253.0,254.0,249.5,250.5,219.88446044921875,28284535
2019-05-14,247.5,251.0,245.0,248.5,218.12893676757812,45055708
2019-05-15,251.0,252.0,249.0,249.0,218.5678253173828,36825479
2019-05-16,248.5,249.5,246.0,247.0,216.812255859375,29713519
2019-05-17,249.0,249.0,241.5,241.5,211.98446655273438,38647856
2019-05-20,242.5,243.0,238.0,238.0,208.91220092773438,39157661
2019-05-21,233.5,236.0,232.5,234.0,205.4010772705078,80042775
2019-05-22,236.5,240.5,235.5,238.0,208.91220092773438,34622034
2019-05-23,233.5,233.5,230.0,230.0,201.8899383544922,58752627
2019-05-24,230.0,234.0,230.0,233.0,204.52330017089844,36000789
2019-05-27,234.0,235.0,231.0,231.0,202.76771545410156,35562033
2019-05-28,232.0,232.0,230.5,230.5,202.32882690429688,95240033
2019-05-29,228.0,230.5,227.0,229.5,201.45108032226562,26533236
2019-05-30,230.0,231.5,229.0,231.0,202.76771545410156,28500328
2019-05-31,232.0,237.5,231.0,235.5,206.71775817871094,46070338
2019-06-03,235.5,238.5,232.0,238.0,208.91220092773438,31054092
2019-06-04,237.5,238.0,233.0,233.0,204.52330017089844,24443428
2019-06-05,238.0,238.0,234.0,235.0,206.2788848876953,29139584
2019-06-06,231.5,232.0,229.5,232.0,203.64549255371094,34651731
2019-06-10,237.5,240.0,234.5,240.0,210.66775512695312,35373888
2019-06-11,240.0,246.0,239.0,244.5,214.61778259277344,31965670
2019-06-12,244.5,247.5,243.0,246.0,215.93447875976562,29675556
2019-06-13,242.5,244.0,240.0,240.0,210.66775512695312,32981724
2019-06-14,238.5,239.5,236.0,236.0,207.15663146972656,31951556
2019-06-17,231.5,235.0,230.5,233.0,204.52330017089844,51017012
2019-06-18,234.0,235.5,233.0,235.5,206.71775817871094,28578087
2019-06-19,242.5,244.0,240.5,244.0,214.1789093017578,50164372
2019-06-20,242.0,245.5,241.0,245.0,215.05667114257812,37836291
2019-06-21,248.0,248.5,246.0,248.5,218.12893676757812,61164304
2019-06-24,241.0,242.0,240.0,241.0,218.58242797851562,43300507
2019-06-25,241.0,241.5,237.0,238.5,216.31495666503906,28559283
2019-06-26,235.0,236.5,234.0,234.5,212.68701171875,27607041
2019-06-27,236.0,241.5,236.0,240.5,218.12896728515625,42007834
2019-06-28,241.5,241.5,238.0,239.0,216.7684326171875,25962203
2019-07-01,245.5,250.0,245.0,248.5,225.38479614257812,66307875
2019-07-02,249.5,250.0,247.5,249.0,225.83827209472656,24181202
2019-07-03,244.0,245.0,242.0,242.5,219.94287109375,29449774
2019-07-04,244.5,245.0,242.5,244.0,221.30337524414062,17481240
2019-07-05,244.5,245.0,241.5,243.0,220.39637756347656,22867074
2019-07-08,240.0,244.5,240.0,242.5,219.94287109375,27787909
2019-07-09,241.5,243.0,240.5,242.0,219.48941040039062,16418987
2019-07-10,243.0,247.0,243.0,247.0,224.02430725097656,23812131
2019-07-11,250.0,250.0,247.5,250.0,226.74525451660156,31160289
2019-07-12,252.0,252.0,249.5,250.5,227.19871520996094,23479432
2019-07-15,251.0,254.5,249.5,254.5,230.82666015625,29727300
2019-07-16,254.0,256.5,253.5,256.0,232.18711853027344,21361249
2019-07-17,254.0,254.0,251.0,252.0,228.55921936035156,25573648
2019-07-18,252.0,254.5,251.5,254.0,230.37315368652344,20842575
2019-07-19,259.5,261.0,259.0,259.0,234.90806579589844,59709798
2019-07-22,263.0,264.0,262.0,264.0,239.44300842285156,31522639
2019-07-23,265.5,266.5,262.5,264.0,239.44300842285156,29273223
2019-07-24,266.5,266.5,263.0,265.0,240.3499755859375,23734039
2019-07-25,264.0,265.0,261.5,265.0,240.3499755859375,30433545
2019-07-26,261.0,262.5,261.0,261.0,236.72207641601562,20438071
2019-07-29,260.0,262.0,259.5,261.0,236.72207641601562,17509320
2019-07-30,262.5,263.0,260.0,260.0,235.81507873535156,22670612
2019-07-31,260.0,260.0,257.0,259.5,235.36155700683594,31635601
2019-08-01,257.5,257.5,255.5,256.5,232.640625,30017526
2019-08-02,252.0,253.5,250.5,251.5,228.10568237304688,54021644
2019-08-05,251.0,252.0,245.5,246.5,223.57081604003906,51535721
2019-08-06,240.0,250.0,240.0,248.5,225.38479614257812,58625879
2019-08-07,250.0,250.5,246.5,248.0,224.93130493164062,29435460
2019-08-08,248.0,254.0,248.0,253.5,229.919677734375,29725266
2019-08-12,254.5,254.5,251.0,251.0,227.6522216796875,21794603
2019-08-13,249.0,249.5,246.5,246.5,223.57081604003906,23121107
2019-08-14,252.5,254.0,249.5,249.5,226.29176330566406,35216703
2019-08-15,247.0,248.5,246.0,248.0,224.93130493164062,27624412
2019-08-16,249.5,252.0,248.0,250.0,226.74525451660156,25370715
2019-08-19,251.5,253.0,250.5,252.0,228.55921936035156,24060514
2019-08-20,254.0,254.5,252.5,254.5,230.82666015625,19960494
2019-08-21,254.5,255.0,253.0,254.5,230.82666015625,20269296
2019-08-22,257.0,257.5,254.0,254.0,230.37315368652344,21900840
2019-08-23,253.5,254.5,253.0,254.0,230.37315368652344,14166877
2019-08-26,249.0,250.5,248.5,248.5,225.38479614257812,31678620
2019-08-27,250.5,251.0,248.5,250.0,226.74525451660156,50234951
2019-08-28,250.5,253.0,250.5,252.0,228.55921936035156,15132882
2019-08-29,253.0,254.0,251.0,254.0,230.37315368652344,19587767
2019-08-30,256.5,259.0,256.0,259.0,234.90806579589844,35184201
2019-09-02,258.0,258.0,256.0,257.5,233.547607421875,14614854
2019-09-03,256.5,258.0,253.0,254.0,230.37315368652344,25762495
2019-09-04,254.0,258.0,254.0,257.5,233.547607421875,22540733
2019-09-05,263.0,263.0,260.5,263.0,238.53598022460938,48791728
2019-09-06,265.0,265.0,263.0,263.5,238.98953247070312,25408515
2019-09-10,263.5,264.0,260.5,261.5,237.17550659179688,29308866
2019-09-11,264.0,264.5,260.5,263.0,238.53598022460938,36196015
2019-09-12,265.0,265.0,261.5,262.5,238.08248901367188,26017293
2019-09-16,262.0,265.5,261.5,265.5,240.80348205566406,32573966
2019-09-17,266.5,266.5,264.5,265.0,240.3499755859375,27600844
2019-09-18,267.0,269.5,266.5,267.0,242.1638946533203,47684759
2019-09-19,268.0,268.0,264.0,265.0,242.16392517089844,25233567
2019-09-20,266.0,266.5,264.0,264.0,241.25010681152344,43868865
2019-09-23,264.0,264.0,263.0,264.0,241.25010681152344,13093208
2019-09-24,263.5,265.5,262.0,265.0,242.16392517089844,24244943
2019-09-25,262.5,266.0,262.0,266.0,243.07778930664062,21003163
2019-09-26,269.0,269.5,266.5,268.0,244.90542602539062,29940103
2019-09-27,271.5,272.5,271.0,272.0,248.56077575683594,41235817
2019-10-01,273.0,280.5,273.0,280.0,255.87130737304688,71743890
2019-10-02,280.0,281.0,279.0,279.5,255.41441345214844,29295953
2019-10-03,274.0,277.5,274.0,276.5,252.67291259765625,31890864
2019-10-04,279.5,280.0,275.0,276.5,252.67291259765625,35169613
2019-10-07,279.0,279.5,277.5,278.0,254.04364013671875,17510230
2019-10-08,283.5,286.5,282.5,286.5,261.81121826171875,35278551
2019-10-09,283.5,286.0,282.0,282.0,257.698974609375,34777456
2019-10-14,291.5,291.5,288.5,290.0,265.00958251953125,46683517
2019-10-15,293.5,296.0,292.0,293.5,268.2079772949219,38018567
2019-10-16,298.0,298.0,293.5,296.5,270.94940185546875,40297144
2019-10-17,295.0,295.5,292.0,293.5,268.2079772949219,40271938
2019-10-18,293.0,295.5,291.0,293.0,267.7510681152344,45102984
2019-10-21,291.0,291.0,288.5,290.0,265.00958251953125,34634365
2019-10-22,292.5,294.0,291.5,294.0,268.66485595703125,26005020
2019-10-23,293.5,293.5,290.5,293.0,267.7510681152344,28675408
2019-10-24,294.5,294.5,291.0,293.0,267.7510681152344,29040827
2019-10-25,294.5,294.5,292.5,293.5,268.2079772949219,22682711
2019-10-28,295.0,295.5,294.0,294.5,269.1217956542969,20076561
2019-10-29,297.0,298.5,296.5,298.5,272.777099609375,36682131
2019-10-30,298.5,299.5,296.5,299.5,273.6908874511719,32370342
2019-10-31,300.0,301.5,298.5,298.5,272.777099609375,40944514
2019-11-01,299.5,299.5,296.5,299.0,273.2340087890625,30121678
2019-11-04,302.5,308.0,301.0,307.0,280.5445861816406,44899671
2019-11-05,307.5,310.5,307.0,310.5,283.74298095703125,32201184
2019-11-06,309.0,311.5,308.0,311.0,284.1999206542969,22149743
2019-11-07,310.0,310.0,306.5,309.0,282.372314453125,28291659
2019-11-08,308.5,309.0,305.5,305.5,279.1738586425781,25651542
2019-11-11,305.0,305.0,300.0,301.0,275.0616455078125,35165583
2019-11-12,302.5,305.0,302.0,305.0,278.71697998046875,17540708
2019-11-13,303.0,304.0,301.5,304.0,277.8031311035156,18172438
2019-11-14,304.5,305.0,302.0,303.5,277.34619140625,15734835
2019-11-15,305.5,307.5,304.5,307.0,280.5445861816406,28848445
2019-11-18,308.5,311.0,307.0,311.0,284.1999206542969,18691325
2019-11-19,312.5,315.0,311.0,315.0,287.8551940917969,31634197
2019-11-20,314.0,314.0,312.0,313.5,286.4844970703125,22387973
2019-11-21,309.5,311.0,307.0,311.0,284.1999206542969,28108833
2019-11-22,310.0,310.5,308.0,309.0,282.372314453125,24737984
2019-11-25,310.5,310.5,307.0,307.0,280.5445861816406,19530177
2019-11-26,310.0,310.5,307.0,307.0,280.5445861816406,101224622
2019-11-27,307.5,311.5,307.5,311.0,284.1999206542969,18467648
2019-11-28,310.0,312.0,308.5,309.5,282.8291931152344,19077982
2019-11-29,309.0,309.5,305.0,305.0,278.71697998046875,30963561
2019-12-02,307.0,308.0,306.5,307.5,281.0014953613281,24016807
2019-12-03,305.0,307.0,305.0,307.0,280.5445861816406,24690319
2019-12-04,305.0,306.0,304.0,306.0,279.63079833984375,25492686
2019-12-05,309.0,312.0,309.0,312.0,285.11376953125,34521842
2019-12-06,315.0,316.0,311.0,313.0,286.0275573730469,17695703
2019-12-09,314.0,316.5,314.0,316.0,288.76904296875,23256081
2019-12-10,315.0,315.5,312.5,313.5,286.4844970703125,20570594
2019-12-11,314.0,319.0,313.0,319.0,291.51055908203125,31223148
2019-12-12,325.0,334.5,324.0,331.5,302.93341064453125,52742851
2019-12-13,340.0,343.0,338.0,339.0,309.7870178222656,58198939
2019-12-16,336.5,338.5,336.0,336.0,307.0455627441406,102188
2019-12-17,335.0,345.0,335.0,345.0,315.27001953125,40813458
2019-12-18,341.5,345.0,341.5,344.5,314.8131103515625,39682841
2019-12-19,340.0,342.0,335.0,335.0,308.3695068359375,54888012
2019-12-20,332.0,333.0,328.5,329.0,302.8465270996094,86280459
2019-12-23,329.5,334.0,329.5,334.0,307.448974609375,26639340
2019-12-24,334.0,334.5,332.0,332.0,305.6080627441406,13488907
2019-12-25,332.0,334.5,331.0,333.0,306.52850341796875,12262954
2019-12-26,333.0,334.0,331.5,333.0,306.52850341796875,11427884
2019-12-27,335.0,338.0,335.0,338.0,311.1310119628906,16677806
2019-12-30,338.0,339.0,334.0,334.5,307.9092712402344,21531263
2019-12-31,331.0,333.5,331.0,331.0,304.6875305175781,22890517
2020-01-02,332.5,339.0,332.5,339.0,312.0516357421875,31754120
2020-01-03,344.0,345.0,335.5,339.5,312.5118408203125,41811268
2020-01-06,333.0,334.5,332.0,332.0,305.6080627441406,45343057
2020-01-07,332.5,333.0,326.5,329.5,303.3067932128906,50879181
2020-01-08,325.0,333.0,325.0,329.5,303.3067932128906,37567748
2020-01-09,335.0,337.5,333.5,337.5,310.6708068847656,31481504
2020-01-10,340.5,341.0,336.0,339.5,312.5118408203125,27032115
2020-01-13,342.0,342.0,339.0,341.5,314.35284423828125,30663332
2020-01-14,345.5,346.0,344.5,346.0,318.4951171875,30223993
2020-01-15,345.0,345.0,337.5,340.0,312.9720458984375,47434274
2020-01-16,330.0,336.5,330.0,334.5,307.9092712402344,55211420
2020-01-17,334.0,335.5,332.0,333.0,306.52850341796875,52060097
2020-01-20,334.0,335.5,333.0,333.0,306.52850341796875,32658203
2020-01-30,326.0,326.0,316.5,316.5,291.34014892578125,125451049
2020-01-31,323.0,323.5,319.0,320.0,294.56201171875,62526055
2020-02-03,315.0,316.5,312.0,315.0,289.9594421386719,59560849
2020-02-04,336.5,337.0,325.0,325.0,299.1645202636719,51890496
2020-02-05,329.0,329.5,324.5,327.5,301.4657897949219,36601453
2020-02-06,329.5,332.5,329.0,332.5,306.0682678222656,29267094
2020-02-07,330.0,330.5,326.0,328.0,301.926025390625,28798327
2020-02-10,321.5,328.0,321.0,327.5,301.4657897949219,30632424
2020-02-11,330.5,332.5,330.0,331.5,305.1478576660156,27524935
2020-02-12,333.5,336.0,333.0,335.0,308.3695068359375,37612639
2020-02-13,338.0,338.0,335.0,335.0,308.3695068359375,22757021
2020-02-14,337.0,337.0,334.5,335.0,308.3695068359375,16933683
2020-02-17,331.5,333.0,330.5,331.5,305.1478576660156,15937079
2020-02-18,324.5,326.5,322.0,322.0,296.4029541015625,61825604
2020-02-19,322.5,327.0,322.0,326.5,300.5452880859375,38781218
2020-02-20,328.0,329.0,325.0,325.5,299.624755859375,27011736
2020-02-21,325.5,326.5,323.0,325.0,299.1645202636719,22813534
2020-02-24,319.5,321.5,319.5,320.0,294.56201171875,41693680
2020-02-25,320.0,323.5,317.5,322.0,296.4029541015625,36195011
2020-02-26,317.0,320.5,316.5,318.5,293.18115234375,60479362
2020-02-27,319.0,320.0,315.0,316.0,290.8799133300781,61250927
2020-03-02,308.0,317.0,308.0,311.0,286.2773742675781,79912942
2020-03-03,318.5,320.0,316.0,317.5,292.26068115234375,49679411
2020-03-04,322.0,322.0,317.0,320.5,295.02227783203125,42941146
2020-03-05,325.0,326.0,323.0,323.0,297.32354736328125,37861525
2020-03-06,320.0,320.5,315.0,315.0,289.9594421386719,51546760
2020-03-09,307.5,310.0,305.5,305.5,281.214599609375,87871277
2020-03-10,301.5,309.0,301.0,307.0,282.5953674316406,71950130
2020-03-11,309.0,310.5,302.0,302.0,277.9928283691406,62216710
2020-03-12,299.0,299.0,287.0,294.0,270.6287841796875,113527351
2020-03-13,275.0,294.0,272.5,290.0,266.9468078613281,149995148
2020-03-16,285.0,291.0,275.5,276.5,254.51995849609375,103873228
2020-03-17,265.0,276.5,265.0,268.0,246.69564819335938,121323651
2020-03-18,269.5,272.5,260.0,260.0,239.33160400390625,117437643
2020-03-19,252.0,253.0,235.5,248.0,230.5018768310547,160811697
2020-03-20,258.5,270.0,256.0,270.0,250.94964599609375,157664726
2020-03-23,257.0,262.5,252.0,255.0,237.00799560546875,76466709
2020-03-24,268.0,274.0,266.0,267.5,248.6260223388672,81952933
2020-03-25,276.5,280.0,274.0,277.0,257.45574951171875,79447199
2020-03-26,279.5,280.0,275.5,280.0,260.2440490722656,52845633
2020-03-27,284.0,286.0,273.0,273.0,253.73797607421875,68752306
2020-03-30,263.5,269.0,262.5,267.5,248.6260223388672,49159956
2020-03-31,273.0,274.0,269.5,274.0,254.66737365722656,48837923
2020-04-01,276.5,276.5,271.5,271.5,252.3438262939453,44515034
2020-04-06,273.0,275.5,270.0,275.5,256.06158447265625,56392754
2020-04-07,283.5,284.0,280.5,283.0,263.03240966796875,48787346
2020-04-08,285.0,285.5,283.0,285.0,264.8912353515625,37912826
2020-04-09,287.5,288.0,282.5,283.0,263.03240966796875,27620430
2020-04-10,280.0,282.0,279.0,279.5,259.77935791015625,27252858
2020-04-13,278.5,281.5,278.5,278.5,258.8498840332031,22196596
2020-04-14,281.0,285.5,280.0,285.0,264.8912353515625,48809688
2020-04-15,287.0,288.5,286.0,287.5,267.2148742675781,55216434
2020-04-16,283.0,288.5,283.0,286.5,266.285400390625,47815280
2020-04-17,303.5,308.5,300.5,306.5,284.8742980957031,116368201
2020-04-20,308.0,309.0,302.5,304.0,282.5506896972656,41381669
2020-04-21,300.5,301.5,293.5,295.0,274.1856689453125,61479357
2020-04-22,294.5,295.0,290.5,294.0,273.2562255859375,42192580
2020-04-23,300.0,300.0,294.0,295.5,274.650390625,39474478
2020-04-24,295.5,297.0,294.0,294.0,273.2562255859375,26008090
2020-04-27,298.0,298.5,296.0,298.0,276.9739990234375,38493406
2020-04-28,298.5,298.5,294.5,296.5,275.579833984375,37395165
2020-04-29,299.0,301.5,298.0,299.0,277.90350341796875,44059301
2020-04-30,302.0,305.0,301.5,304.5,283.0153503417969,55126085
2020-05-04,294.5,296.5,294.0,295.0,274.1856689453125,71581861
2020-05-05,296.5,298.0,295.0,295.5,274.650390625,23547405
2020-05-06,294.5,296.0,292.5,296.0,275.1151428222656,34240479
2020-05-07,294.5,299.0,294.5,297.5,276.5092468261719,27621198
2020-05-08,300.0,300.0,296.0,297.5,276.5092468261719,32295893
2020-05-11,300.0,301.5,298.5,301.0,279.7623291015625,28727019
2020-05-12,297.5,298.5,295.0,295.0,274.1856689453125,52089788
2020-05-13,293.0,297.0,292.5,297.0,276.0445251464844,26156418
2020-05-14,293.0,295.0,292.5,293.0,272.3268127441406,34315948
2020-05-15,297.5,298.5,294.5,298.0,276.9739990234375,42494804
2020-05-18,291.0,293.5,290.0,290.0,269.53851318359375,84986065
2020-05-19,294.0,294.0,291.5,291.5,270.9326477050781,51250214
2020-05-20,293.0,294.0,291.0,294.0,273.2562255859375,32677994
2020-05-21,296.0,298.0,295.0,297.5,276.5092468261719,30997468
2020-05-22,294.5,295.0,291.0,292.0,271.3973693847656,40192923
2020-05-25,290.5,293.0,288.5,292.0,271.3973693847656,26803223
2020-05-26,295.0,297.5,293.5,295.5,274.650390625,33856481
2020-05-27,297.0,298.0,295.5,296.5,275.579833984375,23375959
2020-05-28,298.5,298.5,293.0,294.0,273.2562255859375,28444568
2020-05-29,292.0,292.5,290.0,292.0,271.3973693847656,79774181
2020-06-01,294.0,296.5,293.5,295.5,274.650390625,35811214
2020-06-02,296.0,297.5,296.0,296.5,275.579833984375,24771587
2020-06-03,300.0,301.0,298.0,301.0,279.7623291015625,65176337
2020-06-04,305.0,306.0,304.0,306.0,284.40960693359375,46572451
2020-06-05,308.5,312.0,308.0,311.5,289.5215148925781,42981262
2020-06-08,316.0,319.0,315.0,318.0,295.5628356933594,50302921
2020-06-09,316.5,319.0,314.0,319.0,296.49237060546875,36417082
2020-06-10,319.0,324.0,318.0,322.5,299.7454528808594,39984259
2020-06-11,325.5,327.0,318.5,320.5,297.8865661621094,50104255
2020-06-12,313.0,317.5,312.5,316.0,293.7039794921875,45992918
2020-06-15,316.0,317.5,308.5,309.5,287.66265869140625,51032404
2020-06-16,317.0,317.0,314.0,315.0,292.77459716796875,36608216
2020-06-17,316.5,317.0,313.5,315.0,292.77459716796875,34522968
2020-06-18,314.5,315.0,313.0,314.5,294.6482849121094,29044474
2020-06-19,314.0,314.5,312.0,314.5,294.6482849121094,48130280
2020-06-22,314.5,316.5,312.0,312.0,292.3061218261719,37374616
2020-06-23,316.0,316.5,312.5,315.0,295.11676025390625,41300084
2020-06-24,319.0,320.0,316.0,317.5,297.4589538574219,54147024
2020-06-29,314.0,315.0,310.0,312.0,292.3061218261719,56580892
2020-06-30,313.5,314.0,311.0,313.0,293.24298095703125,48991860
2020-07-01,315.0,318.0,314.0,317.5,297.4589538574219,29532342
2020-07-02,319.0,322.0,318.0,322.0,301.6748962402344,34526178
2020-07-03,327.0,330.5,326.5,329.5,308.70147705078125,53341987
2020-07-06,332.5,338.0,332.0,338.0,316.6649169921875,57256220
2020-07-07,343.5,346.0,338.0,338.5,317.1334228515625,59046323
2020-07-08,337.5,342.5,337.5,341.0,319.4755859375,30720218
2020-07-09,346.0,347.0,343.0,345.0,323.2231750488281,35522376
2020-07-10,352.5,353.0,345.5,348.5,326.5022277832031,60902108
2020-07-13,351.0,354.5,350.5,354.5,332.12347412109375,48069523
2020-07-14,355.0,364.0,354.5,363.5,340.5553894042969,61764150
2020-07-15,366.0,370.0,361.0,363.0,340.08697509765625,73438362
2020-07-16,359.0,361.0,353.5,357.5,334.9341125488281,68220512
2020-07-17,361.0,369.0,360.0,367.0,343.8344421386719,65727485
2020-07-20,370.0,370.0,362.5,366.0,342.8976135253906,42769238
2020-07-21,372.5,387.0,371.5,383.0,358.8244934082031,64219128
2020-07-22,381.0,386.0,379.0,384.0,359.7614440917969,43759670
2020-07-23,382.0,383.0,379.0,381.5,357.419189453125,45209282
2020-07-24,390.0,395.0,382.0,386.0,361.6351013183594,86682734
2020-07-27,420.5,424.5,416.5,424.5,397.7049560546875,99333798
2020-07-28,464.0,466.5,428.5,435.0,407.54217529296875,166307746
2020-07-29,428.0,431.5,419.5,422.0,395.36279296875,85663166
2020-07-30,436.5,441.0,428.5,434.0,406.60528564453125,69293949
2020-07-31,426.0,432.0,425.5,425.5,398.6418151855469,49897674
2020-08-03,420.5,424.0,415.0,416.0,389.74151611328125,76429571
2020-08-04,421.5,425.5,418.5,425.5,398.6418151855469,41223445
2020-08-05,430.5,433.5,426.0,429.0,401.9208679199219,47223834
2020-08-06,437.5,438.0,431.0,435.0,407.54217529296875,41029627
2020-08-07,433.5,434.0,428.0,433.0,405.6684265136719,36589460
2020-08-10,427.5,437.5,427.5,435.5,408.0106506347656,36067500
2020-08-11,432.0,435.0,429.0,429.0,401.9208679199219,34545313
2020-08-12,422.0,423.5,419.0,419.0,392.5520935058594,52143474
2020-08-13,428.0,429.0,424.5,429.0,401.9208679199219,44352335
2020-08-14,424.0,428.0,423.0,427.0,400.0471496582031,23419955
2020-08-17,427.0,435.0,425.5,435.0,407.54217529296875,34137731
2020-08-18,440.0,440.5,432.0,433.0,405.6684265136719,41643160
2020-08-19,436.0,436.5,427.5,427.5,400.5155944824219,31486800
2020-08-20,427.0,427.5,401.0,415.0,388.8046569824219,75097235
2020-08-21,421.5,427.0,420.0,424.5,397.7049560546875,41609467
2020-08-24,427.5,434.5,425.0,428.0,400.9840393066406,48375406
2020-08-25,433.5,436.0,430.5,434.5,407.07373046875,35977899
2020-08-26,435.5,442.0,435.0,442.0,414.1003112792969,39243340
2020-08-27,448.0,453.5,444.0,444.0,415.97412109375,53072712
2020-08-28,440.0,440.5,431.0,435.0,407.54217529296875,56842210
2020-08-31,437.0,439.5,426.5,426.5,399.57867431640625,81480538
2020-09-01,430.0,435.0,428.0,435.0,407.54217529296875,37429577
2020-09-02,441.0,441.0,430.5,433.0,405.6684265136719,34871407
2020-09-03,439.5,439.5,433.5,436.0,408.4790954589844,34951617
2020-09-04,427.0,432.5,427.0,429.0,401.9208679199219,46119911
2020-09-07,428.0,432.5,425.0,426.0,399.11029052734375,32019312
2020-09-08,428.0,433.0,427.5,431.0,403.7947082519531,23714670
2020-09-09,425.0,428.0,423.0,427.0,400.0471496582031,40551362
2020-09-10,432.5,435.0,430.5,435.0,407.54217529296875,35098921
2020-09-11,435.5,436.5,432.5,436.5,408.947509765625,34298469
2020-09-14,436.0,442.0,435.5,441.0,413.1634216308594,39085833
2020-09-15,440.5,447.0,439.5,445.0,416.91094970703125,39061449
2020-09-16,460.0,462.0,455.5,458.0,429.0904235839844,64261238
2020-09-17,453.0,455.0,446.5,448.5,422.4963073730469,42058506
2020-09-18,447.0,449.5,443.0,444.0,418.2571716308594,52454922
2020-09-21,443.5,450.0,440.0,440.0,414.4891052246094,39463920
2020-09-22,440.0,441.0,436.0,437.0,411.66302490234375,36130639
2020-09-23,436.0,438.5,432.0,433.5,408.3659362792969,45710963
2020-09-24,425.5,429.0,423.0,423.0,398.4747009277344,79806381
2020-09-25,427.0,428.0,421.0,424.0,399.416748046875,38775269
2020-09-28,427.0,431.5,424.5,431.5,406.48187255859375,34156973
2020-09-29,432.5,435.0,428.0,431.0,406.0108947753906,32230502
2020-09-30,430.5,435.0,430.5,433.0,407.8949279785156,27334204
2020-10-05,438.0,438.0,431.5,432.5,407.4239501953125,32945832
2020-10-06,441.5,442.0,437.5,439.5,414.0180969238281,35775395
2020-10-07,435.0,445.0,435.0,443.0,417.31512451171875,42926239
2020-10-08,450.0,454.0,448.5,453.0,426.7353820800781,60853811
2020-10-12,458.0,462.0,457.5,460.0,433.3294982910156,64719223
2020-10-13,465.0,465.0,456.5,462.0,435.2135925292969,45750738
2020-10-14,460.5,461.0,457.0,459.0,432.38751220703125,40809241
2020-10-15,456.0,456.5,450.0,453.0,426.7353820800781,47775028
2020-10-16,451.0,456.0,448.5,449.0,422.96734619140625,46876801
2020-10-19,453.0,457.5,451.0,457.5,430.97442626953125,34470906
2020-10-20,455.5,457.0,451.0,451.0,424.8513488769531,25205638
2020-10-21,453.5,456.0,451.0,453.0,426.7353820800781,28058921
2020-10-22,450.0,455.0,449.5,455.0,428.6194152832031,23438547
2020-10-23,458.0,458.0,451.5,452.0,425.7933654785156,18777385
2020-10-26,455.0,455.0,450.0,450.0,423.9093322753906,15059581
2020-10-27,447.5,448.5,445.5,447.0,421.0832214355469,20117660
2020-10-28,445.0,447.0,443.0,444.0,418.2571716308594,24710230
2020-10-29,436.5,439.5,435.5,437.0,411.66302490234375,41285612
2020-10-30,437.0,437.0,432.0,432.0,406.9529113769531,47668895
2020-11-02,433.0,435.5,428.0,435.5,410.25006103515625,33477443
2020-11-03,439.5,443.0,438.0,441.0,415.4310607910156,30328495
2020-11-04,444.5,451.5,443.0,450.0,423.9093322753906,37512790
2020-11-05,451.5,451.5,445.5,451.0,424.8513488769531,34886108
2020-11-06,455.0,455.5,450.0,452.5,426.2643737792969,30154140
2020-11-09,458.0,460.0,454.0,458.5,431.91650390625,39245881
2020-11-10,452.0,454.5,448.5,451.0,424.8513488769531,34820499
2020-11-11,448.5,457.0,448.5,457.0,430.50347900390625,36765561
2020-11-12,463.0,463.5,457.5,458.0,431.4454650878906,40100880
2020-11-13,459.0,462.0,456.5,462.0,435.2135925292969,31037438
2020-11-16,470.0,484.5,469.0,484.0,455.93804931640625,81994937
2020-11-17,502.0,506.0,485.5,485.5,457.35107421875,72413868
2020-11-18,490.0,497.0,486.5,497.0,468.1842956542969,50387727
2020-11-19,499.0,499.0,490.0,490.0,461.59014892578125,44220053
2020-11-20,486.0,490.0,486.0,488.0,459.70611572265625,32281453
2020-11-23,494.5,498.5,492.0,496.5,467.7132568359375,38084006
2020-11-24,499.5,500.0,491.5,492.0,463.47418212890625,35479226
2020-11-25,495.0,495.5,487.0,487.0,458.7640686035156,41419632
2020-11-26,489.0,493.5,488.0,489.0,460.64813232421875,28893033
2020-11-27,487.5,492.0,486.5,489.0,460.64813232421875,32960189
2020-11-30,493.0,493.5,480.5,480.5,452.64093017578125,119895176
2020-12-01,489.5,490.0,483.5,490.0,461.59014892578125,37018651
2020-12-02,499.5,500.0,493.5,499.0,470.0683898925781,50621339
2020-12-03,499.5,499.5,495.0,497.0,468.1842956542969,35651379
2020-12-04,498.5,505.0,497.5,503.0,473.8364562988281,51172005
2020-12-07,512.0,515.0,506.0,514.0,484.1985778808594,44271244
2020-12-08,514.0,525.0,509.0,524.0,493.61883544921875,40771761
2020-12-09,521.0,524.0,520.0,520.0,489.85076904296875,43314115
2020-12-10,511.0,515.0,510.0,512.0,482.3146057128906,42556926
2020-12-11,517.0,517.0,505.0,516.0,486.0826721191406,45660960
2020-12-14,512.0,513.0,508.0,508.0,478.5465393066406,30260485
2020-12-15,507.0,510.0,504.0,504.0,474.7784118652344,39852366
2020-12-16,509.0,515.0,507.0,512.0,482.3146057128906,52012348
2020-12-17,515.0,515.0,508.0,508.0,480.8946533203125,38215179
2020-12-18,508.0,512.0,507.0,510.0,482.78790283203125,39924864
2020-12-21,512.0,517.0,508.0,516.0,488.4677429199219,34813281
2020-12-22,512.0,516.0,509.0,509.0,481.8412780761719,22454277
2020-12-23,508.0,511.0,506.0,509.0,481.8412780761719,18086715
2020-12-24,511.0,512.0,508.0,510.0,482.78790283203125,14950143
2020-12-25,514.0,515.0,510.0,511.0,483.7344970703125,12327895
2020-12-28,512.0,515.0,509.0,515.0,487.5211486816406,19087382
2020-12-29,515.0,517.0,513.0,515.0,487.5211486816406,19907528
2020-12-30,516.0,525.0,514.0,525.0,496.987548828125,46292401
2020-12-31,526.0,530.0,524.0,530.0,501.7207336425781,29970398
2021-01-04,530.0,540.0,528.0,536.0,507.4006652832031,38770328
2021-01-05,536.0,542.0,535.0,542.0,513.0805053710938,34411866
2021-01-06,555.0,555.0,541.0,549.0,519.70703125,53030554
2021-01-07,554.0,570.0,553.0,565.0,534.853271484375,51166782
2021-01-08,580.0,580.0,571.0,580.0,549.052978515625,59563555
2021-01-11,577.0,584.0,574.0,584.0,552.8394775390625,48810990
2021-01-12,583.0,597.0,582.0,591.0,559.4658813476562,50232426
2021-01-13,595.0,605.0,593.0,605.0,572.718994140625,62662393
2021-01-14,587.0,597.0,587.0,592.0,560.4125366210938,75288477
2021-01-15,621.0,625.0,601.0,601.0,568.9323120117188,92010500
2021-01-18,608.0,608.0,594.0,607.0,574.6121826171875,45726476
2021-01-19,618.0,632.0,613.0,627.0,593.5451049804688,50672866
2021-01-20,633.0,650.0,631.0,647.0,612.4781494140625,82066422
2021-01-21,640.0,679.0,640.0,673.0,637.0907592773438,89019137
2021-01-22,649.0,665.0,649.0,649.0,614.371337890625,125179403
2021-01-25,642.0,646.0,626.0,633.0,599.2249145507812,93050133
2021-01-26,632.0,640.0,610.0,617.0,584.0787353515625,100153482
2021-01-27,618.0,625.0,611.0,615.0,582.1853637695312,59985191
2021-01-28,600.0,608.0,598.0,601.0,568.9323120117188,96447533
2021-01-29,619.0,619.0,591.0,591.0,559.4658813476562,90745237
2021-02-01,595.0,612.0,587.0,611.0,578.3988647460938,67462398
2021-02-02,629.0,638.0,622.0,632.0,598.2783203125,78429188
2021-02-03,638.0,642.0,630.0,630.0,596.385009765625,48738970
2021-02-04,626.0,632.0,620.0,627.0,593.5451049804688,46371900
2021-02-05,638.0,641.0,631.0,632.0,598.2783203125,53267273
2021-02-17,663.0,668.0,660.0,663.0,627.6243896484375,107614290
2021-02-18,664.0,665.0,656.0,660.0,624.7843627929688,53109010
2021-02-19,656.0,657.0,647.0,652.0,617.2112426757812,50279585
2021-02-22,660.0,662.0,650.0,650.0,615.3179931640625,36474610
2021-02-23,641.0,643.0,633.0,641.0,606.7982177734375,50076333
2021-02-24,627.0,636.0,625.0,625.0,591.6519775390625,66206750
2021-02-25,636.0,636.0,628.0,635.0,601.1182861328125,43231417
2021-02-26,611.0,618.0,606.0,606.0,573.6656494140625,111861175
2021-03-02,621.0,622.0,609.0,609.0,576.5054931640625,54041533
2021-03-03,609.0,622.0,601.0,622.0,588.8119506835938,48252965
2021-03-04,609.0,611.0,601.0,601.0,568.9323120117188,67711962
2021-03-05,588.0,605.0,584.0,601.0,568.9323120117188,79918467
2021-03-08,608.0,610.0,598.0,598.0,566.0924682617188,43219772
2021-03-09,585.0,595.0,585.0,595.0,563.2525024414062,68768861
2021-03-10,601.0,601.0,593.0,597.0,565.1458129882812,40146301
2021-03-11,596.0,612.0,595.0,609.0,576.5054931640625,54416046
2021-03-12,615.0,618.0,609.0,614.0,581.2387084960938,33168846
2021-03-15,614.0,614.0,609.0,611.0,578.3988647460938,27416758
2021-03-16,610.0,613.0,607.0,613.0,580.2920532226562,36949425
2021-03-17,612.0,612.0,602.0,604.0,574.1138305664062,39517807
2021-03-18,606.0,609.0,602.0,602.0,572.2127685546875,29415526
2021-03-19,594.0,598.0,591.0,591.0,561.7570190429688,70866028
2021-03-22,588.0,598.0,586.0,593.0,563.6580200195312,34089033
2021-03-23,597.0,603.0,593.0,594.0,564.6085205078125,29374037
2021-03-24,571.0,582.0,571.0,576.0,547.4992065429688,107253959
2021-03-25,572.0,581.0,570.0,575.0,546.5487670898438,67833354
2021-03-26,582.0,592.0,580.0,590.0,560.8065185546875,36829858
2021-03-29,599.0,602.0,596.0,599.0,569.3612060546875,37884733
2021-03-30,600.0,600.0,592.0,597.0,567.4600830078125,33099123
2021-03-31,596.0,597.0,587.0,587.0,557.9550170898438,38790886
2021-04-01,598.0,602.0,594.0,602.0,572.2127685546875,43091157
2021-04-07,614.0,614.0,608.0,610.0,579.81689453125,24603109
2021-04-08,606.0,613.0,603.0,613.0,582.6683959960938,23976625
2021-04-09,618.0,618.0,609.0,610.0,579.81689453125,27303862
2021-04-12,612.0,613.0,603.0,605.0,575.0643310546875,22606128
2021-04-13,604.0,613.0,604.0,605.0,575.0643310546875,25971622
2021-04-14,608.0,612.0,600.0,612.0,581.7179565429688,30077913
2021-04-15,612.0,619.0,607.0,619.0,588.3716430664062,33530942
2021-04-16,610.0,611.0,603.0,610.0,579.81689453125,48507383
2021-04-19,605.0,607.0,601.0,603.0,573.1632690429688,24231637
2021-04-20,598.0,602.0,595.0,602.0,572.2127685546875,34771635
2021-04-21,599.0,599.0,592.0,592.0,562.7074584960938,38458220
2021-04-22,596.0,598.0,591.0,591.0,561.7570190429688,33868521
2021-04-23,592.0,602.0,590.0,602.0,572.2127685546875,27754511
2021-04-26,605.0,610.0,603.0,610.0,579.81689453125,30887664
2021-04-27,608.0,611.0,605.0,610.0,579.81689453125,26317481
2021-04-28,606.0,608.0,601.0,602.0,572.2127685546875,24024054
2021-04-29,609.0,609.0,600.0,600.0,570.3115844726562,31828333
2021-05-03,595.0,597.0,588.0,588.0,558.9054565429688,41762441
2021-05-04,588.0,594.0,582.0,591.0,561.7570190429688,40273595
2021-05-05,594.0,594.0,585.0,585.0,556.0538330078125,29254785
2021-05-06,590.0,590.0,580.0,587.0,557.9550170898438,30725590
2021-05-07,594.0,600.0,589.0,599.0,569.3612060546875,28075722
2021-05-10,596.0,597.0,588.0,589.0,559.85595703125,20434079
2021-05-11,579.0,580.0,570.0,571.0,542.74658203125,59349193
2021-05-12,567.0,571.0,518.0,560.0,532.2908935546875,131741482
2021-05-13,547.0,563.0,541.0,547.0,519.9341430664062,66765627
2021-05-14,556.0,562.0,552.0,557.0,529.4393920898438,37533726
2021-05-17,544.0,558.0,541.0,549.0,521.835205078125,56270958
2021-05-18,563.0,573.0,555.0,572.0,543.6972045898438,43689316
2021-05-19,571.0,572.0,565.0,567.0,538.9445190429688,28908777
2021-05-20,567.0,571.0,560.0,567.0,538.9445190429688,29709287
2021-05-21,572.0,577.0,568.0,573.0,544.6475830078125,27376731
2021-05-24,570.0,572.0,566.0,568.0,539.8950805664062,15629736
2021-05-25,576.0,584.0,573.0,583.0,554.1527709960938,33039911
2021-05-26,587.0,588.0,581.0,585.0,556.0538330078125,18703987
2021-05-27,580.0,582.0,573.0,582.0,553.202392578125,62169719
2021-05-28,587.0,592.0,582.0,590.0,560.8065185546875,29086873
2021-05-31,595.0,597.0,590.0,597.0,567.4600830078125,30657474
2021-06-01,598.0,599.0,595.0,598.0,568.41064453125,17818326
2021-06-02,600.0,600.0,593.0,595.0,565.55908203125,21872755
2021-06-03,600.0,600.0,596.0,596.0,566.5096435546875,21077164
2021-06-04,591.0,595.0,590.0,595.0,565.55908203125,15756180
2021-06-07,594.0,595.0,583.0,592.0,562.7074584960938,17077625
2021-06-08,590.0,595.0,588.0,589.0,559.85595703125,13396324
2021-06-09,586.0,588.0,583.0,586.0,557.0044555664062,20023490
2021-06-10,591.0,599.0,587.0,599.0,569.3612060546875,28527745
2021-06-11,602.0,603.0,600.0,602.0,572.2127685546875,24227710
2021-06-15,607.0,609.0,606.0,609.0,578.8663330078125,26012250
2021-06-16,608.0,608.0,605.0,605.0,575.0643310546875,25856919
2021-06-17,601.0,606.0,598.0,606.0,578.4049072265625,22872361
2021-06-18,608.0,608.0,601.0,603.0,575.54150390625,32652017
2021-06-21,590.0,594.0,583.0,583.0,556.4521484375,44279632
2021-06-22,585.0,588.0,578.0,578.0,551.6798095703125,27823974
2021-06-23,583.0,598.0,581.0,595.0,567.90576171875,34392376
2021-06-24,598.0,598.0,588.0,590.0,563.1334838867188,16524230
2021-06-25,598.0,598.0,589.0,591.0,564.0879516601562,18841696
2021-06-28,590.0,590.0,586.0,590.0,563.1334838867188,15028407
2021-06-29,598.0,598.0,591.0,595.0,567.90576171875,28659610
2021-06-30,599.0,599.0,595.0,595.0,567.90576171875,24883853
2021-07-01,596.0,597.0,591.0,593.0,565.996826171875,18250994
2021-07-02,590.0,593.0,587.0,588.0,561.2245483398438,18322419
2021-07-05,588.0,597.0,588.0,591.0,564.0879516601562,28836816
2021-07-06,595.0,596.0,589.0,592.0,565.0423583984375,12997112
2021-07-07,590.0,594.0,588.0,594.0,566.9512939453125,16966158
2021-07-08,595.0,595.0,588.0,588.0,561.2245483398438,21140426
2021-07-09,582.0,585.0,580.0,584.0,557.4066772460938,29029415
2021-07-12,595.0,597.0,590.0,593.0,565.996826171875,31304547
2021-07-13,600.0,608.0,599.0,607.0,579.3593139648438,52540315
2021-07-14,613.0,615.0,608.0,613.0,585.0861206054688,38418875
2021-07-15,613.0,614.0,608.0,614.0,586.0405883789062,22012834
2021-07-16,591.0,595.0,588.0,589.0,562.1790161132812,57970545
2021-07-19,583.0,584.0,578.0,582.0,555.497802734375,40644341
2021-07-20,579.0,584.0,579.0,581.0,554.5433349609375,15354333
2021-07-21,586.0,586.0,580.0,585.0,558.361083984375,25828732
2021-07-22,589.0,594.0,587.0,591.0,564.0879516601562,26058172
2021-07-23,592.0,592.0,583.0,585.0,558.361083984375,15271451
2021-07-26,591.0,591.0,580.0,580.0,553.5888061523438,21619179
2021-07-27,581.0,584.0,580.0,580.0,553.5888061523438,17785992
2021-07-28,576.0,579.0,573.0,579.0,552.6343383789062,36158305
2021-07-29,585.0,585.0,577.0,583.0,556.4521484375,23224896
2021-07-30,581.0,582.0,578.0,580.0,553.5888061523438,18999281
2021-08-02,583.0,590.0,580.0,590.0,563.1334838867188,23482491
2021-08-03,594.0,594.0,590.0,594.0,566.9512939453125,22747702
2021-08-04,598.0,598.0,594.0,596.0,568.8602905273438,20313271
2021-08-05,598.0,598.0,593.0,596.0,568.8602905273438,15116242
2021-08-06,596.0,596.0,588.0,591.0,564.0879516601562,13687213
2021-08-09,590.0,595.0,583.0,595.0,567.90576171875,17390951
2021-08-10,596.0,596.0,589.0,591.0,564.0879516601562,17190865
2021-08-11,590.0,590.0,585.0,590.0,563.1334838867188,19969687
2021-08-12,586.0,588.0,584.0,586.0,559.315673828125,15444622
2021-08-13,585.0,585.0,579.0,581.0,554.5433349609375,22524428
2021-08-16,582.0,586.0,578.0,584.0,557.4066772460938,19315705
2021-08-17,584.0,584.0,584.0,584.0,557.4066772460938,0
2021-08-18,568.0,575.0,566.0,574.0,547.862060546875,43716164
2021-08-19,573.0,573.0,559.0,559.0,533.5451049804688,38868947
2021-08-20,560.0,563.0,551.0,552.0,526.8638305664062,45614061
2021-08-23,560.0,572.0,559.0,566.0,540.2263793945312,33685159
2021-08-24,574.0,575.0,571.0,572.0,545.9531860351562,24844800
2021-08-25,579.0,585.0,574.0,585.0,558.361083984375,27504657
2021-08-26,601.0,603.0,591.0,594.0,566.9512939453125,43822008
2021-08-27,596.0,600.0,593.0,599.0,571.7236938476562,27105651
2021-08-30,602.0,605.0,599.0,605.0,577.4505004882812,36575609
2021-08-31,604.0,614.0,598.0,614.0,586.0405883789062,52721470
2021-09-01,614.0,614.0,608.0,613.0,585.0861206054688,30092045
2021-09-02,613.0,615.0,607.0,607.0,579.3593139648438,24112463
2021-09-03,610.0,620.0,610.0,620.0,591.7674560546875,51562454
2021-09-06,623.0,638.0,621.0,631.0,602.2664184570312,55589014
2021-09-07,634.0,634.0,623.0,623.0,594.630859375,26526056
2021-09-08,622.0,627.0,612.0,619.0,590.81298828125,37817737
2021-09-09,612.0,620.0,610.0,619.0,590.81298828125,18735512
2021-09-10,615.0,623.0,614.0,622.0,593.6763305664062,16304725
2021-09-13,619.0,620.0,613.0,615.0,586.9950561523438,15198774
2021-09-14,618.0,618.0,612.0,613.0,585.0861206054688,14441901
2021-09-15,610.0,613.0,607.0,607.0,579.3593139648438,23433501
2021-09-16,603.0,607.0,599.0,600.0,575.284423828125,22467022
2021-09-17,600.0,610.0,599.0,600.0,575.284423828125,40717715
2021-09-22,586.0,589.0,583.0,586.0,561.8612060546875,40642293
2021-09-23,588.0,593.0,588.0,588.0,563.7787475585938,21696296
2021-09-24,591.0,598.0,590.0,598.0,573.3668212890625,16736973
2021-09-27,600.0,602.0,593.0,602.0,577.2020263671875,19464241
2021-09-28,595.0,596.0,592.0,594.0,569.5315551757812,16707080
2021-09-29,580.0,583.0,577.0,580.0,556.1083374023438,49310524
2021-09-30,580.0,585.0,575.0,580.0,556.1083374023438,30465107
2021-10-01,579.0,579.0,571.0,574.0,550.3554077148438,36704493
2021-10-04,574.0,575.0,569.0,572.0,548.4378662109375,20957803
2021-10-05,562.0,572.0,560.0,572.0,548.4378662109375,33824024
2021-10-06,573.0,574.0,565.0,571.0,547.47900390625,32508846
2021-10-07,575.0,582.0,572.0,580.0,556.1083374023438,27933054
2021-10-08,582.0,583.0,573.0,575.0,551.3142700195312,18279079
2021-10-12,570.0,575.0,564.0,575.0,551.3142700195312,26522907
2021-10-13,572.0,575.0,570.0,571.0,547.47900390625,18914374
2021-10-14,579.0,579.0,573.0,573.0,549.3966064453125,13916927
2021-10-15,592.0,600.0,586.0,600.0,575.284423828125,53150216
2021-10-18,604.0,604.0,590.0,590.0,565.6963500976562,19158568
2021-10-19,598.0,600.0,593.0,600.0,575.284423828125,17386359
2021-10-20,603.0,604.0,597.0,598.0,573.3668212890625,16372520
2021-10-21,602.0,603.0,595.0,596.0,571.4491577148438,16169014
2021-10-22,600.0,602.0,594.0,600.0,575.284423828125,13995403
2021-10-25,597.0,597.0,590.0,593.0,568.57275390625,16785568
2021-10-26,595.0,600.0,593.0,599.0,574.3256225585938,19998808
2021-10-27,598.0,599.0,594.0,599.0,574.3256225585938,14961858
2021-10-28,598.0,598.0,591.0,595.0,570.4903564453125,16570044
2021-10-29,595.0,596.0,589.0,590.0,565.6963500976562,25763960
2021-11-01,591.0,593.0,590.0,590.0,565.6963500976562,16089351
2021-11-02,594.0,597.0,590.0,592.0,567.6139526367188,15192404
2021-11-03,597.0,597.0,592.0,592.0,567.6139526367188,10224009
2021-11-04,592.0,594.0,585.0,587.0,562.8199462890625,17932145
2021-11-05,598.0,600.0,595.0,600.0,575.284423828125,33270827
2021-11-08,600.0,602.0,598.0,602.0,577.2020263671875,19752355
2021-11-09,611.0,617.0,610.0,611.0,585.8313598632812,39538660
2021-11-10,611.0,612.0,608.0,612.0,586.7901611328125,16027674
2021-11-11,600.0,606.0,600.0,606.0,581.0372314453125,18463848
2021-11-12,610.0,611.0,602.0,604.0,579.1196899414062,15821327
2021-11-15,609.0,611.0,607.0,608.0,582.9548950195312,15551452
2021-11-16,612.0,612.0,608.0,610.0,584.87255859375,20917108
2021-11-17,615.0,615.0,608.0,610.0,584.87255859375,19717852
2021-11-18,613.0,614.0,607.0,613.0,587.7489624023438,20030651
2021-11-19,622.0,623.0,617.0,618.0,592.54296875,35554348
2021-11-22,618.0,618.0,615.0,615.0,589.6665649414062,20312168
2021-11-23,615.0,615.0,611.0,612.0,586.7901611328125,19431694
2021-11-24,612.0,612.0,602.0,603.0,578.1607666015625,20391940
2021-11-25,605.0,607.0,601.0,603.0,578.1607666015625,11888265
2021-11-26,598.0,601.0,592.0,596.0,571.4491577148438,26588102
2021-11-29,594.0,598.0,591.0,593.0,568.57275390625,23379558
2021-11-30,597.0,600.0,591.0,596.0,571.4491577148438,62021697
2021-12-01,596.0,603.0,594.0,600.0,575.284423828125,21403404
2021-12-02,605.0,615.0,602.0,615.0,589.6665649414062,45125742
2021-12-03,614.0,614.0,606.0,608.0,582.9548950195312,23045832
2021-12-06,603.0,609.0,600.0,600.0,575.284423828125,23589363
2021-12-07,602.0,607.0,597.0,607.0,581.9960327148438,18606530
2021-12-08,614.0,614.0,602.0,602.0,577.2020263671875,20801543
2021-12-09,606.0,608.0,602.0,608.0,582.9548950195312,11039070
2021-12-10,605.0,608.0,602.0,605.0,580.0784912109375,10497451
2021-12-13,609.0,610.0,601.0,601.0,576.2432250976562,17711657
2021-12-14,598.0,600.0,597.0,599.0,574.3256225585938,22579034
2021-12-15,597.0,601.0,596.0,600.0,575.284423828125,21827730
2021-12-16,605.0,605.0,601.0,605.0,582.7494506835938,21809022
2021-12-17,601.0,607.0,599.0,607.0,584.6758422851562,24105733
2021-12-20,607.0,607.0,598.0,598.0,576.0068969726562,21381070
2021-12-21,597.0,600.0,595.0,597.0,575.0436401367188,17001461
2021-12-22,598.0,601.0,598.0,600.0,577.9332275390625,9831802
2021-12-23,607.0,608.0,602.0,606.0,583.712646484375,16654439
2021-12-24,606.0,609.0,604.0,604.0,581.7861938476562,11059689
2021-12-27,604.0,610.0,604.0,606.0,583.712646484375,16259872
2021-12-28,610.0,615.0,610.0,615.0,592.3816528320312,33892718
2021-12-29,615.0,619.0,614.0,616.0,593.3449096679688,24518766
2021-12-30,619.0,620.0,615.0,615.0,592.3816528320312,19681276
2022-01-03,619.0,632.0,618.0,631.0,607.793212890625,69089158
2022-01-04,645.0,656.0,644.0,656.0,631.8738403320312,79434666
2022-01-05,669.0,669.0,646.0,650.0,626.0944213867188,69593809
2022-01-06,638.0,646.0,636.0,644.0,620.3150634765625,53210211
2022-01-07,643.0,646.0,632.0,634.0,610.6829223632812,38249908
2022-01-10,628.0,645.0,627.0,643.0,619.3519287109375,38289770
2022-01-11,646.0,651.0,639.0,651.0,627.0576782226562,33196585
2022-01-12,657.0,660.0,650.0,660.0,635.7265625,38860063
2022-01-13,658.0,662.0,655.0,661.0,636.6898193359375,38137411
2022-01-14,673.0,673.0,661.0,672.0,647.2853393554688,95200777
2022-01-17,685.0,688.0,678.0,683.0,657.8806762695312,59614236
2022-01-18,678.0,681.0,662.0,662.0,637.6531372070312,43593330
2022-01-19,652.0,660.0,651.0,654.0,629.9473876953125,40381333
2022-01-20,650.0,657.0,646.0,651.0,627.0576782226562,46474584
2022-01-21,644.0,646.0,637.0,641.0,617.425537109375,49577684
2022-01-24,639.0,655.0,637.0,653.0,628.9840698242188,47134502
2022-01-25,643.0,645.0,638.0,641.0,617.425537109375,52318736
2022-01-26,635.0,641.0,635.0,636.0,612.6093139648438,29957189
2022-02-07,644.0,644.0,631.0,635.0,611.6461181640625,56836469
2022-02-08,645.0,645.0,628.0,628.0,604.903564453125,39718217
2022-02-09,635.0,637.0,630.0,633.0,609.7197265625,30048791
2022-02-10,639.0,649.0,637.0,649.0,625.1312255859375,34587133
2022-02-11,646.0,650.0,642.0,650.0,626.0944213867188,26723278
2022-02-14,640.0,641.0,635.0,637.0,613.572509765625,27826382
2022-02-15,633.0,639.0,633.0,633.0,609.7197265625,21970460
2022-02-16,645.0,646.0,640.0,646.0,622.2415161132812,25191741
2022-02-17,644.0,646.0,641.0,645.0,621.2783203125,18135080
2022-02-18,638.0,639.0,636.0,637.0,613.572509765625,20804191
2022-02-21,633.0,636.0,632.0,632.0,608.7564086914062,23797502
2022-02-22,628.0,630.0,625.0,627.0,603.9403076171875,34086593
2022-02-23,624.0,629.0,623.0,625.0,602.0138549804688,31953054
2022-02-24,618.0,619.0,604.0,604.0,581.7861938476562,73663161
2022-02-25,600.0,609.0,600.0,604.0,581.7861938476562,89012516
2022-03-01,599.0,610.0,599.0,604.0,581.7861938476562,66720867
2022-03-02,601.0,605.0,600.0,601.0,578.8965454101562,40693457
2022-03-03,603.0,607.0,601.0,602.0,579.8597412109375,33792420
2022-03-04,595.0,597.0,592.0,595.0,573.1172485351562,55917115
2022-03-07,580.0,581.0,575.0,576.0,554.81591796875,86496560
2022-03-08,561.0,570.0,561.0,563.0,542.2940063476562,79029914
2022-03-09,567.0,573.0,567.0,568.0,547.1102294921875,52155415
2022-03-10,585.0,589.0,582.0,587.0,565.411376953125,45630467
2022-03-11,581.0,582.0,574.0,575.0,553.852783203125,38943098
2022-03-14,574.0,577.0,572.0,572.0,550.963134765625,33919577
2022-03-15,562.0,563.0,558.0,558.0,537.4779663085938,74092231
2022-03-16,564.0,565.0,555.0,558.0,540.1400146484375,43438327
2022-03-17,578.0,583.0,575.0,582.0,563.371826171875,60959900
2022-03-18,582.0,582.0,576.0,581.0,562.40380859375,46242430
2022-03-21,583.0,589.0,583.0,586.0,567.2437133789062,21400273
2022-03-22,577.0,586.0,577.0,583.0,564.3397827148438,20246949
2022-03-23,590.0,590.0,586.0,590.0,571.11572265625,25902069
2022-03-24,587.0,592.0,585.0,591.0,572.083740234375,20060758
2022-03-25,597.0,598.0,595.0,598.0,578.859619140625,26122381
2022-03-28,581.0,586.0,580.0,584.0,565.3076782226562,26391576
2022-03-29,586.0,589.0,584.0,589.0,570.1476440429688,14892032
2022-03-30,599.0,600.0,597.0,600.0,580.7955932617188,41230239
2022-03-31,602.0,602.0,594.0,597.0,577.8916625976562,22700114
2022-04-01,585.0,589.0,584.0,589.0,570.1476440429688,29732696
2022-04-06,578.0,580.0,575.0,578.0,559.4996948242188,37645873
2022-04-07,571.0,573.0,566.0,566.0,547.8839111328125,42904743
2022-04-08,567.0,570.0,566.0,567.0,548.8519287109375,28024587
2022-04-11,563.0,566.0,558.0,558.0,540.1400146484375,36820094
2022-04-12,554.0,564.0,552.0,557.0,539.1720581054688,30671407
2022-04-13,564.0,576.0,563.0,573.0,554.6597900390625,35865970
2022-04-14,577.0,578.0,573.0,573.0,554.6597900390625,19056590
2022-04-15,562.0,566.0,561.0,562.0,544.0119018554688,28253360
2022-04-18,559.0,566.0,558.0,561.0,543.0439453125,15800959
2022-04-19,566.0,569.0,563.0,565.0,546.9159545898438,16614705
2022-04-20,570.0,570.0,562.0,570.0,551.755859375,27606307
2022-04-21,571.0,571.0,565.0,565.0,546.9159545898438,18383650
2022-04-22,558.0,559.0,557.0,558.0,540.1400146484375,29283846
2022-04-25,550.0,552.0,546.0,547.0,529.4920043945312,43389591
2022-04-26,550.0,551.0,544.0,546.0,528.5241088867188,35825421
2022-04-27,530.0,532.0,526.0,526.0,509.16412353515625,55941533
2022-04-28,530.0,532.0,523.0,531.0,514.004150390625,45380836
2022-04-29,547.0,547.0,535.0,538.0,520.7800903320312,36664644
2022-05-03,538.0,540.0,530.0,531.0,514.004150390625,26317509
2022-05-04,533.0,537.0,530.0,534.0,516.9080810546875,16569622
2022-05-05,543.0,544.0,539.0,542.0,524.652099609375,20374772
2022-05-06,528.0,531.0,526.0,528.0,511.1001892089844,32467268
2022-05-09,523.0,524.0,520.0,520.0,503.3562316894531,23709774
2022-05-10,506.0,519.0,505.0,518.0,501.42022705078125,41679907
2022-05-11,518.0,526.0,518.0,521.0,504.32421875,27157254
2022-05-12,516.0,518.0,505.0,505.0,488.8363037109375,32532963
2022-05-13,507.0,514.0,506.0,511.0,494.6442565917969,29074177
2022-05-16,521.0,524.0,518.0,520.0,503.3562316894531,21163106
2022-05-17,521.0,533.0,520.0,530.0,513.0361328125,24496974
2022-05-18,541.0,541.0,534.0,538.0,520.7800903320312,30568176
2022-05-19,523.0,527.0,520.0,522.0,505.2922058105469,29019751
2022-05-20,524.0,532.0,523.0,530.0,513.0361328125,22651205
2022-05-23,533.0,534.0,528.0,528.0,511.1001892089844,17054170
2022-05-24,530.0,531.0,520.0,520.0,503.3562316894531,17802308
2022-05-25,522.0,529.0,520.0,524.0,507.22821044921875,22176476
2022-05-26,523.0,525.0,513.0,514.0,497.54827880859375,28327403
2022-05-27,524.0,530.0,522.0,530.0,513.0361328125,27866643
2022-05-30,538.0,547.0,537.0,547.0,529.4920043945312,34476433
2022-05-31,542.0,560.0,540.0,560.0,542.0759887695312,72405873
2022-06-01,550.0,555.0,548.0,549.0,531.4280395507812,29155176
2022-06-02,544.0,545.0,540.0,540.0,522.716064453125,21420890
2022-06-06,541.0,544.0,538.0,540.0,522.716064453125,17615003
2022-06-07,535.0,538.0,532.0,535.0,517.8761596679688,19497532
2022-06-08,539.0,545.0,538.0,544.0,526.588134765625,18835521
2022-06-09,538.0,542.0,537.0,541.0,523.6840209960938,16338602
2022-06-10,530.0,533.0,529.0,530.0,513.0361328125,21357130
2022-06-13,518.0,519.0,515.0,516.0,499.4842224121094,32854092
2022-06-14,507.0,514.0,507.0,513.0,496.5802307128906,36304444
2022-06-15,508.0,515.0,508.0,509.0,492.7082824707031,35680283
2022-06-16,515.0,516.0,507.0,508.0,494.4114990234375,26909199
2022-06-17,499.5,503.0,499.0,501.0,487.5987548828125,43566737
2022-06-20,500.0,502.0,495.0,498.0,484.6789855957031,34209693
2022-06-21,501.0,505.0,499.0,505.0,491.4917297363281,33223685
2022-06-22,501.0,503.0,494.5,494.5,481.2725830078125,31034893
2022-06-23,492.0,493.5,485.0,485.5,472.5133361816406,43548940
2022-06-24,489.5,492.5,485.5,486.5,473.486572265625,27911980
2022-06-27,496.0,506.0,495.5,498.5,485.16558837890625,37909718
2022-06-28,496.0,500.0,496.0,497.5,484.1923522949219,15274062
2022-06-29,496.0,498.5,491.0,491.0,477.8662109375,30533789
2022-06-30,484.5,486.5,476.0,476.0,463.2674560546875,46311432
2022-07-01,471.5,474.0,452.5,453.5,441.3692932128906,61744377
2022-07-04,443.0,451.5,440.0,440.0,428.23040771484375,52445919
2022-07-05,449.5,451.5,433.0,446.0,434.0699462890625,50084244
2022-07-06,442.0,447.5,435.0,435.5,423.8507995605469,40549763
2022-07-07,442.0,459.0,438.5,457.5,445.26226806640625,48151202
2022-07-08,470.0,470.5,461.5,467.0,454.5082092285156,37897895
2022-07-11,468.0,470.5,461.0,462.0,449.6419677734375,21941710
2022-07-12,458.0,458.0,449.5,449.5,437.476318359375,23036423
2022-07-13,470.5,473.0,466.0,470.5,457.9145812988281,44035695
2022-07-14,466.0,477.5,463.0,475.0,462.294189453125,31936258
2022-07-15,481.0,494.0,477.0,492.5,479.32611083984375,51846909
2022-07-18,495.5,498.5,488.5,495.5,482.2458801269531,39179575
2022-07-19,487.5,493.0,486.5,491.0,477.8662109375,19874865
2022-07-20,502.0,503.0,491.5,495.0,481.7592468261719,35436652
2022-07-21,496.0,501.0,494.0,501.0,487.5987548828125,22285593
2022-07-22,505.0,505.0,500.0,503.0,489.54522705078125,25216400
2022-07-25,500.0,503.0,498.0,499.5,486.13885498046875,15245346
2022-07-26,499.5,499.5,491.0,495.0,481.7592468261719,18024265
2022-07-27,494.0,502.0,491.0,502.0,488.5719909667969,17166365
2022-07-28,509.0,509.0,499.0,501.0,487.5987548828125,33844011
2022-07-29,508.0,510.0,504.0,509.0,495.38470458984375,29045617
2022-08-01,506.0,508.0,500.0,504.0,490.51849365234375,24117969
2022-08-02,494.0,496.0,488.5,492.0,478.8394775390625,39838155
2022-08-03,494.0,501.0,493.0,501.0,487.5987548828125,27603474
2022-08-04,499.0,503.0,495.0,500.0,486.6255187988281,26027618
2022-08-05,509.0,516.0,507.0,516.0,502.1974792480469,32784279
2022-08-08,510.0,515.0,509.0,512.0,498.30450439453125,19333128
2022-08-09,507.0,511.0,504.0,510.0,496.3580017089844,21164373
2022-08-10,500.0,503.0,499.5,500.0,486.6255187988281,20861380
2022-08-11,513.0,514.0,510.0,514.0,500.2509765625,23740033
2022-08-12,515.0,518.0,514.0,517.0,503.1707458496094,19535923
2022-08-15,520.0,524.0,519.0,523.0,509.01025390625,21273166
2022-08-16,526.0,526.0,523.0,525.0,510.95672607421875,20720414
2022-08-17,524.0,527.0,521.0,527.0,512.9033203125,27143102
2022-08-18,520.0,521.0,519.0,520.0,506.0905456542969,17831084
2022-08-19,519.0,523.0,517.0,519.0,505.1172180175781,14022812
2022-08-22,511.0,514.0,510.0,512.0,498.30450439453125,11494000
2022-08-23,503.0,506.0,502.0,504.0,490.51849365234375,19191108
2022-08-24,504.0,508.0,503.0,503.0,489.54522705078125,14363212
2022-08-25,505.0,510.0,504.0,508.0,494.4114990234375,9357138
2022-08-26,513.0,515.0,511.0,512.0,498.30450439453125,12914846
2022-08-29,497.0,502.0,496.0,498.5,485.16558837890625,26590824
2022-08-30,497.5,500.0,496.0,496.0,482.7325134277344,24214535
2022-08-31,492.0,505.0,492.0,505.0,491.4917297363281,39357089
2022-09-01,495.0,495.5,490.0,490.5,477.37957763671875,39168672
2022-09-02,488.0,489.5,485.0,485.0,472.0267333984375,29982959
2022-09-05,485.0,488.0,484.0,486.0,472.9999694824219,15903415
2022-09-06,488.5,491.5,486.5,489.0,475.9197082519531,16700285
2022-09-07,477.0,478.0,472.0,472.5,459.8610534667969,34678562
2022-09-08,473.0,475.0,472.0,475.0,462.294189453125,27931552
2022-09-12,485.0,491.0,485.0,486.5,473.486572265625,21597212
2022-09-13,495.0,495.0,491.0,493.0,479.812744140625,16507036
2022-09-14,478.5,482.5,476.0,480.0,467.1604309082031,22645714
2022-09-15,476.0,480.0,476.0,476.5,466.4263000488281,23104850
2022-09-16,470.5,472.0,469.0,472.0,462.02142333984375,39087513
2022-09-19,472.0,473.0,466.5,467.0,457.1271667480469,17182380
2022-09-20,470.5,478.0,470.0,476.5,466.4263000488281,19842582
2022-09-21,473.5,475.5,468.5,471.0,461.0425720214844,24154633
2022-09-22,462.0,468.0,459.0,464.5,454.67999267578125,29702508
2022-09-23,458.5,460.5,455.0,455.0,445.380859375,29757787
2022-09-26,443.0,454.0,443.0,446.5,437.060546875,32342267
2022-09-27,449.0,451.5,446.0,448.0,438.52880859375,24961404
2022-09-28,447.0,449.0,438.0,438.0,428.740234375,34402652
2022-09-29,443.0,443.5,432.0,435.0,425.80364990234375,41094780
2022-09-30,424.5,427.5,422.0,422.0,413.0784912109375,48266800
2022-10-03,418.5,424.5,416.5,417.0,408.1842041015625,36044395
2022-10-04,429.5,432.0,427.0,429.0,419.9305114746094,40375000
2022-10-05,444.5,451.0,442.0,445.0,435.5922546386719,46496536
2022-10-06,450.5,451.0,447.0,451.0,441.46539306640625,30331834
2022-10-07,448.5,448.5,437.0,438.0,428.740234375,31941781
2022-10-11,408.0,412.5,401.0,401.5,393.0118713378906,95793819
2022-10-12,397.0,400.0,395.5,397.5,389.0964660644531,53570085
2022-10-13,400.5,403.0,395.0,395.0,386.6492919921875,38046284
2022-10-14,414.5,416.0,409.0,412.0,403.2898864746094,54504366
2022-10-17,400.0,403.5,396.0,397.0,388.60699462890625,41512192
2022-10-18,406.5,407.0,399.5,407.0,398.3955993652344,40093216
2022-10-19,404.0,405.0,395.5,395.5,387.13873291015625,46385177
2022-10-20,391.0,397.5,386.0,397.5,389.0964660644531,52938069
2022-10-21,395.5,398.5,389.5,389.5,381.26556396484375,35923505
2022-10-24,395.0,397.5,387.0,387.0,378.8184509277344,46714078
2022-10-25,380.0,382.5,371.0,371.0,363.15667724609375,76416687
2022-10-26,370.5,379.0,370.0,376.0,368.0509948730469,58850484
2022-10-27,384.5,389.0,382.5,385.5,377.35009765625,45684455
2022-10-28,379.5,382.0,375.0,379.5,371.4769592285156,40184472
2022-10-31,386.0,390.0,381.0,390.0,381.7550048828125,38409054
2022-11-01,388.5,393.0,386.0,391.5,383.2232666015625,41426496
2022-11-02,391.0,395.0,388.5,395.0,386.6492919921875,22535650
2022-11-03,385.0,387.0,383.5,384.0,375.8818359375,39731333
2022-11-04,381.0,384.5,378.5,382.0,373.92413330078125,28397417
2022-11-07,390.0,393.0,387.0,390.0,381.7550048828125,35387706
2022-11-08,395.0,399.5,394.0,399.0,390.5647277832031,31838223
2022-11-09,403.5,417.0,403.5,417.0,408.1842041015625,52260831
2022-11-10,409.0,411.5,406.0,407.5,398.8850402832031,32044942
2022-11-11,441.5,442.0,435.0,441.5,432.1662292480469,80016195
2022-11-14,450.0,450.0,441.5,445.0,435.5922546386719,61933190
2022-11-15,465.0,487.0,462.0,480.0,469.8523254394531,113379796
2022-11-16,491.5,494.0,481.5,487.0,476.7043151855469,85726375
2022-11-17,482.5,485.0,475.0,485.0,474.7466125488281,45144984
2022-11-18,491.5,494.0,486.0,487.0,476.7043151855469,35859717
2022-11-21,487.5,489.5,480.5,482.0,471.8100280761719,29710180
2022-11-22,476.0,491.0,476.0,491.0,480.6197509765625,37343127
2022-11-23,494.5,496.0,488.5,492.0,481.5986022949219,33475337
2022-11-24,494.0,496.0,492.0,496.0,485.5140686035156,27396552
2022-11-25,494.0,498.0,494.0,498.0,487.4717712402344,39949969
2022-11-28,486.0,490.0,480.5,480.5,470.34173583984375,38926919
2022-11-29,473.5,488.0,473.0,487.0,476.7043151855469,38182197
2022-11-30,483.0,490.0,482.5,490.0,479.6408996582031,57111603
2022-12-01,506.0,508.0,498.5,498.5,487.961181640625,41746878
2022-12-02,490.0,497.0,490.0,492.5,482.08807373046875,28319679
2022-12-05,491.5,497.5,489.0,489.0,478.66204833984375,28360444
2022-12-06,488.0,489.0,478.0,478.0,467.89459228515625,40561068
2022-12-07,477.0,485.5,475.0,475.0,464.9580078125,36563503
2022-12-08,475.0,475.0,467.0,471.5,461.531982421875,27238567
2022-12-09,478.0,484.5,476.0,481.5,471.3205871582031,25915337
2022-12-12,476.5,478.0,473.5,475.0,464.9580078125,20973334
2022-12-13,473.0,476.0,471.0,471.5,461.531982421875,33272826
2022-12-14,472.0,480.5,472.0,480.5,470.34173583984375,30636639
2022-12-15,476.0,481.5,474.5,480.5,473.0491027832031,24222008
2022-12-16,466.5,471.0,465.5,471.0,463.6964111328125,47601400
2022-12-19,466.5,469.5,465.0,466.5,459.2662048339844,21075559
2022-12-20,465.0,467.0,455.0,457.5,450.40570068359375,31139235
2022-12-21,460.0,463.0,457.0,459.0,451.8824768066406,36182644
2022-12-22,466.5,469.0,464.0,468.0,460.742919921875,14047382
2022-12-23,457.5,458.5,455.0,455.0,447.94451904296875,24927413
2022-12-26,454.0,457.0,453.5,456.5,449.4212341308594,8793306
2022-12-27,458.0,462.5,457.0,457.0,449.91351318359375,10264001
2022-12-28,451.0,452.0,446.0,451.0,444.00653076171875,32578949
2022-12-29,444.0,449.5,442.5,446.0,439.0840759277344,23020759
2022-12-30,455.0,456.5,448.5,448.5,441.5452880859375,21683478
2023-01-03,446.0,453.5,443.0,453.0,445.97552490234375,14885824
2023-01-04,449.5,455.0,448.5,449.5,442.52978515625,19188422
2023-01-05,459.0,459.5,455.0,458.5,451.3902587890625,23549581
2023-01-06,455.0,459.5,455.0,458.5,451.3902587890625,20886011
2023-01-09,468.0,481.0,467.5,481.0,473.54132080078125,46666263
2023-01-10,486.0,487.0,483.0,486.0,478.46380615234375,32646014
2023-01-11,487.0,488.0,482.0,484.5,476.987060546875,21051115
2023-01-12,487.5,488.0,484.0,486.5,478.9560546875,20963689
2023-01-13,507.0,509.0,499.0,500.0,492.2467346191406,77606949
2023-01-16,506.0,508.0,503.0,505.0,497.169189453125,34373918
2023-01-17,504.0,504.0,499.5,503.0,495.2001953125,27770329
2023-01-30,542.0,543.0,534.0,543.0,534.5798950195312,124428936
2023-01-31,537.0,538.0,521.0,522.0,513.9055786132812,72530854
2023-02-01,532.0,533.0,522.0,530.0,521.781494140625,33710990
2023-02-02,538.0,542.0,537.0,540.0,531.62646484375,43077053
2023-02-03,540.0,542.0,536.0,542.0,533.5953979492188,31635865
2023-02-06,532.0,533.0,526.0,526.0,517.8435668945312,30870136
2023-02-07,524.0,528.0,522.0,523.0,514.8900756835938,23481767
2023-02-08,538.0,540.0,534.0,540.0,531.62646484375,35096191
2023-02-09,540.0,540.0,536.0,540.0,531.62646484375,18861972
2023-02-10,544.0,546.0,541.0,545.0,536.5489501953125,28495684
2023-02-13,544.0,544.0,538.0,541.0,532.6109619140625,22768977
2023-02-14,544.0,546.0,543.0,545.0,536.5489501953125,21883297
2023-02-15,526.0,532.0,522.0,525.0,516.8590087890625,61796793
2023-02-16,528.0,531.0,524.0,528.0,519.8125,29975138
2023-02-17,524.0,524.0,516.0,518.0,509.96759033203125,28121975
2023-02-20,514.0,519.0,511.0,517.0,508.9830627441406,20065156
2023-02-21,515.0,517.0,513.0,516.0,507.9986267089844,13504100
2023-02-22,506.0,509.0,505.0,507.0,499.13818359375,24575245
2023-02-23,512.0,521.0,510.0,518.0,509.96759033203125,25376835
2023-02-24,524.0,525.0,511.0,511.0,503.0761413574219,41692491
2023-03-01,504.0,522.0,504.0,522.0,513.9055786132812,39560848
2023-03-02,519.0,520.0,515.0,519.0,510.9520568847656,16558784
2023-03-03,524.0,525.0,516.0,516.0,507.9986267089844,23253895
2023-03-06,520.0,524.0,517.0,521.0,512.9210815429688,21922085
2023-03-07,521.0,526.0,519.0,524.0,515.8745727539062,24861078
2023-03-08,521.0,523.0,518.0,521.0,512.9210815429688,24512408
2023-03-09,525.0,526.0,522.0,522.0,513.9055786132812,21557577
2023-03-10,515.0,516.0,511.0,513.0,505.0451354980469,24045605
2023-03-13,513.0,518.0,509.0,516.0,507.9986267089844,21466947
2023-03-14,511.0,514.0,510.0,510.0,502.09161376953125,20474770
2023-03-15,515.0,516.0,510.0,511.0,503.0761413574219,23208597
2023-03-16,505.0,510.0,504.0,505.0,499.8590393066406,21965994
2023-03-17,516.0,518.0,513.0,518.0,512.7266845703125,33118483
2023-03-20,517.0,518.0,510.0,512.0,506.78778076171875,11837312
2023-03-21,515.0,517.0,512.0,517.0,511.7368469238281,18284799
2023-03-22,524.0,533.0,524.0,533.0,527.573974609375,42385987
2023-03-23,528.0,539.0,528.0,538.0,532.5231323242188,26728246
2023-03-24,536.0,539.0,535.0,539.0,533.5128784179688,21926240
2023-03-27,533.0,536.0,531.0,531.0,525.5943603515625,16111177
2023-03-28,525.0,530.0,524.0,525.0,519.6553955078125,17234120
2023-03-29,533.0,533.0,525.0,530.0,524.6044921875,17280749
2023-03-30,536.0,537.0,531.0,535.0,529.5536499023438,19201564
2023-03-31,538.0,538.0,532.0,533.0,527.573974609375,23558838
2023-04-06,530.0,531.0,526.0,530.0,524.6044921875,25423363
2023-04-07,535.0,535.0,529.0,531.0,525.5943603515625,8557482
2023-04-10,533.0,533.0,528.0,529.0,523.6146850585938,7435151
2023-04-11,522.0,527.0,522.0,524.0,518.6656494140625,22675697
2023-04-12,523.0,524.0,517.0,520.0,514.706298828125,23816473
2023-04-13,515.0,517.0,510.0,510.0,504.80810546875,25536889
2023-04-14,516.0,520.0,513.0,516.0,510.7470703125,18072504
2023-04-17,519.0,520.0,514.0,520.0,514.706298828125,14634287
2023-04-18,518.0,520.0,514.0,515.0,509.7572326660156,15168888
2023-04-19,517.0,518.0,509.0,510.0,504.80810546875,21123233
2023-04-20,512.0,516.0,510.0,513.0,507.777587890625,17221961
2023-04-21,520.0,520.0,510.0,511.0,505.7979431152344,25016683
2023-04-24,505.0,510.0,504.0,507.0,501.83868408203125,16886512
2023-04-25,504.0,505.0,498.0,498.0,492.9302978515625,36898412
2023-04-26,498.0,498.5,491.0,491.5,486.4964599609375,31269245
2023-04-27,491.0,495.0,489.0,493.5,488.4761047363281,29537148
2023-04-28,498.5,502.0,498.0,502.0,496.8895568847656,24824100
2023-05-02,500.0,502.0,496.5,501.0,495.8997497558594,15325791
2023-05-03,496.0,498.0,495.0,496.0,490.9506530761719,11369311
2023-05-04,497.0,499.5,496.0,498.0,492.9302978515625,13140291
2023-05-05,500.0,502.0,498.5,500.0,494.9099426269531,7488897
2023-05-08,509.0,509.0,502.0,504.0,498.86920166015625,11243634
2023-05-09,507.0,510.0,505.0,510.0,504.80810546875,16197743
2023-05-10,508.0,508.0,500.0,503.0,497.87939453125,18859212
2023-05-11,506.0,506.0,498.5,499.0,493.92010498046875,13382927
2023-05-12,496.0,500.0,495.0,496.0,490.9506530761719,18465362
2023-05-15,497.0,499.5,494.5,495.5,490.45574951171875,13315766
2023-05-16,503.0,508.0,500.0,505.0,499.8590393066406,21140315
2023-05-17,508.0,521.0,506.0,519.0,513.7164916992188,41406763
2023-05-18,533.0,536.0,526.0,530.0,524.6044921875,43096277
2023-05-19,535.0,535.0,529.0,532.0,526.5841674804688,32099068
2023-05-22,532.0,533.0,529.0,531.0,525.5943603515625,17208135
2023-05-23,530.0,531.0,525.0,530.0,524.6044921875,19588873
2023-05-24,527.0,528.0,524.0,525.0,519.6553955078125,19086681
2023-05-25,542.0,545.0,537.0,543.0,537.47216796875,63827245
2023-05-26,568.0,568.0,563.0,566.0,560.238037109375,95808471
2023-05-29,574.0,574.0,564.0,568.0,562.2177124023438,54657853
2023-05-30,566.0,568.0,563.0,566.0,560.238037109375,40136130
2023-05-31,560.0,562.0,551.0,558.0,552.3194580078125,81176782
2023-06-01,550.0,554.0,550.0,551.0,545.3907470703125,24477529
2023-06-02,559.0,564.0,557.0,562.0,556.2787475585938,30206141
2023-06-05,560.0,560.0,555.0,555.0,549.3499755859375,16827391
2023-06-06,554.0,562.0,553.0,560.0,554.2991333007812,20228086
2023-06-07,561.0,568.0,560.0,568.0,562.2177124023438,27604813
2023-06-08,562.0,568.0,555.0,559.0,553.309326171875,23080195
2023-06-09,561.0,566.0,561.0,565.0,559.2482299804688,19091713
2023-06-12,574.0,574.0,571.0,574.0,568.1566162109375,26392389
2023-06-13,593.0,594.0,589.0,593.0,586.9631958007812,56174363
2023-06-14,590.0,591.0,587.0,590.0,583.9937133789062,23583314
2023-06-15,590.0,593.0,587.0,591.0,587.7227783203125,27392154
2023-06-16,590.0,590.0,584.0,589.0,585.7338256835938,38128802
2023-06-19,583.0,585.0,582.0,583.0,579.76708984375,14346885
2023-06-20,579.0,585.0,579.0,583.0,579.76708984375,16221413
2023-06-21,582.0,585.0,578.0,581.0,577.7781982421875,21703937
2023-06-26,576.0,578.0,574.0,574.0,570.8170166015625,27142262
2023-06-27,570.0,575.0,569.0,572.0,568.828125,21501718
2023-06-28,579.0,579.0,571.0,574.0,570.8170166015625,18175426
2023-06-29,578.0,580.0,570.0,573.0,569.8225708007812,16937929
2023-06-30,570.0,576.0,568.0,576.0,572.805908203125,22654976
2023-07-03,578.0,580.0,576.0,579.0,575.789306640625,14785585
2023-07-04,585.0,585.0,580.0,585.0,581.7560424804688,17219541
2023-07-05,589.0,589.0,579.0,582.0,578.7726440429688,14913592
2023-07-06,573.0,574.0,565.0,565.0,561.866943359375,28564891
2023-07-07,565.0,572.0,563.0,565.0,561.866943359375,18796190
2023-07-10,567.0,573.0,565.0,565.0,561.866943359375,18454982
2023-07-11,574.0,577.0,570.0,577.0,573.8004150390625,17850636
2023-07-12,574.0,578.0,572.0,578.0,574.7948608398438,15588228
2023-07-13,587.0,590.0,585.0,585.0,581.7560424804688,25442137
2023-07-14,589.0,591.0,587.0,591.0,587.7227783203125,23121873
2023-07-17,588.0,591.0,587.0,591.0,587.7227783203125,13807834
2023-07-18,587.0,588.0,580.0,581.0,577.7781982421875,20932006
2023-07-19,584.0,587.0,579.0,581.0,577.7781982421875,22499123
2023-07-20,580.0,584.0,578.0,579.0,575.789306640625,15108109
2023-07-21,560.0,563.0,557.0,560.0,556.8946533203125,46711021
2023-07-24,557.0,563.0,557.0,558.0,554.90576171875,25268835
2023-07-25,561.0,569.0,561.0,569.0,565.8447265625,19590349
2023-07-26,569.0,571.0,563.0,566.0,562.8613891601562,13314305
2023-07-27,570.0,570.0,566.0,569.0,565.8447265625,12200358
2023-07-28,569.0,573.0,565.0,567.0,563.8558349609375,18540078
2023-07-31,575.0,575.0,560.0,565.0,561.866943359375,24208467
2023-08-01,565.0,568.0,564.0,567.0,563.8558349609375,16259643
2023-08-02,567.0,569.0,558.0,561.0,557.8890991210938,25583234
2023-08-04,556.0,560.0,552.0,554.0,550.9279174804688,26279173
2023-08-07,558.0,561.0,556.0,558.0,554.90576171875,14369551
2023-08-08,558.0,558.0,551.0,552.0,548.9390258789062,19010690
2023-08-09,550.0,557.0,550.0,554.0,550.9279174804688,14389090
2023-08-10,552.0,554.0,550.0,551.0,547.944580078125,17892615
2023-08-11,556.0,558.0,546.0,546.0,542.9722900390625,17608427
2023-08-14,540.0,543.0,537.0,541.0,538.0,20939030
2023-08-15,543.0,545.0,540.0,542.0,538.9944458007812,14066307
2023-08-16,541.0,543.0,536.0,542.0,538.9944458007812,28269840
2023-08-17,540.0,546.0,537.0,544.0,540.9833984375,22843138
2023-08-18,540.0,544.0,539.0,539.0,536.0111083984375,17592345
2023-08-21,544.0,544.0,534.0,537.0,534.022216796875,16633821
2023-08-22,544.0,544.0,538.0,541.0,538.0,14594304
2023-08-23,546.0,552.0,544.0,552.0,548.9390258789062,20636332
2023-08-24,563.0,564.0,558.0,564.0,560.8724975585938,23280827
2023-08-25,549.0,551.0,546.0,546.0,542.9722900390625,24144537
2023-08-28,547.0,553.0,547.0,549.0,545.9556274414062,8991985
2023-08-29,551.0,553.0,546.0,552.0,548.9390258789062,10516678
2023-08-30,558.0,560.0,554.0,555.0,551.92236328125,15117416
2023-08-31,553.0,556.0,548.0,549.0,545.9556274414062,40431378
2023-09-01,543.0,553.0,543.0,548.0,544.961181640625,13669766
2023-09-04,549.0,557.0,549.0,557.0,553.9113159179688,9531157
2023-09-05,553.0,555.0,550.0,552.0,548.9390258789062,12220686
2023-09-06,556.0,556.0,550.0,550.0,546.9501342773438,14067008
2023-09-07,546.0,548.0,542.0,542.0,538.9944458007812,20717005
2023-09-08,535.0,540.0,535.0,539.0,536.0111083984375,15283568
2023-09-11,539.0,540.0,536.0,536.0,533.0277709960938,14631968
2023-09-12,536.0,545.0,536.0,544.0,540.9833984375,16028336
2023-09-13,545.0,548.0,541.0,541.0,538.0,16191392
2023-09-14,544.0,550.0,543.0,550.0,550.0,17144287
2023-09-15,549.0,558.0,547.0,558.0,558.0,42517441
2023-09-18,548.0,549.0,540.0,540.0,540.0,36684692
2023-09-19,539.0,543.0,538.0,538.0,538.0,18901683
2023-09-20,536.0,538.0,535.0,535.0,535.0,24635567
2023-09-21,530.0,531.0,526.0,527.0,527.0,32012694
2023-09-22,523.0,525.0,522.0,522.0,522.0,29049309
2023-09-25,522.0,529.0,522.0,525.0,525.0,17116402
2023-09-26,521.0,524.0,519.0,519.0,519.0,26392692
2023-09-27,517.0,523.0,516.0,522.0,522.0,16846401
2023-09-28,523.0,525.0,520.0,523.0,523.0,19733331
2023-10-02,530.0,534.0,528.0,533.0,533.0,25427911
2023-10-03,528.0,533.0,528.0,529.0,529.0,14490129
2023-10-04,521.0,523.0,519.0,520.0,520.0,28358964
2023-10-05,523.0,529.0,523.0,528.0,528.0,24945684
2023-10-06,530.0,533.0,529.0,532.0,532.0,15336587
2023-10-11,542.0,544.0,540.0,544.0,544.0,46639969
2023-10-12,545.0,550.0,544.0,550.0,550.0,34161176
2023-10-13,550.0,554.0,548.0,553.0,553.0,31123496
2023-10-16,546.0,547.0,542.0,545.0,545.0,19875676
2023-10-17,550.0,552.0,548.0,551.0,551.0,18364998
2023-10-18,549.0,549.0,540.0,540.0,540.0,26418940
2023-10-19,540.0,548.0,540.0,546.0,546.0,22881262
2023-10-20,549.0,556.0,546.0,556.0,556.0,45984177
2023-10-23,552.0,553.0,543.0,544.0,544.0,22747367
2023-10-24,543.0,546.0,540.0,544.0,544.0,15007814
2023-10-25,544.0,551.0,544.0,544.0,544.0,16526355
2023-10-26,530.0,535.0,530.0,531.0,531.0,28188348
2023-10-27,534.0,536.0,532.0,533.0,533.0,15679643
2023-10-30,531.0,534.0,528.0,532.0,532.0,21404842
2023-10-31,535.0,535.0,527.0,529.0,529.0,25667058
2023-11-01,533.0,533.0,527.0,528.0,528.0,13871534
